round_num,grand_prix,constructor,driver,lap,position,tyre_compound,tyre_life,sector_1_time,sector_2_time,sector_3_time,lap_time
1,Australian Grand Prix,McLaren,NOR,1,6,MEDIUM,1,,18.163,38.796,96.458
1,Australian Grand Prix,McLaren,NOR,2,6,MEDIUM,2,31.074,18.116,38.154,87.344
1,Australian Grand Prix,McLaren,NOR,3,7,MEDIUM,3,30.541,18.252,38.07,86.863
1,Australian Grand Prix,McLaren,NOR,4,7,MEDIUM,4,30.19,18.193,37.474,85.857
1,Australian Grand Prix,McLaren,NOR,5,7,MEDIUM,5,29.93,17.868,37.775,85.573
1,Australian Grand Prix,McLaren,NOR,6,7,MEDIUM,6,30.025,17.829,37.182,85.036
1,Australian Grand Prix,McLaren,NOR,7,7,MEDIUM,7,30.067,17.764,37.147,84.978
1,Australian Grand Prix,McLaren,NOR,8,7,MEDIUM,8,30.191,17.97,37.138,85.299
1,Australian Grand Prix,McLaren,NOR,9,7,MEDIUM,9,30.135,17.77,37.734,85.639
1,Australian Grand Prix,McLaren,NOR,10,7,MEDIUM,10,30.117,17.924,37.254,85.295
1,Australian Grand Prix,McLaren,NOR,11,9,MEDIUM,11,30.117,17.987,55.287,103.391
1,Australian Grand Prix,McLaren,NOR,12,9,HARD,1,44.892,27.737,45.446,118.075
1,Australian Grand Prix,McLaren,NOR,13,9,HARD,2,41.529,27.589,42.814,111.932
1,Australian Grand Prix,McLaren,NOR,14,9,HARD,3,29.882,17.87,36.481,84.233
1,Australian Grand Prix,McLaren,NOR,15,9,HARD,4,29.402,17.899,36.483,83.784
1,Australian Grand Prix,McLaren,NOR,16,9,HARD,5,29.524,17.919,36.469,83.912
1,Australian Grand Prix,McLaren,NOR,17,9,HARD,6,29.442,18.015,36.596,84.053
1,Australian Grand Prix,McLaren,NOR,18,5,HARD,7,29.758,17.788,47.858,95.404
1,Australian Grand Prix,McLaren,NOR,19,5,HARD,8,42.456,22.738,50.876,116.07
1,Australian Grand Prix,McLaren,NOR,20,5,HARD,9,30.612,18.63,36.532,85.774
1,Australian Grand Prix,McLaren,NOR,21,5,HARD,10,29.499,18.129,36.344,83.972
1,Australian Grand Prix,McLaren,NOR,22,5,HARD,11,29.317,17.999,36.371,83.687
1,Australian Grand Prix,McLaren,NOR,23,5,HARD,12,29.254,17.992,36.288,83.534
1,Australian Grand Prix,McLaren,NOR,24,5,HARD,13,29.302,17.929,36.163,83.394
1,Australian Grand Prix,McLaren,NOR,25,5,HARD,14,29.373,17.925,36.202,83.5
1,Australian Grand Prix,McLaren,NOR,26,5,HARD,15,29.35,17.894,36.159,83.403
1,Australian Grand Prix,McLaren,NOR,27,5,HARD,16,29.426,18.011,36.459,83.896
1,Australian Grand Prix,McLaren,NOR,28,5,HARD,17,29.538,17.988,36.514,84.04
1,Australian Grand Prix,McLaren,NOR,29,5,HARD,18,29.692,17.992,36.396,84.08
1,Australian Grand Prix,McLaren,NOR,30,5,HARD,19,29.515,17.966,36.48,83.961
1,Australian Grand Prix,McLaren,NOR,31,5,HARD,20,29.604,17.958,36.532,84.094
1,Australian Grand Prix,McLaren,NOR,32,5,HARD,21,29.481,17.98,36.614,84.075
1,Australian Grand Prix,McLaren,NOR,33,5,HARD,22,30.039,18.027,36.724,84.79
1,Australian Grand Prix,McLaren,NOR,34,6,HARD,23,39.736,22.345,50.651,112.732
1,Australian Grand Prix,McLaren,NOR,35,8,MEDIUM,1,34.977,17.783,36.674,89.434
1,Australian Grand Prix,McLaren,NOR,36,8,MEDIUM,2,29.282,17.819,36.223,83.324
1,Australian Grand Prix,McLaren,NOR,37,8,MEDIUM,3,29.399,17.652,36.397,83.448
1,Australian Grand Prix,McLaren,NOR,38,7,MEDIUM,4,29.202,17.867,36.354,83.423
1,Australian Grand Prix,McLaren,NOR,39,6,MEDIUM,5,29.482,18.144,36.375,84.001
1,Australian Grand Prix,McLaren,NOR,40,6,MEDIUM,6,29.188,17.861,36.348,83.397
1,Australian Grand Prix,McLaren,NOR,41,6,MEDIUM,7,29.481,18.0,36.281,83.762
1,Australian Grand Prix,McLaren,NOR,42,5,MEDIUM,8,29.334,17.955,36.058,83.347
1,Australian Grand Prix,McLaren,NOR,43,5,MEDIUM,9,29.377,17.865,36.044,83.286
1,Australian Grand Prix,McLaren,NOR,44,5,MEDIUM,10,29.308,17.809,36.075,83.192
1,Australian Grand Prix,McLaren,NOR,45,5,MEDIUM,11,29.236,17.8,35.85,82.886
1,Australian Grand Prix,McLaren,NOR,46,5,MEDIUM,12,29.05,17.644,36.214,82.908
1,Australian Grand Prix,McLaren,NOR,47,5,MEDIUM,13,29.083,17.798,35.897,82.778
1,Australian Grand Prix,McLaren,NOR,48,5,MEDIUM,14,29.106,17.743,36.104,82.953
1,Australian Grand Prix,McLaren,NOR,49,5,MEDIUM,15,29.043,17.88,35.881,82.804
1,Australian Grand Prix,McLaren,NOR,50,5,MEDIUM,16,29.057,17.845,35.861,82.763
1,Australian Grand Prix,McLaren,NOR,51,5,MEDIUM,17,29.032,17.854,35.712,82.598
1,Australian Grand Prix,McLaren,NOR,52,5,MEDIUM,18,29.077,17.781,35.926,82.784
1,Australian Grand Prix,McLaren,NOR,53,5,MEDIUM,19,28.979,17.78,35.599,82.358
1,Australian Grand Prix,McLaren,NOR,54,5,MEDIUM,20,29.006,17.779,36.011,82.796
1,Australian Grand Prix,McLaren,NOR,55,5,MEDIUM,21,29.076,17.822,35.969,82.867
1,Australian Grand Prix,McLaren,NOR,56,5,MEDIUM,22,29.096,17.831,35.916,82.843
1,Australian Grand Prix,McLaren,NOR,57,5,MEDIUM,23,29.563,17.762,36.091,83.416
1,Australian Grand Prix,McLaren,NOR,58,5,MEDIUM,24,29.171,17.845,36.03,83.046
1,Australian Grand Prix,Alpine,GAS,1,9,MEDIUM,1,,18.682,38.91,97.98
1,Australian Grand Prix,Alpine,GAS,2,9,MEDIUM,2,31.136,17.996,38.149,87.281
1,Australian Grand Prix,Alpine,GAS,3,9,MEDIUM,3,30.613,17.818,37.94,86.371
1,Australian Grand Prix,Alpine,GAS,4,9,MEDIUM,4,30.427,17.771,37.696,85.894
1,Australian Grand Prix,Alpine,GAS,5,9,MEDIUM,5,30.983,17.647,38.41,87.04
1,Australian Grand Prix,Alpine,GAS,6,9,MEDIUM,6,30.696,17.8,37.493,85.989
1,Australian Grand Prix,Alpine,GAS,7,9,MEDIUM,7,29.873,17.815,37.391,85.079
1,Australian Grand Prix,Alpine,GAS,8,9,MEDIUM,8,29.969,17.697,37.298,84.964
1,Australian Grand Prix,Alpine,GAS,9,9,MEDIUM,9,30.052,17.651,37.738,85.441
1,Australian Grand Prix,Alpine,GAS,10,10,MEDIUM,10,30.475,17.8,38.394,86.669
1,Australian Grand Prix,Alpine,GAS,11,12,MEDIUM,11,30.082,17.797,56.942,104.821
1,Australian Grand Prix,Alpine,GAS,12,11,HARD,1,42.291,29.532,46.249,118.072
1,Australian Grand Prix,Alpine,GAS,13,11,HARD,2,40.653,30.489,40.492,111.634
1,Australian Grand Prix,Alpine,GAS,14,11,HARD,3,30.752,17.982,37.014,85.748
1,Australian Grand Prix,Alpine,GAS,15,11,HARD,4,29.928,17.954,36.941,84.823
1,Australian Grand Prix,Alpine,GAS,16,11,HARD,5,29.817,17.81,37.063,84.69
1,Australian Grand Prix,Alpine,GAS,17,11,HARD,6,29.868,17.693,37.642,85.203
1,Australian Grand Prix,Alpine,GAS,18,11,HARD,7,30.704,25.668,44.853,101.225
1,Australian Grand Prix,Alpine,GAS,19,10,HARD,8,41.395,25.752,45.803,112.95
1,Australian Grand Prix,Alpine,GAS,20,11,HARD,9,31.057,17.719,37.802,86.578
1,Australian Grand Prix,Alpine,GAS,21,10,HARD,10,30.591,17.995,37.092,85.678
1,Australian Grand Prix,Alpine,GAS,22,10,HARD,11,29.74,17.913,36.933,84.586
1,Australian Grand Prix,Alpine,GAS,23,10,HARD,12,29.633,17.823,37.043,84.499
1,Australian Grand Prix,Alpine,GAS,24,10,HARD,13,30.053,17.852,36.947,84.852
1,Australian Grand Prix,Alpine,GAS,25,10,HARD,14,29.816,17.886,36.838,84.54
1,Australian Grand Prix,Alpine,GAS,26,10,HARD,15,29.94,17.957,36.874,84.771
1,Australian Grand Prix,Alpine,GAS,27,10,HARD,16,29.68,17.895,37.086,84.661
1,Australian Grand Prix,Alpine,GAS,28,10,HARD,17,29.776,17.975,37.044,84.795
1,Australian Grand Prix,Alpine,GAS,29,10,HARD,18,29.838,18.01,37.248,85.096
1,Australian Grand Prix,Alpine,GAS,30,10,HARD,19,30.259,17.917,37.066,85.242
1,Australian Grand Prix,Alpine,GAS,31,10,HARD,20,30.213,17.873,37.185,85.271
1,Australian Grand Prix,Alpine,GAS,32,10,HARD,21,30.2,17.946,37.056,85.202
1,Australian Grand Prix,Alpine,GAS,33,9,HARD,22,30.216,18.086,43.974,92.276
1,Australian Grand Prix,Alpine,GAS,34,9,HARD,23,35.755,18.14,37.349,91.244
1,Australian Grand Prix,Alpine,GAS,35,9,HARD,24,30.064,17.915,37.05,85.029
1,Australian Grand Prix,Alpine,GAS,36,9,HARD,25,29.89,17.876,37.411,85.177
1,Australian Grand Prix,Alpine,GAS,37,10,HARD,26,30.147,18.019,38.167,86.333
1,Australian Grand Prix,Alpine,GAS,38,9,HARD,27,30.547,17.76,37.787,86.094
1,Australian Grand Prix,Alpine,GAS,39,9,HARD,28,30.113,17.989,37.163,85.265
1,Australian Grand Prix,Alpine,GAS,40,10,HARD,29,30.738,17.773,37.621,86.132
1,Australian Grand Prix,Alpine,GAS,41,10,HARD,30,30.039,17.873,37.407,85.319
1,Australian Grand Prix,Alpine,GAS,42,10,HARD,31,29.776,17.899,37.204,84.879
1,Australian Grand Prix,Alpine,GAS,43,10,HARD,32,30.015,17.902,37.06,84.977
1,Australian Grand Prix,Alpine,GAS,44,10,HARD,33,29.992,17.897,37.139,85.028
1,Australian Grand Prix,Alpine,GAS,45,10,HARD,34,30.63,18.626,37.919,87.175
1,Australian Grand Prix,Alpine,GAS,46,10,HARD,35,30.097,17.911,37.345,85.353
1,Australian Grand Prix,Alpine,GAS,47,10,HARD,36,29.971,18.379,38.147,86.497
1,Australian Grand Prix,Alpine,GAS,48,10,HARD,37,29.911,17.794,37.277,84.982
1,Australian Grand Prix,Alpine,GAS,49,10,HARD,38,30.1,17.949,37.232,85.281
1,Australian Grand Prix,Alpine,GAS,50,10,HARD,39,30.004,17.925,36.998,84.927
1,Australian Grand Prix,Alpine,GAS,51,10,HARD,40,30.17,18.244,38.046,86.46
1,Australian Grand Prix,Alpine,GAS,52,10,HARD,41,31.448,17.854,37.225,86.527
1,Australian Grand Prix,Alpine,GAS,53,10,HARD,42,29.893,17.911,36.986,84.79
1,Australian Grand Prix,Alpine,GAS,54,10,HARD,43,29.789,17.954,36.777,84.52
1,Australian Grand Prix,Alpine,GAS,55,10,HARD,44,29.659,17.851,37.085,84.595
1,Australian Grand Prix,Alpine,GAS,56,10,HARD,45,29.844,17.894,36.748,84.486
1,Australian Grand Prix,Alpine,GAS,57,10,HARD,46,29.814,17.848,37.175,84.837
1,Australian Grand Prix,Cadillac,PER,1,19,MEDIUM,1,,19.226,40.448,102.557
1,Australian Grand Prix,Cadillac,PER,2,19,MEDIUM,2,31.753,18.188,38.822,88.763
1,Australian Grand Prix,Cadillac,PER,3,18,MEDIUM,3,31.672,18.037,38.385,88.094
1,Australian Grand Prix,Cadillac,PER,4,18,MEDIUM,4,30.827,18.195,38.2,87.222
1,Australian Grand Prix,Cadillac,PER,5,18,MEDIUM,5,31.295,18.506,38.224,88.025
1,Australian Grand Prix,Cadillac,PER,6,18,MEDIUM,6,31.178,18.288,38.129,87.595
1,Australian Grand Prix,Cadillac,PER,7,18,MEDIUM,7,31.003,18.3,38.322,87.625
1,Australian Grand Prix,Cadillac,PER,8,18,MEDIUM,8,30.946,18.193,38.045,87.184
1,Australian Grand Prix,Cadillac,PER,9,17,MEDIUM,9,30.807,18.233,38.01,87.05
1,Australian Grand Prix,Cadillac,PER,10,17,MEDIUM,10,30.981,18.397,38.217,87.595
1,Australian Grand Prix,Cadillac,PER,11,14,MEDIUM,11,31.102,18.422,48.351,97.875
1,Australian Grand Prix,Cadillac,PER,12,14,MEDIUM,12,43.311,24.555,48.671,116.537
1,Australian Grand Prix,Cadillac,PER,13,14,MEDIUM,13,41.541,26.385,42.075,110.001
1,Australian Grand Prix,Cadillac,PER,14,14,MEDIUM,14,30.356,18.641,38.087,87.084
1,Australian Grand Prix,Cadillac,PER,15,14,MEDIUM,15,30.957,18.323,38.857,88.137
1,Australian Grand Prix,Cadillac,PER,16,15,MEDIUM,16,31.938,19.006,40.333,91.277
1,Australian Grand Prix,Cadillac,PER,17,15,MEDIUM,17,31.493,18.417,38.705,88.615
1,Australian Grand Prix,Cadillac,PER,18,16,MEDIUM,18,35.121,24.446,66.517,126.084
1,Australian Grand Prix,Cadillac,PER,19,16,HARD,1,45.6,19.548,38.211,103.359
1,Australian Grand Prix,Cadillac,PER,20,16,HARD,2,30.352,18.323,37.815,86.49
1,Australian Grand Prix,Cadillac,PER,21,16,HARD,3,30.52,18.341,38.401,87.262
1,Australian Grand Prix,Cadillac,PER,22,16,HARD,4,32.306,18.051,38.726,89.083
1,Australian Grand Prix,Cadillac,PER,23,16,HARD,5,31.521,18.152,37.784,87.457
1,Australian Grand Prix,Cadillac,PER,24,16,HARD,6,30.505,18.594,40.185,89.284
1,Australian Grand Prix,Cadillac,PER,25,16,HARD,7,30.785,18.117,38.191,87.093
1,Australian Grand Prix,Cadillac,PER,26,16,HARD,8,32.306,18.158,38.124,88.588
1,Australian Grand Prix,Cadillac,PER,27,16,HARD,9,30.457,18.511,39.384,88.352
1,Australian Grand Prix,Cadillac,PER,28,16,HARD,10,31.333,18.077,39.839,89.249
1,Australian Grand Prix,Cadillac,PER,29,16,HARD,11,30.669,18.062,38.203,86.934
1,Australian Grand Prix,Cadillac,PER,30,16,HARD,12,30.911,18.227,38.281,87.419
1,Australian Grand Prix,Cadillac,PER,31,16,HARD,13,30.889,18.328,41.289,90.506
1,Australian Grand Prix,Cadillac,PER,32,16,HARD,14,31.025,19.385,44.562,94.972
1,Australian Grand Prix,Cadillac,PER,33,16,HARD,15,37.144,18.329,38.005,93.478
1,Australian Grand Prix,Cadillac,PER,34,16,HARD,16,30.958,18.172,38.021,87.151
1,Australian Grand Prix,Cadillac,PER,35,16,HARD,17,30.561,18.262,40.403,89.226
1,Australian Grand Prix,Cadillac,PER,36,16,HARD,18,30.652,18.755,39.484,88.891
1,Australian Grand Prix,Cadillac,PER,37,16,HARD,19,30.894,18.169,38.018,87.081
1,Australian Grand Prix,Cadillac,PER,38,16,HARD,20,30.567,18.38,37.983,86.93
1,Australian Grand Prix,Cadillac,PER,39,16,HARD,21,30.501,18.506,38.092,87.099
1,Australian Grand Prix,Cadillac,PER,40,16,HARD,22,32.609,18.222,38.367,89.198
1,Australian Grand Prix,Cadillac,PER,41,16,HARD,23,32.506,18.387,38.326,89.219
1,Australian Grand Prix,Cadillac,PER,42,16,HARD,24,30.996,18.189,38.771,87.956
1,Australian Grand Prix,Cadillac,PER,43,16,HARD,25,31.257,18.463,55.329,105.049
1,Australian Grand Prix,Cadillac,PER,44,16,SOFT,1,37.21,18.286,37.926,93.422
1,Australian Grand Prix,Cadillac,PER,45,16,SOFT,2,29.952,18.089,38.273,86.314
1,Australian Grand Prix,Cadillac,PER,46,16,SOFT,3,30.005,18.092,39.998,88.095
1,Australian Grand Prix,Cadillac,PER,47,16,SOFT,4,30.284,18.074,37.712,86.07
1,Australian Grand Prix,Cadillac,PER,48,16,SOFT,5,30.4,18.042,37.709,86.151
1,Australian Grand Prix,Cadillac,PER,49,16,SOFT,6,30.263,18.141,37.806,86.21
1,Australian Grand Prix,Cadillac,PER,50,16,SOFT,7,30.231,18.02,37.834,86.085
1,Australian Grand Prix,Cadillac,PER,51,16,SOFT,8,30.231,18.073,37.896,86.2
1,Australian Grand Prix,Cadillac,PER,52,16,SOFT,9,30.033,18.306,38.073,86.412
1,Australian Grand Prix,Cadillac,PER,53,16,SOFT,10,30.276,18.011,37.843,86.13
1,Australian Grand Prix,Cadillac,PER,54,16,SOFT,11,30.045,18.141,41.773,89.959
1,Australian Grand Prix,Cadillac,PER,55,16,SOFT,12,32.857,18.015,38.085,88.957
1,Australian Grand Prix,Mercedes,ANT,1,7,MEDIUM,1,,18.757,38.331,96.966
1,Australian Grand Prix,Mercedes,ANT,2,7,MEDIUM,2,30.82,18.035,38.274,87.129
1,Australian Grand Prix,Mercedes,ANT,3,6,MEDIUM,3,30.586,18.042,36.835,85.463
1,Australian Grand Prix,Mercedes,ANT,4,6,MEDIUM,4,29.869,17.795,37.747,85.411
1,Australian Grand Prix,Mercedes,ANT,5,5,MEDIUM,5,29.761,18.073,36.665,84.499
1,Australian Grand Prix,Mercedes,ANT,6,4,MEDIUM,6,29.534,17.861,36.629,84.024
1,Australian Grand Prix,Mercedes,ANT,7,4,MEDIUM,7,29.537,18.052,36.246,83.835
1,Australian Grand Prix,Mercedes,ANT,8,4,MEDIUM,8,29.573,17.945,36.165,83.683
1,Australian Grand Prix,Mercedes,ANT,9,4,MEDIUM,9,29.601,17.91,36.397,83.908
1,Australian Grand Prix,Mercedes,ANT,10,4,MEDIUM,10,29.723,17.879,36.435,84.037
1,Australian Grand Prix,Mercedes,ANT,11,4,MEDIUM,11,29.711,17.822,36.357,83.89
1,Australian Grand Prix,Mercedes,ANT,12,5,MEDIUM,12,40.974,29.373,59.335,129.682
1,Australian Grand Prix,Mercedes,ANT,13,5,HARD,1,43.264,28.321,46.106,117.691
1,Australian Grand Prix,Mercedes,ANT,14,5,HARD,2,32.153,18.212,36.314,86.679
1,Australian Grand Prix,Mercedes,ANT,15,5,HARD,3,29.346,17.73,36.211,83.287
1,Australian Grand Prix,Mercedes,ANT,16,4,HARD,4,29.345,17.992,36.281,83.618
1,Australian Grand Prix,Mercedes,ANT,17,4,HARD,5,29.46,17.93,35.87,83.26
1,Australian Grand Prix,Mercedes,ANT,18,4,HARD,6,29.138,17.897,43.947,90.982
1,Australian Grand Prix,Mercedes,ANT,19,4,HARD,7,40.684,24.847,49.803,115.334
1,Australian Grand Prix,Mercedes,ANT,20,4,HARD,8,34.654,17.884,35.941,88.479
1,Australian Grand Prix,Mercedes,ANT,21,4,HARD,9,28.955,17.927,35.899,82.781
1,Australian Grand Prix,Mercedes,ANT,22,4,HARD,10,28.856,17.864,36.142,82.862
1,Australian Grand Prix,Mercedes,ANT,23,4,HARD,11,28.958,17.767,35.857,82.582
1,Australian Grand Prix,Mercedes,ANT,24,4,HARD,12,29.329,17.828,36.065,83.222
1,Australian Grand Prix,Mercedes,ANT,25,3,HARD,13,29.326,17.855,37.364,84.545
1,Australian Grand Prix,Mercedes,ANT,26,3,HARD,14,29.311,17.911,35.916,83.138
1,Australian Grand Prix,Mercedes,ANT,27,3,HARD,15,29.187,17.915,36.001,83.103
1,Australian Grand Prix,Mercedes,ANT,28,2,HARD,16,29.174,17.872,35.984,83.03
1,Australian Grand Prix,Mercedes,ANT,29,2,HARD,17,29.145,17.888,35.935,82.968
1,Australian Grand Prix,Mercedes,ANT,30,2,HARD,18,29.144,17.803,35.942,82.889
1,Australian Grand Prix,Mercedes,ANT,31,2,HARD,19,29.175,17.772,35.933,82.88
1,Australian Grand Prix,Mercedes,ANT,32,2,HARD,20,29.509,17.78,35.95,83.239
1,Australian Grand Prix,Mercedes,ANT,33,2,HARD,21,29.36,17.772,35.885,83.017
1,Australian Grand Prix,Mercedes,ANT,34,2,HARD,22,29.416,29.491,39.48,98.387
1,Australian Grand Prix,Mercedes,ANT,35,2,HARD,23,29.604,17.871,35.817,83.292
1,Australian Grand Prix,Mercedes,ANT,36,2,HARD,24,29.264,17.788,35.813,82.865
1,Australian Grand Prix,Mercedes,ANT,37,2,HARD,25,29.271,17.847,35.848,82.966
1,Australian Grand Prix,Mercedes,ANT,38,2,HARD,26,29.155,17.873,35.961,82.989
1,Australian Grand Prix,Mercedes,ANT,39,2,HARD,27,29.196,17.847,35.878,82.921
1,Australian Grand Prix,Mercedes,ANT,40,2,HARD,28,29.1,17.868,35.704,82.672
1,Australian Grand Prix,Mercedes,ANT,41,2,HARD,29,29.162,17.803,35.963,82.928
1,Australian Grand Prix,Mercedes,ANT,42,2,HARD,30,29.075,17.803,36.064,82.942
1,Australian Grand Prix,Mercedes,ANT,43,2,HARD,31,29.244,17.82,35.951,83.015
1,Australian Grand Prix,Mercedes,ANT,44,2,HARD,32,29.252,17.743,36.084,83.079
1,Australian Grand Prix,Mercedes,ANT,45,2,HARD,33,29.311,17.763,36.049,83.123
1,Australian Grand Prix,Mercedes,ANT,46,2,HARD,34,29.35,17.698,35.99,83.038
1,Australian Grand Prix,Mercedes,ANT,47,2,HARD,35,29.276,17.687,36.103,83.066
1,Australian Grand Prix,Mercedes,ANT,48,2,HARD,36,29.415,17.461,36.116,82.992
1,Australian Grand Prix,Mercedes,ANT,49,2,HARD,37,29.403,17.728,36.114,83.245
1,Australian Grand Prix,Mercedes,ANT,50,2,HARD,38,29.148,17.703,36.052,82.903
1,Australian Grand Prix,Mercedes,ANT,51,2,HARD,39,29.108,17.706,35.811,82.625
1,Australian Grand Prix,Mercedes,ANT,52,2,HARD,40,28.925,17.654,35.979,82.558
1,Australian Grand Prix,Mercedes,ANT,53,2,HARD,41,29.088,17.651,35.874,82.613
1,Australian Grand Prix,Mercedes,ANT,54,2,HARD,42,29.051,17.58,36.211,82.842
1,Australian Grand Prix,Mercedes,ANT,55,2,HARD,43,29.332,17.668,35.928,82.928
1,Australian Grand Prix,Mercedes,ANT,56,2,HARD,44,29.022,17.718,35.863,82.603
1,Australian Grand Prix,Mercedes,ANT,57,2,HARD,45,28.926,17.66,35.831,82.417
1,Australian Grand Prix,Mercedes,ANT,58,2,HARD,46,29.285,17.53,35.838,82.653
1,Australian Grand Prix,Aston Martin,ALO,1,10,SOFT,1,,18.649,38.704,98.271
1,Australian Grand Prix,Aston Martin,ALO,2,10,SOFT,2,31.374,18.457,37.767,87.598
1,Australian Grand Prix,Aston Martin,ALO,3,12,SOFT,3,30.633,18.4,39.002,88.035
1,Australian Grand Prix,Aston Martin,ALO,4,12,SOFT,4,31.163,18.447,37.814,87.424
1,Australian Grand Prix,Aston Martin,ALO,5,14,SOFT,5,31.303,18.529,39.003,88.835
1,Australian Grand Prix,Aston Martin,ALO,6,16,SOFT,6,30.861,18.522,39.38,88.763
1,Australian Grand Prix,Aston Martin,ALO,7,17,SOFT,7,30.794,18.262,38.82,87.876
1,Australian Grand Prix,Aston Martin,ALO,8,17,SOFT,8,30.618,18.468,37.706,86.792
1,Australian Grand Prix,Aston Martin,ALO,9,16,SOFT,9,30.452,18.65,37.938,87.04
1,Australian Grand Prix,Aston Martin,ALO,10,16,SOFT,10,30.587,18.88,38.008,87.475
1,Australian Grand Prix,Aston Martin,ALO,11,17,SOFT,11,30.773,19.575,69.642,119.99
1,Australian Grand Prix,Aston Martin,ALO,12,16,SOFT,1,44.091,34.546,43.703,122.34
1,Australian Grand Prix,Aston Martin,ALO,13,19,SOFT,2,35.885,25.378,,
1,Australian Grand Prix,Aston Martin,ALO,14,19,SOFT,3,42.346,18.951,37.531,98.828
1,Australian Grand Prix,Aston Martin,ALO,15,19,SOFT,4,29.879,18.494,37.34,85.713
1,Australian Grand Prix,Aston Martin,ALO,16,18,SOFT,5,30.073,18.874,37.184,86.131
1,Australian Grand Prix,Aston Martin,ALO,17,18,SOFT,6,30.067,19.021,37.288,86.376
1,Australian Grand Prix,Aston Martin,ALO,18,18,SOFT,7,30.043,18.796,37.069,85.908
1,Australian Grand Prix,Aston Martin,ALO,19,18,SOFT,8,30.071,18.904,39.165,88.14
1,Australian Grand Prix,Aston Martin,ALO,20,18,SOFT,9,30.312,18.834,37.495,86.641
1,Australian Grand Prix,Aston Martin,ALO,21,18,SOFT,10,31.697,18.782,37.603,88.082
1,Australian Grand Prix,Aston Martin,ALO,22,18,SOFT,11,30.824,30.521,,
1,Australian Grand Prix,Ferrari,LEC,1,1,MEDIUM,1,,18.663,36.681,91.929
1,Australian Grand Prix,Ferrari,LEC,2,2,MEDIUM,2,30.116,18.18,37.916,86.212
1,Australian Grand Prix,Ferrari,LEC,3,1,MEDIUM,3,30.141,17.876,37.436,85.453
1,Australian Grand Prix,Ferrari,LEC,4,1,MEDIUM,4,29.99,18.045,36.518,84.553
1,Australian Grand Prix,Ferrari,LEC,5,1,MEDIUM,5,29.542,18.008,36.431,83.981
1,Australian Grand Prix,Ferrari,LEC,6,1,MEDIUM,6,29.775,18.075,36.972,84.822
1,Australian Grand Prix,Ferrari,LEC,7,1,MEDIUM,7,29.693,18.01,36.331,84.034
1,Australian Grand Prix,Ferrari,LEC,8,1,MEDIUM,8,30.478,18.017,37.068,85.563
1,Australian Grand Prix,Ferrari,LEC,9,1,MEDIUM,9,30.791,18.247,36.564,85.602
1,Australian Grand Prix,Ferrari,LEC,10,1,MEDIUM,10,29.824,17.963,36.19,83.977
1,Australian Grand Prix,Ferrari,LEC,11,1,MEDIUM,11,29.585,18.082,36.131,83.798
1,Australian Grand Prix,Ferrari,LEC,12,1,MEDIUM,12,40.041,28.446,45.521,114.008
1,Australian Grand Prix,Ferrari,LEC,13,1,MEDIUM,13,41.178,27.3,46.7,115.178
1,Australian Grand Prix,Ferrari,LEC,14,1,MEDIUM,14,35.983,18.192,36.314,90.489
1,Australian Grand Prix,Ferrari,LEC,15,1,MEDIUM,15,29.539,17.9,36.326,83.765
1,Australian Grand Prix,Ferrari,LEC,16,1,MEDIUM,16,29.393,17.898,36.22,83.511
1,Australian Grand Prix,Ferrari,LEC,17,1,MEDIUM,17,29.858,18.083,36.415,84.356
1,Australian Grand Prix,Ferrari,LEC,18,1,MEDIUM,18,29.353,18.021,42.228,89.602
1,Australian Grand Prix,Ferrari,LEC,19,1,MEDIUM,19,38.364,24.534,50.755,113.653
1,Australian Grand Prix,Ferrari,LEC,20,1,MEDIUM,20,38.397,18.486,36.3,93.183
1,Australian Grand Prix,Ferrari,LEC,21,1,MEDIUM,21,29.324,17.876,36.122,83.322
1,Australian Grand Prix,Ferrari,LEC,22,1,MEDIUM,22,29.349,17.762,36.305,83.416
1,Australian Grand Prix,Ferrari,LEC,23,1,MEDIUM,23,29.5,17.655,36.321,83.476
1,Australian Grand Prix,Ferrari,LEC,24,1,MEDIUM,24,29.602,17.848,36.21,83.66
1,Australian Grand Prix,Ferrari,LEC,25,4,MEDIUM,25,29.658,17.796,50.38,97.834
1,Australian Grand Prix,Ferrari,LEC,26,4,HARD,1,35.37,17.951,35.996,89.317
1,Australian Grand Prix,Ferrari,LEC,27,4,HARD,2,29.434,17.824,35.848,83.106
1,Australian Grand Prix,Ferrari,LEC,28,3,HARD,3,29.241,17.821,36.027,83.089
1,Australian Grand Prix,Ferrari,LEC,29,3,HARD,4,29.127,17.756,36.104,82.987
1,Australian Grand Prix,Ferrari,LEC,30,3,HARD,5,29.173,17.763,36.09,83.026
1,Australian Grand Prix,Ferrari,LEC,31,3,HARD,6,29.138,17.745,36.051,82.934
1,Australian Grand Prix,Ferrari,LEC,32,3,HARD,7,29.221,17.788,35.938,82.947
1,Australian Grand Prix,Ferrari,LEC,33,3,HARD,8,29.301,17.756,36.117,83.174
1,Australian Grand Prix,Ferrari,LEC,34,3,HARD,9,32.568,28.471,37.477,98.516
1,Australian Grand Prix,Ferrari,LEC,35,3,HARD,10,29.632,17.831,36.079,83.542
1,Australian Grand Prix,Ferrari,LEC,36,3,HARD,11,29.478,17.907,36.991,84.376
1,Australian Grand Prix,Ferrari,LEC,37,3,HARD,12,29.421,17.866,35.949,83.236
1,Australian Grand Prix,Ferrari,LEC,38,3,HARD,13,28.995,17.699,35.885,82.579
1,Australian Grand Prix,Ferrari,LEC,39,3,HARD,14,29.142,17.617,35.969,82.728
1,Australian Grand Prix,Ferrari,LEC,40,3,HARD,15,29.199,17.741,35.99,82.93
1,Australian Grand Prix,Ferrari,LEC,41,3,HARD,16,29.102,17.73,36.163,82.995
1,Australian Grand Prix,Ferrari,LEC,42,3,HARD,17,29.167,17.705,35.974,82.846
1,Australian Grand Prix,Ferrari,LEC,43,3,HARD,18,29.142,17.651,35.957,82.75
1,Australian Grand Prix,Ferrari,LEC,44,3,HARD,19,29.326,17.643,36.125,83.094
1,Australian Grand Prix,Ferrari,LEC,45,3,HARD,20,29.378,17.651,36.131,83.16
1,Australian Grand Prix,Ferrari,LEC,46,3,HARD,21,29.254,17.685,35.955,82.894
1,Australian Grand Prix,Ferrari,LEC,47,3,HARD,22,29.106,17.719,36.127,82.952
1,Australian Grand Prix,Ferrari,LEC,48,3,HARD,23,29.299,17.678,35.922,82.899
1,Australian Grand Prix,Ferrari,LEC,49,3,HARD,24,29.374,17.664,36.326,83.364
1,Australian Grand Prix,Ferrari,LEC,50,3,HARD,25,29.246,17.742,36.212,83.2
1,Australian Grand Prix,Ferrari,LEC,51,3,HARD,26,29.359,17.602,36.028,82.989
1,Australian Grand Prix,Ferrari,LEC,52,3,HARD,27,29.441,17.598,36.01,83.049
1,Australian Grand Prix,Ferrari,LEC,53,3,HARD,28,29.254,17.635,36.125,83.014
1,Australian Grand Prix,Ferrari,LEC,54,3,HARD,29,29.077,17.673,36.295,83.045
1,Australian Grand Prix,Ferrari,LEC,55,3,HARD,30,29.147,17.624,36.054,82.825
1,Australian Grand Prix,Ferrari,LEC,56,3,HARD,31,29.161,17.681,36.123,82.965
1,Australian Grand Prix,Ferrari,LEC,57,3,HARD,32,29.245,17.621,36.232,83.098
1,Australian Grand Prix,Ferrari,LEC,58,3,HARD,33,29.364,17.704,36.249,83.317
1,Australian Grand Prix,Aston Martin,STR,1,20,MEDIUM,1,,19.505,40.559,103.37
1,Australian Grand Prix,Aston Martin,STR,2,20,MEDIUM,2,31.679,18.599,38.495,88.773
1,Australian Grand Prix,Aston Martin,STR,3,20,MEDIUM,3,31.507,18.467,38.606,88.58
1,Australian Grand Prix,Aston Martin,STR,4,20,MEDIUM,4,31.176,18.646,38.257,88.079
1,Australian Grand Prix,Aston Martin,STR,5,20,MEDIUM,5,31.252,18.541,38.392,88.185
1,Australian Grand Prix,Aston Martin,STR,6,20,MEDIUM,6,31.239,18.645,38.318,88.202
1,Australian Grand Prix,Aston Martin,STR,7,20,MEDIUM,7,31.152,18.586,38.249,87.987
1,Australian Grand Prix,Aston Martin,STR,8,20,MEDIUM,8,30.941,18.662,38.041,87.644
1,Australian Grand Prix,Aston Martin,STR,9,19,MEDIUM,9,30.958,18.759,38.355,88.072
1,Australian Grand Prix,Aston Martin,STR,10,19,MEDIUM,10,31.028,18.726,37.86,87.614
1,Australian Grand Prix,Aston Martin,STR,11,19,MEDIUM,11,30.877,18.895,82.479,132.251
1,Australian Grand Prix,Aston Martin,STR,12,18,HARD,1,43.992,27.8,46.414,118.206
1,Australian Grand Prix,Aston Martin,STR,13,17,HARD,2,40.361,20.569,38.015,98.945
1,Australian Grand Prix,Aston Martin,STR,14,17,HARD,3,30.582,18.7,37.726,87.008
1,Australian Grand Prix,Aston Martin,STR,15,17,HARD,4,30.449,18.787,37.636,86.872
1,Australian Grand Prix,Aston Martin,STR,16,17,HARD,5,30.539,18.86,37.971,87.37
1,Australian Grand Prix,Aston Martin,STR,17,17,HARD,6,30.552,18.854,41.096,90.502
1,Australian Grand Prix,Aston Martin,STR,18,17,HARD,7,41.181,23.17,49.649,114.0
1,Australian Grand Prix,Aston Martin,STR,19,17,HARD,8,39.971,20.637,39.279,99.887
1,Australian Grand Prix,Aston Martin,STR,20,17,HARD,9,30.414,18.829,38.854,88.097
1,Australian Grand Prix,Aston Martin,STR,21,17,HARD,10,30.951,18.969,37.995,87.915
1,Australian Grand Prix,Aston Martin,STR,22,17,HARD,11,30.985,18.744,37.751,87.48
1,Australian Grand Prix,Aston Martin,STR,23,17,HARD,12,30.801,19.05,37.66,87.511
1,Australian Grand Prix,Aston Martin,STR,24,17,HARD,13,30.653,18.936,37.533,87.122
1,Australian Grand Prix,Aston Martin,STR,25,17,HARD,14,30.673,18.907,39.453,89.033
1,Australian Grand Prix,Aston Martin,STR,26,17,HARD,15,30.903,18.957,69.006,118.866
1,Australian Grand Prix,Aston Martin,STR,27,17,SOFT,1,38.666,19.35,39.498,97.514
1,Australian Grand Prix,Aston Martin,STR,28,17,SOFT,2,30.185,18.792,37.097,86.074
1,Australian Grand Prix,Aston Martin,STR,29,17,SOFT,3,30.217,18.613,37.234,86.064
1,Australian Grand Prix,Aston Martin,STR,30,17,SOFT,4,30.233,18.674,38.509,87.416
1,Australian Grand Prix,Aston Martin,STR,31,17,SOFT,5,30.422,18.577,37.388,86.387
1,Australian Grand Prix,Aston Martin,STR,32,17,SOFT,6,31.787,30.644,40.037,102.468
1,Australian Grand Prix,Aston Martin,STR,33,17,SOFT,7,30.503,18.728,37.297,86.528
1,Australian Grand Prix,Aston Martin,STR,34,17,SOFT,8,30.496,19.613,,
1,Australian Grand Prix,Aston Martin,STR,35,17,SOFT,1,39.439,18.905,37.293,95.637
1,Australian Grand Prix,Aston Martin,STR,36,17,SOFT,2,29.828,18.491,37.091,85.41
1,Australian Grand Prix,Aston Martin,STR,37,17,SOFT,3,30.139,18.756,37.425,86.32
1,Australian Grand Prix,Aston Martin,STR,38,17,SOFT,4,30.177,18.735,37.458,86.37
1,Australian Grand Prix,Aston Martin,STR,39,17,SOFT,5,30.411,18.745,56.733,105.889
1,Australian Grand Prix,Aston Martin,STR,40,17,SOFT,1,36.906,19.049,37.017,92.972
1,Australian Grand Prix,Aston Martin,STR,41,17,SOFT,2,29.694,18.741,37.009,85.444
1,Australian Grand Prix,Aston Martin,STR,42,17,SOFT,3,29.973,18.791,36.943,85.707
1,Australian Grand Prix,Aston Martin,STR,43,17,SOFT,4,29.948,18.837,37.134,85.919
1,Australian Grand Prix,Williams,ALB,1,12,MEDIUM,1,,19.018,39.109,99.376
1,Australian Grand Prix,Williams,ALB,2,13,MEDIUM,2,31.155,18.16,38.465,87.78
1,Australian Grand Prix,Williams,ALB,3,13,MEDIUM,3,31.369,18.234,37.909,87.512
1,Australian Grand Prix,Williams,ALB,4,14,MEDIUM,4,30.836,18.153,38.922,87.911
1,Australian Grand Prix,Williams,ALB,5,13,MEDIUM,5,30.385,18.275,38.516,87.176
1,Australian Grand Prix,Williams,ALB,6,13,MEDIUM,6,30.347,18.545,37.544,86.436
1,Australian Grand Prix,Williams,ALB,7,13,MEDIUM,7,30.041,18.442,37.205,85.688
1,Australian Grand Prix,Williams,ALB,8,13,MEDIUM,8,29.979,18.318,37.261,85.558
1,Australian Grand Prix,Williams,ALB,9,13,MEDIUM,9,30.086,18.257,37.385,85.728
1,Australian Grand Prix,Williams,ALB,10,13,MEDIUM,10,30.181,18.432,37.417,86.03
1,Australian Grand Prix,Williams,ALB,11,10,MEDIUM,11,30.057,18.391,45.532,93.98
1,Australian Grand Prix,Williams,ALB,12,12,MEDIUM,12,40.48,27.083,58.015,125.578
1,Australian Grand Prix,Williams,ALB,13,12,HARD,1,44.516,26.746,41.086,112.348
1,Australian Grand Prix,Williams,ALB,14,12,HARD,2,30.09,18.34,36.949,85.379
1,Australian Grand Prix,Williams,ALB,15,12,HARD,3,29.782,18.291,36.962,85.035
1,Australian Grand Prix,Williams,ALB,16,13,HARD,4,32.674,18.369,37.391,88.434
1,Australian Grand Prix,Williams,ALB,17,13,HARD,5,29.953,18.346,37.363,85.662
1,Australian Grand Prix,Williams,ALB,18,13,HARD,6,29.856,26.359,47.813,104.028
1,Australian Grand Prix,Williams,ALB,19,13,HARD,7,40.275,25.064,44.137,109.476
1,Australian Grand Prix,Williams,ALB,20,13,HARD,8,29.647,18.338,37.056,85.041
1,Australian Grand Prix,Williams,ALB,21,13,HARD,9,29.694,18.172,37.199,85.065
1,Australian Grand Prix,Williams,ALB,22,13,HARD,10,29.771,18.29,37.236,85.297
1,Australian Grand Prix,Williams,ALB,23,13,HARD,11,29.798,18.173,37.287,85.258
1,Australian Grand Prix,Williams,ALB,24,13,HARD,12,29.842,18.245,37.247,85.334
1,Australian Grand Prix,Williams,ALB,25,13,HARD,13,29.99,18.291,37.288,85.569
1,Australian Grand Prix,Williams,ALB,26,13,HARD,14,29.871,18.341,37.57,85.782
1,Australian Grand Prix,Williams,ALB,27,13,HARD,15,29.901,18.232,37.601,85.734
1,Australian Grand Prix,Williams,ALB,28,13,HARD,16,30.362,18.456,37.824,86.642
1,Australian Grand Prix,Williams,ALB,29,12,HARD,17,30.359,18.191,38.064,86.614
1,Australian Grand Prix,Williams,ALB,30,12,HARD,18,30.327,18.382,37.763,86.472
1,Australian Grand Prix,Williams,ALB,31,12,HARD,19,30.134,18.46,37.929,86.523
1,Australian Grand Prix,Williams,ALB,32,12,HARD,20,30.357,18.353,37.749,86.459
1,Australian Grand Prix,Williams,ALB,33,12,HARD,21,30.255,18.445,61.33,110.03
1,Australian Grand Prix,Williams,ALB,34,12,SOFT,1,36.035,18.141,36.742,90.918
1,Australian Grand Prix,Williams,ALB,35,12,SOFT,2,29.483,18.135,36.828,84.446
1,Australian Grand Prix,Williams,ALB,36,12,SOFT,3,29.418,18.165,36.792,84.375
1,Australian Grand Prix,Williams,ALB,37,12,SOFT,4,29.898,18.205,36.949,85.052
1,Australian Grand Prix,Williams,ALB,38,12,SOFT,5,29.646,18.304,38.388,86.338
1,Australian Grand Prix,Williams,ALB,39,12,SOFT,6,29.97,18.028,36.86,84.858
1,Australian Grand Prix,Williams,ALB,40,12,SOFT,7,29.92,18.212,38.54,86.672
1,Australian Grand Prix,Williams,ALB,41,12,SOFT,8,29.843,18.061,36.972,84.876
1,Australian Grand Prix,Williams,ALB,42,12,SOFT,9,29.705,18.242,36.911,84.858
1,Australian Grand Prix,Williams,ALB,43,12,SOFT,10,29.745,18.256,36.955,84.956
1,Australian Grand Prix,Williams,ALB,44,12,SOFT,11,29.537,18.178,37.126,84.841
1,Australian Grand Prix,Williams,ALB,45,12,SOFT,12,29.548,18.205,36.949,84.702
1,Australian Grand Prix,Williams,ALB,46,12,SOFT,13,29.574,18.274,36.929,84.777
1,Australian Grand Prix,Williams,ALB,47,12,SOFT,14,29.602,18.169,37.044,84.815
1,Australian Grand Prix,Williams,ALB,48,12,SOFT,15,29.606,18.156,37.011,84.773
1,Australian Grand Prix,Williams,ALB,49,12,SOFT,16,29.474,18.34,36.971,84.785
1,Australian Grand Prix,Williams,ALB,50,12,SOFT,17,29.794,18.218,36.844,84.856
1,Australian Grand Prix,Williams,ALB,51,12,SOFT,18,29.468,18.211,37.07,84.749
1,Australian Grand Prix,Williams,ALB,52,12,SOFT,19,29.582,18.133,37.049,84.764
1,Australian Grand Prix,Williams,ALB,53,12,SOFT,20,29.769,18.199,37.051,85.019
1,Australian Grand Prix,Williams,ALB,54,12,SOFT,21,29.69,18.266,36.905,84.861
1,Australian Grand Prix,Williams,ALB,55,12,SOFT,22,29.747,18.208,37.04,84.995
1,Australian Grand Prix,Williams,ALB,56,12,SOFT,23,29.824,18.321,38.242,86.387
1,Australian Grand Prix,Williams,ALB,57,12,SOFT,24,31.326,18.011,36.931,86.268
1,Australian Grand Prix,Red Bull Racing,VER,1,16,HARD,1,,18.975,39.753,101.333
1,Australian Grand Prix,Red Bull Racing,VER,2,15,HARD,2,31.2,18.005,37.623,86.828
1,Australian Grand Prix,Red Bull Racing,VER,3,14,HARD,3,31.213,18.031,37.852,87.096
1,Australian Grand Prix,Red Bull Racing,VER,4,13,HARD,4,30.547,17.928,38.096,86.571
1,Australian Grand Prix,Red Bull Racing,VER,5,12,HARD,5,29.902,18.36,36.617,84.879
1,Australian Grand Prix,Red Bull Racing,VER,6,11,HARD,6,30.063,17.806,37.099,84.968
1,Australian Grand Prix,Red Bull Racing,VER,7,11,HARD,7,30.335,18.224,36.825,85.384
1,Australian Grand Prix,Red Bull Racing,VER,8,10,HARD,8,29.79,18.051,36.866,84.707
1,Australian Grand Prix,Red Bull Racing,VER,9,10,HARD,9,29.879,17.966,37.226,85.071
1,Australian Grand Prix,Red Bull Racing,VER,10,9,HARD,10,30.036,17.609,37.488,85.133
1,Australian Grand Prix,Red Bull Racing,VER,11,6,HARD,11,29.804,18.006,43.219,91.029
1,Australian Grand Prix,Red Bull Racing,VER,12,6,HARD,12,39.818,27.803,46.593,114.214
1,Australian Grand Prix,Red Bull Racing,VER,13,6,HARD,13,40.5,28.662,45.699,114.861
1,Australian Grand Prix,Red Bull Racing,VER,14,6,HARD,14,31.326,18.104,36.7,86.13
1,Australian Grand Prix,Red Bull Racing,VER,15,6,HARD,15,29.618,17.939,36.541,84.098
1,Australian Grand Prix,Red Bull Racing,VER,16,6,HARD,16,29.522,18.04,37.044,84.606
1,Australian Grand Prix,Red Bull Racing,VER,17,6,HARD,17,29.737,17.967,37.053,84.757
1,Australian Grand Prix,Red Bull Racing,VER,18,7,HARD,18,30.11,17.724,60.713,108.547
1,Australian Grand Prix,Red Bull Racing,VER,19,7,MEDIUM,1,42.485,26.161,47.703,116.349
1,Australian Grand Prix,Red Bull Racing,VER,20,6,MEDIUM,2,29.779,17.769,36.018,83.566
1,Australian Grand Prix,Red Bull Racing,VER,21,6,MEDIUM,3,29.143,18.11,36.283,83.536
1,Australian Grand Prix,Red Bull Racing,VER,22,6,MEDIUM,4,29.148,17.987,36.323,83.458
1,Australian Grand Prix,Red Bull Racing,VER,23,6,MEDIUM,5,29.193,18.022,36.301,83.516
1,Australian Grand Prix,Red Bull Racing,VER,24,6,MEDIUM,6,29.331,17.986,36.155,83.472
1,Australian Grand Prix,Red Bull Racing,VER,25,6,MEDIUM,7,29.364,17.93,36.26,83.554
1,Australian Grand Prix,Red Bull Racing,VER,26,6,MEDIUM,8,29.297,17.886,36.18,83.363
1,Australian Grand Prix,Red Bull Racing,VER,27,6,MEDIUM,9,29.355,17.915,36.47,83.74
1,Australian Grand Prix,Red Bull Racing,VER,28,6,MEDIUM,10,29.351,17.958,36.154,83.463
1,Australian Grand Prix,Red Bull Racing,VER,29,6,MEDIUM,11,29.24,17.886,36.313,83.439
1,Australian Grand Prix,Red Bull Racing,VER,30,6,MEDIUM,12,29.256,17.871,36.263,83.39
1,Australian Grand Prix,Red Bull Racing,VER,31,6,MEDIUM,13,29.324,17.844,36.342,83.51
1,Australian Grand Prix,Red Bull Racing,VER,32,6,MEDIUM,14,29.193,17.877,36.517,83.587
1,Australian Grand Prix,Red Bull Racing,VER,33,6,MEDIUM,15,29.526,17.854,36.55,83.93
1,Australian Grand Prix,Red Bull Racing,VER,34,5,MEDIUM,16,39.424,22.416,36.376,98.216
1,Australian Grand Prix,Red Bull Racing,VER,35,5,MEDIUM,17,29.456,18.087,37.013,84.556
1,Australian Grand Prix,Red Bull Racing,VER,36,5,MEDIUM,18,29.51,18.177,36.28,83.967
1,Australian Grand Prix,Red Bull Racing,VER,37,5,MEDIUM,19,29.34,18.18,36.155,83.675
1,Australian Grand Prix,Red Bull Racing,VER,38,5,MEDIUM,20,29.242,18.212,36.458,83.912
1,Australian Grand Prix,Red Bull Racing,VER,39,5,MEDIUM,21,29.316,18.034,36.365,83.715
1,Australian Grand Prix,Red Bull Racing,VER,40,5,MEDIUM,22,29.579,17.878,37.138,84.595
1,Australian Grand Prix,Red Bull Racing,VER,41,5,MEDIUM,23,29.633,17.899,51.334,98.866
1,Australian Grand Prix,Red Bull Racing,VER,42,6,HARD,1,34.309,17.942,35.74,87.991
1,Australian Grand Prix,Red Bull Racing,VER,43,6,HARD,2,28.823,17.616,35.652,82.091
1,Australian Grand Prix,Red Bull Racing,VER,44,6,HARD,3,28.919,17.767,35.834,82.52
1,Australian Grand Prix,Red Bull Racing,VER,45,6,HARD,4,28.859,17.681,35.913,82.453
1,Australian Grand Prix,Red Bull Racing,VER,46,6,HARD,5,29.22,17.664,35.926,82.81
1,Australian Grand Prix,Red Bull Racing,VER,47,6,HARD,6,28.873,17.603,36.013,82.489
1,Australian Grand Prix,Red Bull Racing,VER,48,6,HARD,7,29.093,17.536,36.277,82.906
1,Australian Grand Prix,Red Bull Racing,VER,49,6,HARD,8,29.15,17.584,36.205,82.939
1,Australian Grand Prix,Red Bull Racing,VER,50,6,HARD,9,29.125,17.654,35.959,82.738
1,Australian Grand Prix,Red Bull Racing,VER,51,6,HARD,10,29.042,17.676,35.972,82.69
1,Australian Grand Prix,Red Bull Racing,VER,52,6,HARD,11,28.971,17.606,36.106,82.683
1,Australian Grand Prix,Red Bull Racing,VER,53,6,HARD,12,29.115,17.894,36.1,83.109
1,Australian Grand Prix,Red Bull Racing,VER,54,6,HARD,13,29.024,17.803,36.263,83.09
1,Australian Grand Prix,Red Bull Racing,VER,55,6,HARD,14,29.154,17.844,36.213,83.211
1,Australian Grand Prix,Red Bull Racing,VER,56,6,HARD,15,29.051,17.734,36.324,83.109
1,Australian Grand Prix,Red Bull Racing,VER,57,6,HARD,16,29.153,17.83,36.486,83.469
1,Australian Grand Prix,Red Bull Racing,VER,58,6,HARD,17,29.247,17.832,36.454,83.533
1,Australian Grand Prix,Racing Bulls,LAW,1,18,MEDIUM,1,,19.28,39.431,102.188
1,Australian Grand Prix,Racing Bulls,LAW,2,17,MEDIUM,2,31.545,18.1,38.892,88.537
1,Australian Grand Prix,Racing Bulls,LAW,3,17,MEDIUM,3,30.837,18.295,37.737,86.869
1,Australian Grand Prix,Racing Bulls,LAW,4,17,MEDIUM,4,30.649,17.998,38.014,86.661
1,Australian Grand Prix,Racing Bulls,LAW,5,17,MEDIUM,5,30.77,17.979,38.393,87.142
1,Australian Grand Prix,Racing Bulls,LAW,6,17,MEDIUM,6,31.183,18.191,38.586,87.96
1,Australian Grand Prix,Racing Bulls,LAW,7,16,MEDIUM,7,30.977,18.039,37.628,86.644
1,Australian Grand Prix,Racing Bulls,LAW,8,16,MEDIUM,8,30.435,18.082,37.371,85.888
1,Australian Grand Prix,Racing Bulls,LAW,9,15,MEDIUM,9,30.229,18.073,37.723,86.025
1,Australian Grand Prix,Racing Bulls,LAW,10,15,MEDIUM,10,30.485,18.132,37.134,85.751
1,Australian Grand Prix,Racing Bulls,LAW,11,16,MEDIUM,11,30.604,18.153,61.269,110.026
1,Australian Grand Prix,Racing Bulls,LAW,12,15,HARD,1,47.42,40.637,42.327,130.384
1,Australian Grand Prix,Racing Bulls,LAW,13,15,HARD,2,33.059,23.573,38.818,95.45
1,Australian Grand Prix,Racing Bulls,LAW,14,15,HARD,3,29.733,18.13,37.37,85.233
1,Australian Grand Prix,Racing Bulls,LAW,15,15,HARD,4,30.225,17.908,38.658,86.791
1,Australian Grand Prix,Racing Bulls,LAW,16,14,HARD,5,32.87,18.431,38.618,89.919
1,Australian Grand Prix,Racing Bulls,LAW,17,14,HARD,6,30.269,18.18,37.39,85.839
1,Australian Grand Prix,Racing Bulls,LAW,18,14,HARD,7,36.165,24.07,48.73,108.965
1,Australian Grand Prix,Racing Bulls,LAW,19,14,HARD,8,41.187,24.218,40.403,105.808
1,Australian Grand Prix,Racing Bulls,LAW,20,14,HARD,9,29.568,18.433,37.067,85.068
1,Australian Grand Prix,Racing Bulls,LAW,21,14,HARD,10,29.999,17.994,36.917,84.91
1,Australian Grand Prix,Racing Bulls,LAW,22,14,HARD,11,29.874,18.032,37.135,85.041
1,Australian Grand Prix,Racing Bulls,LAW,23,14,HARD,12,30.148,17.998,36.928,85.074
1,Australian Grand Prix,Racing Bulls,LAW,24,14,HARD,13,30.096,18.083,38.347,86.526
1,Australian Grand Prix,Racing Bulls,LAW,25,14,HARD,14,30.197,18.086,36.972,85.255
1,Australian Grand Prix,Racing Bulls,LAW,26,14,HARD,15,29.78,18.048,37.144,84.972
1,Australian Grand Prix,Racing Bulls,LAW,27,14,HARD,16,30.0,18.079,37.094,85.173
1,Australian Grand Prix,Racing Bulls,LAW,28,14,HARD,17,30.088,18.065,37.224,85.377
1,Australian Grand Prix,Racing Bulls,LAW,29,14,HARD,18,30.109,18.063,37.081,85.253
1,Australian Grand Prix,Racing Bulls,LAW,30,14,HARD,19,30.163,18.125,37.362,85.65
1,Australian Grand Prix,Racing Bulls,LAW,31,14,HARD,20,30.358,18.099,37.335,85.792
1,Australian Grand Prix,Racing Bulls,LAW,32,14,HARD,21,30.132,18.063,37.672,85.867
1,Australian Grand Prix,Racing Bulls,LAW,33,13,HARD,22,30.338,23.781,59.988,114.107
1,Australian Grand Prix,Racing Bulls,LAW,34,14,SOFT,1,35.612,18.018,37.297,90.927
1,Australian Grand Prix,Racing Bulls,LAW,35,14,SOFT,2,29.684,17.768,36.758,84.21
1,Australian Grand Prix,Racing Bulls,LAW,36,14,SOFT,3,31.791,17.8,37.137,86.728
1,Australian Grand Prix,Racing Bulls,LAW,37,13,SOFT,4,30.472,17.992,37.276,85.74
1,Australian Grand Prix,Racing Bulls,LAW,38,13,SOFT,5,29.858,17.952,36.613,84.423
1,Australian Grand Prix,Racing Bulls,LAW,39,13,SOFT,6,29.654,17.837,36.633,84.124
1,Australian Grand Prix,Racing Bulls,LAW,40,13,SOFT,7,29.497,17.953,36.627,84.077
1,Australian Grand Prix,Racing Bulls,LAW,41,13,SOFT,8,29.49,17.906,36.524,83.92
1,Australian Grand Prix,Racing Bulls,LAW,42,13,SOFT,9,29.555,17.97,36.523,84.048
1,Australian Grand Prix,Racing Bulls,LAW,43,13,SOFT,10,29.564,18.033,36.635,84.232
1,Australian Grand Prix,Racing Bulls,LAW,44,13,SOFT,11,29.647,17.945,36.479,84.071
1,Australian Grand Prix,Racing Bulls,LAW,45,13,SOFT,12,29.849,18.022,36.439,84.31
1,Australian Grand Prix,Racing Bulls,LAW,46,13,SOFT,13,29.625,17.849,36.549,84.023
1,Australian Grand Prix,Racing Bulls,LAW,47,13,SOFT,14,29.407,17.848,36.528,83.783
1,Australian Grand Prix,Racing Bulls,LAW,48,13,SOFT,15,29.646,17.894,36.682,84.222
1,Australian Grand Prix,Racing Bulls,LAW,49,13,SOFT,16,29.404,17.932,36.596,83.932
1,Australian Grand Prix,Racing Bulls,LAW,50,13,SOFT,17,29.434,17.783,36.695,83.912
1,Australian Grand Prix,Racing Bulls,LAW,51,13,SOFT,18,29.699,17.888,36.873,84.46
1,Australian Grand Prix,Racing Bulls,LAW,52,13,SOFT,19,29.812,17.679,37.174,84.665
1,Australian Grand Prix,Racing Bulls,LAW,53,13,SOFT,20,29.988,17.791,37.383,85.162
1,Australian Grand Prix,Racing Bulls,LAW,54,13,SOFT,21,29.874,17.754,36.897,84.525
1,Australian Grand Prix,Racing Bulls,LAW,55,13,SOFT,22,30.102,17.996,37.025,85.123
1,Australian Grand Prix,Racing Bulls,LAW,56,13,SOFT,23,31.114,18.065,37.716,86.895
1,Australian Grand Prix,Racing Bulls,LAW,57,13,SOFT,24,30.9,17.896,37.521,86.317
1,Australian Grand Prix,Haas F1 Team,OCO,1,8,MEDIUM,1,,18.692,38.573,97.5
1,Australian Grand Prix,Haas F1 Team,OCO,2,8,MEDIUM,2,31.014,17.977,38.044,87.035
1,Australian Grand Prix,Haas F1 Team,OCO,3,8,MEDIUM,3,30.865,17.978,37.724,86.567
1,Australian Grand Prix,Haas F1 Team,OCO,4,8,MEDIUM,4,30.431,17.642,38.113,86.186
1,Australian Grand Prix,Haas F1 Team,OCO,5,8,MEDIUM,5,30.836,17.956,38.016,86.808
1,Australian Grand Prix,Haas F1 Team,OCO,6,8,MEDIUM,6,30.704,17.956,36.909,85.569
1,Australian Grand Prix,Haas F1 Team,OCO,7,8,MEDIUM,7,30.269,17.909,36.909,85.087
1,Australian Grand Prix,Haas F1 Team,OCO,8,8,MEDIUM,8,30.287,17.905,36.837,85.029
1,Australian Grand Prix,Haas F1 Team,OCO,9,8,MEDIUM,9,30.308,17.927,37.317,85.552
1,Australian Grand Prix,Haas F1 Team,OCO,10,8,MEDIUM,10,30.464,17.902,37.266,85.632
1,Australian Grand Prix,Haas F1 Team,OCO,11,11,MEDIUM,11,30.36,18.101,57.488,105.949
1,Australian Grand Prix,Haas F1 Team,OCO,12,10,HARD,1,42.111,28.731,45.563,116.405
1,Australian Grand Prix,Haas F1 Team,OCO,13,10,HARD,2,41.465,28.714,42.039,112.218
1,Australian Grand Prix,Haas F1 Team,OCO,14,10,HARD,3,30.4,17.985,36.918,85.303
1,Australian Grand Prix,Haas F1 Team,OCO,15,10,HARD,4,30.329,17.972,37.059,85.36
1,Australian Grand Prix,Haas F1 Team,OCO,16,10,HARD,5,30.332,17.995,37.103,85.43
1,Australian Grand Prix,Haas F1 Team,OCO,17,10,HARD,6,30.159,17.982,37.575,85.716
1,Australian Grand Prix,Haas F1 Team,OCO,18,10,HARD,7,30.733,25.042,45.606,101.381
1,Australian Grand Prix,Haas F1 Team,OCO,19,9,HARD,8,40.623,25.848,46.24,112.711
1,Australian Grand Prix,Haas F1 Team,OCO,20,10,HARD,9,31.066,17.873,37.774,86.713
1,Australian Grand Prix,Haas F1 Team,OCO,21,11,HARD,10,31.496,17.886,37.189,86.571
1,Australian Grand Prix,Haas F1 Team,OCO,22,11,HARD,11,29.967,17.651,37.203,84.821
1,Australian Grand Prix,Haas F1 Team,OCO,23,11,HARD,12,29.889,17.634,37.127,84.65
1,Australian Grand Prix,Haas F1 Team,OCO,24,11,HARD,13,30.114,18.787,36.354,85.255
1,Australian Grand Prix,Haas F1 Team,OCO,25,11,HARD,14,29.924,17.752,36.748,84.424
1,Australian Grand Prix,Haas F1 Team,OCO,26,11,HARD,15,30.001,17.783,36.912,84.696
1,Australian Grand Prix,Haas F1 Team,OCO,27,11,HARD,16,29.828,17.799,37.174,84.801
1,Australian Grand Prix,Haas F1 Team,OCO,28,11,HARD,17,29.828,17.835,37.074,84.737
1,Australian Grand Prix,Haas F1 Team,OCO,29,11,HARD,18,29.932,17.765,37.072,84.769
1,Australian Grand Prix,Haas F1 Team,OCO,30,11,HARD,19,30.182,17.741,37.043,84.966
1,Australian Grand Prix,Haas F1 Team,OCO,31,11,HARD,20,30.066,17.593,37.648,85.307
1,Australian Grand Prix,Haas F1 Team,OCO,32,11,HARD,21,30.295,17.641,37.109,85.045
1,Australian Grand Prix,Haas F1 Team,OCO,33,10,HARD,22,30.238,17.83,45.216,93.284
1,Australian Grand Prix,Haas F1 Team,OCO,34,10,HARD,23,35.21,17.78,37.245,90.235
1,Australian Grand Prix,Haas F1 Team,OCO,35,10,HARD,24,30.107,17.711,37.381,85.199
1,Australian Grand Prix,Haas F1 Team,OCO,36,10,HARD,25,30.015,17.675,37.328,85.018
1,Australian Grand Prix,Haas F1 Team,OCO,37,9,HARD,26,30.176,17.482,37.804,85.462
1,Australian Grand Prix,Haas F1 Team,OCO,38,10,HARD,27,30.327,18.318,38.327,86.972
1,Australian Grand Prix,Haas F1 Team,OCO,39,11,HARD,28,30.944,18.047,36.922,85.913
1,Australian Grand Prix,Haas F1 Team,OCO,40,11,HARD,29,30.255,17.793,37.385,85.433
1,Australian Grand Prix,Haas F1 Team,OCO,41,11,HARD,30,30.281,17.633,37.25,85.164
1,Australian Grand Prix,Haas F1 Team,OCO,42,11,HARD,31,30.317,17.775,37.157,85.249
1,Australian Grand Prix,Haas F1 Team,OCO,43,11,HARD,32,30.046,17.62,37.44,85.106
1,Australian Grand Prix,Haas F1 Team,OCO,44,11,HARD,33,30.143,17.654,38.8,86.597
1,Australian Grand Prix,Haas F1 Team,OCO,45,11,HARD,34,30.093,17.752,37.383,85.228
1,Australian Grand Prix,Haas F1 Team,OCO,46,11,HARD,35,30.232,17.388,38.601,86.221
1,Australian Grand Prix,Haas F1 Team,OCO,47,11,HARD,36,31.078,17.881,37.375,86.334
1,Australian Grand Prix,Haas F1 Team,OCO,48,11,HARD,37,29.989,17.756,37.274,85.019
1,Australian Grand Prix,Haas F1 Team,OCO,49,11,HARD,38,29.863,17.963,37.289,85.115
1,Australian Grand Prix,Haas F1 Team,OCO,50,11,HARD,39,30.11,19.111,37.594,86.815
1,Australian Grand Prix,Haas F1 Team,OCO,51,11,HARD,40,31.435,17.814,37.048,86.297
1,Australian Grand Prix,Haas F1 Team,OCO,52,11,HARD,41,29.943,17.711,36.93,84.584
1,Australian Grand Prix,Haas F1 Team,OCO,53,11,HARD,42,29.831,17.621,37.17,84.622
1,Australian Grand Prix,Haas F1 Team,OCO,54,11,HARD,43,29.963,17.561,37.384,84.908
1,Australian Grand Prix,Haas F1 Team,OCO,55,11,HARD,44,30.097,17.655,36.825,84.577
1,Australian Grand Prix,Haas F1 Team,OCO,56,11,HARD,45,29.888,17.767,36.878,84.533
1,Australian Grand Prix,Haas F1 Team,OCO,57,11,HARD,46,29.92,17.754,36.899,84.573
1,Australian Grand Prix,Racing Bulls,LIN,1,5,MEDIUM,1,,18.025,39.211,96.081
1,Australian Grand Prix,Racing Bulls,LIN,2,5,MEDIUM,2,30.8,18.041,38.377,87.218
1,Australian Grand Prix,Racing Bulls,LIN,3,5,MEDIUM,3,30.171,17.966,37.36,85.497
1,Australian Grand Prix,Racing Bulls,LIN,4,5,MEDIUM,4,30.126,17.94,38.006,86.072
1,Australian Grand Prix,Racing Bulls,LIN,5,6,MEDIUM,5,30.966,17.919,37.35,86.235
1,Australian Grand Prix,Racing Bulls,LIN,6,6,MEDIUM,6,30.162,17.916,37.314,85.392
1,Australian Grand Prix,Racing Bulls,LIN,7,6,MEDIUM,7,30.025,17.897,37.272,85.194
1,Australian Grand Prix,Racing Bulls,LIN,8,6,MEDIUM,8,30.164,17.919,37.177,85.26
1,Australian Grand Prix,Racing Bulls,LIN,9,6,MEDIUM,9,30.236,17.915,37.186,85.337
1,Australian Grand Prix,Racing Bulls,LIN,10,6,MEDIUM,10,30.168,17.947,37.45,85.565
1,Australian Grand Prix,Racing Bulls,LIN,11,5,MEDIUM,11,30.141,17.967,44.13,92.238
1,Australian Grand Prix,Racing Bulls,LIN,12,4,MEDIUM,12,37.694,26.533,47.773,112.0
1,Australian Grand Prix,Racing Bulls,LIN,13,4,MEDIUM,13,40.567,27.761,46.55,114.878
1,Australian Grand Prix,Racing Bulls,LIN,14,4,MEDIUM,14,33.006,17.955,37.2,88.161
1,Australian Grand Prix,Racing Bulls,LIN,15,4,MEDIUM,15,29.995,17.892,36.99,84.877
1,Australian Grand Prix,Racing Bulls,LIN,16,5,MEDIUM,16,30.82,17.896,37.182,85.898
1,Australian Grand Prix,Racing Bulls,LIN,17,5,MEDIUM,17,29.829,17.94,37.327,85.096
1,Australian Grand Prix,Racing Bulls,LIN,18,6,MEDIUM,18,30.225,17.956,60.043,108.224
1,Australian Grand Prix,Racing Bulls,LIN,19,6,HARD,1,42.462,25.719,49.044,117.225
1,Australian Grand Prix,Racing Bulls,LIN,20,7,HARD,2,29.507,18.19,37.727,85.424
1,Australian Grand Prix,Racing Bulls,LIN,21,7,HARD,3,29.574,17.755,36.853,84.182
1,Australian Grand Prix,Racing Bulls,LIN,22,7,HARD,4,29.605,17.753,36.932,84.29
1,Australian Grand Prix,Racing Bulls,LIN,23,7,HARD,5,29.687,17.824,37.398,84.909
1,Australian Grand Prix,Racing Bulls,LIN,24,7,HARD,6,29.834,17.868,36.852,84.554
1,Australian Grand Prix,Racing Bulls,LIN,25,7,HARD,7,29.548,17.841,36.874,84.263
1,Australian Grand Prix,Racing Bulls,LIN,26,7,HARD,8,29.551,17.874,36.78,84.205
1,Australian Grand Prix,Racing Bulls,LIN,27,7,HARD,9,29.508,17.881,36.972,84.361
1,Australian Grand Prix,Racing Bulls,LIN,28,7,HARD,10,29.902,17.869,36.704,84.475
1,Australian Grand Prix,Racing Bulls,LIN,29,7,HARD,11,29.977,18.019,36.92,84.916
1,Australian Grand Prix,Racing Bulls,LIN,30,7,HARD,12,29.767,17.837,36.678,84.282
1,Australian Grand Prix,Racing Bulls,LIN,31,7,HARD,13,29.785,18.09,37.001,84.876
1,Australian Grand Prix,Racing Bulls,LIN,32,7,HARD,14,29.694,17.78,37.197,84.671
1,Australian Grand Prix,Racing Bulls,LIN,33,7,HARD,15,29.771,17.976,41.679,89.426
1,Australian Grand Prix,Racing Bulls,LIN,34,7,HARD,16,38.151,18.652,37.009,93.812
1,Australian Grand Prix,Racing Bulls,LIN,35,6,HARD,17,29.663,17.919,36.954,84.536
1,Australian Grand Prix,Racing Bulls,LIN,36,6,HARD,18,29.762,17.928,37.008,84.698
1,Australian Grand Prix,Racing Bulls,LIN,37,6,HARD,19,29.871,17.873,36.779,84.523
1,Australian Grand Prix,Racing Bulls,LIN,38,6,HARD,20,29.796,17.906,37.095,84.797
1,Australian Grand Prix,Racing Bulls,LIN,39,7,HARD,21,30.718,17.813,37.424,85.955
1,Australian Grand Prix,Racing Bulls,LIN,40,8,HARD,22,31.551,18.051,38.64,88.242
1,Australian Grand Prix,Racing Bulls,LIN,41,8,HARD,23,30.136,17.882,37.388,85.406
1,Australian Grand Prix,Racing Bulls,LIN,42,8,HARD,24,30.221,17.763,37.425,85.409
1,Australian Grand Prix,Racing Bulls,LIN,43,8,HARD,25,29.977,17.828,37.057,84.862
1,Australian Grand Prix,Racing Bulls,LIN,44,8,HARD,26,29.887,17.758,37.102,84.747
1,Australian Grand Prix,Racing Bulls,LIN,45,8,HARD,27,29.827,17.836,36.982,84.645
1,Australian Grand Prix,Racing Bulls,LIN,46,8,HARD,28,29.891,17.824,36.973,84.688
1,Australian Grand Prix,Racing Bulls,LIN,47,8,HARD,29,29.868,17.879,37.026,84.773
1,Australian Grand Prix,Racing Bulls,LIN,48,8,HARD,30,29.958,17.827,37.078,84.863
1,Australian Grand Prix,Racing Bulls,LIN,49,8,HARD,31,29.859,17.878,37.037,84.774
1,Australian Grand Prix,Racing Bulls,LIN,50,8,HARD,32,29.829,17.897,36.989,84.715
1,Australian Grand Prix,Racing Bulls,LIN,51,8,HARD,33,29.802,17.819,36.753,84.374
1,Australian Grand Prix,Racing Bulls,LIN,52,8,HARD,34,29.876,17.834,37.5,85.21
1,Australian Grand Prix,Racing Bulls,LIN,53,8,HARD,35,29.84,18.429,37.879,86.148
1,Australian Grand Prix,Racing Bulls,LIN,54,8,HARD,36,31.949,18.437,37.781,88.167
1,Australian Grand Prix,Racing Bulls,LIN,55,8,HARD,37,30.016,17.645,36.953,84.614
1,Australian Grand Prix,Racing Bulls,LIN,56,8,HARD,38,29.961,17.776,36.951,84.688
1,Australian Grand Prix,Racing Bulls,LIN,57,8,HARD,39,29.872,17.727,37.09,84.689
1,Australian Grand Prix,Alpine,COL,1,17,HARD,1,,19.039,40.226,101.613
1,Australian Grand Prix,Alpine,COL,2,16,HARD,2,31.674,18.157,38.335,88.166
1,Australian Grand Prix,Alpine,COL,3,16,HARD,3,30.607,18.32,38.008,86.935
1,Australian Grand Prix,Alpine,COL,4,16,HARD,4,30.715,17.902,38.195,86.812
1,Australian Grand Prix,Alpine,COL,5,16,HARD,5,30.698,17.936,38.878,87.512
1,Australian Grand Prix,Alpine,COL,6,15,HARD,6,30.986,17.993,38.534,87.513
1,Australian Grand Prix,Alpine,COL,7,15,HARD,7,30.496,18.028,37.544,86.068
1,Australian Grand Prix,Alpine,COL,8,15,HARD,8,30.39,18.004,37.424,85.818
1,Australian Grand Prix,Alpine,COL,9,20,HARD,9,30.4,18.017,61.514,109.931
1,Australian Grand Prix,Alpine,COL,10,20,HARD,10,36.557,18.377,37.828,92.762
1,Australian Grand Prix,Alpine,COL,11,18,HARD,11,30.568,27.783,47.456,105.807
1,Australian Grand Prix,Alpine,COL,12,17,HARD,12,41.094,27.882,54.694,123.67
1,Australian Grand Prix,Alpine,COL,13,16,HARD,13,32.451,23.161,38.26,93.872
1,Australian Grand Prix,Alpine,COL,14,16,HARD,14,30.41,18.256,37.997,86.663
1,Australian Grand Prix,Alpine,COL,15,16,HARD,15,30.086,18.096,37.418,85.6
1,Australian Grand Prix,Alpine,COL,16,16,HARD,16,30.157,18.27,37.484,85.911
1,Australian Grand Prix,Alpine,COL,17,16,HARD,17,30.221,18.119,37.368,85.708
1,Australian Grand Prix,Alpine,COL,18,15,HARD,18,39.656,23.049,50.256,112.961
1,Australian Grand Prix,Alpine,COL,19,15,HARD,19,39.674,24.199,37.803,101.676
1,Australian Grand Prix,Alpine,COL,20,15,HARD,20,29.839,18.136,37.356,85.331
1,Australian Grand Prix,Alpine,COL,21,15,HARD,21,29.764,18.096,37.072,84.932
1,Australian Grand Prix,Alpine,COL,22,15,HARD,22,29.789,17.999,37.223,85.011
1,Australian Grand Prix,Alpine,COL,23,15,HARD,23,29.869,18.049,37.218,85.136
1,Australian Grand Prix,Alpine,COL,24,15,HARD,24,30.097,18.128,37.224,85.449
1,Australian Grand Prix,Alpine,COL,25,15,HARD,25,29.946,18.102,37.177,85.225
1,Australian Grand Prix,Alpine,COL,26,15,HARD,26,29.93,18.081,37.163,85.174
1,Australian Grand Prix,Alpine,COL,27,15,HARD,27,30.037,18.139,37.45,85.626
1,Australian Grand Prix,Alpine,COL,28,15,HARD,28,30.003,18.067,38.102,86.172
1,Australian Grand Prix,Alpine,COL,29,15,HARD,29,30.995,18.014,37.474,86.483
1,Australian Grand Prix,Alpine,COL,30,15,HARD,30,30.111,18.034,37.421,85.566
1,Australian Grand Prix,Alpine,COL,31,15,HARD,31,31.496,17.976,37.788,87.26
1,Australian Grand Prix,Alpine,COL,32,15,HARD,32,30.159,18.001,37.547,85.707
1,Australian Grand Prix,Alpine,COL,33,15,HARD,33,32.599,27.744,40.198,100.541
1,Australian Grand Prix,Alpine,COL,34,13,HARD,34,30.806,18.018,37.243,86.067
1,Australian Grand Prix,Alpine,COL,35,13,HARD,35,30.24,17.955,37.438,85.633
1,Australian Grand Prix,Alpine,COL,36,13,HARD,36,30.218,18.176,39.04,87.434
1,Australian Grand Prix,Alpine,COL,37,14,HARD,37,30.234,18.605,38.208,87.047
1,Australian Grand Prix,Alpine,COL,38,14,HARD,38,30.376,18.535,38.101,87.012
1,Australian Grand Prix,Alpine,COL,39,14,HARD,39,30.268,18.179,38.517,86.964
1,Australian Grand Prix,Alpine,COL,40,14,HARD,40,30.853,17.99,37.822,86.665
1,Australian Grand Prix,Alpine,COL,41,14,HARD,41,30.443,18.308,37.718,86.469
1,Australian Grand Prix,Alpine,COL,42,14,HARD,42,30.041,18.114,37.12,85.275
1,Australian Grand Prix,Alpine,COL,43,14,HARD,43,30.093,18.083,37.205,85.381
1,Australian Grand Prix,Alpine,COL,44,14,HARD,44,30.052,18.011,37.177,85.24
1,Australian Grand Prix,Alpine,COL,45,14,HARD,45,29.961,17.996,36.982,84.939
1,Australian Grand Prix,Alpine,COL,46,14,HARD,46,30.115,19.536,53.26,102.911
1,Australian Grand Prix,Alpine,COL,47,14,SOFT,1,35.971,17.845,36.493,90.309
1,Australian Grand Prix,Alpine,COL,48,14,SOFT,2,29.194,17.38,36.352,82.926
1,Australian Grand Prix,Alpine,COL,49,14,SOFT,3,29.042,17.815,36.402,83.259
1,Australian Grand Prix,Alpine,COL,50,14,SOFT,4,29.463,17.65,36.608,83.721
1,Australian Grand Prix,Alpine,COL,51,14,SOFT,5,29.397,17.611,38.625,85.633
1,Australian Grand Prix,Alpine,COL,52,14,SOFT,6,30.396,17.677,37.078,85.151
1,Australian Grand Prix,Alpine,COL,53,14,SOFT,7,30.919,19.007,37.194,87.12
1,Australian Grand Prix,Alpine,COL,54,14,SOFT,8,29.24,17.92,36.828,83.988
1,Australian Grand Prix,Alpine,COL,55,14,SOFT,9,29.52,17.75,36.642,83.912
1,Australian Grand Prix,Alpine,COL,56,14,SOFT,10,29.465,17.601,36.555,83.621
1,Australian Grand Prix,Ferrari,HAM,1,3,MEDIUM,1,,18.385,37.713,95.261
1,Australian Grand Prix,Ferrari,HAM,2,3,MEDIUM,2,29.988,18.115,36.523,84.626
1,Australian Grand Prix,Ferrari,HAM,3,3,MEDIUM,3,30.233,18.076,36.565,84.874
1,Australian Grand Prix,Ferrari,HAM,4,3,MEDIUM,4,30.332,18.021,36.713,85.066
1,Australian Grand Prix,Ferrari,HAM,5,3,MEDIUM,5,29.967,18.029,36.506,84.502
1,Australian Grand Prix,Ferrari,HAM,6,3,MEDIUM,6,29.97,18.016,36.717,84.703
1,Australian Grand Prix,Ferrari,HAM,7,3,MEDIUM,7,29.888,18.034,36.443,84.365
1,Australian Grand Prix,Ferrari,HAM,8,3,MEDIUM,8,29.787,18.093,36.528,84.408
1,Australian Grand Prix,Ferrari,HAM,9,3,MEDIUM,9,30.984,18.266,36.594,85.844
1,Australian Grand Prix,Ferrari,HAM,10,3,MEDIUM,10,29.827,17.875,36.553,84.255
1,Australian Grand Prix,Ferrari,HAM,11,3,MEDIUM,11,29.686,17.816,36.571,84.073
1,Australian Grand Prix,Ferrari,HAM,12,2,MEDIUM,12,40.845,28.326,45.787,114.958
1,Australian Grand Prix,Ferrari,HAM,13,2,MEDIUM,13,41.178,27.777,47.36,116.315
1,Australian Grand Prix,Ferrari,HAM,14,2,MEDIUM,14,33.824,17.902,36.601,88.327
1,Australian Grand Prix,Ferrari,HAM,15,2,MEDIUM,15,29.547,17.763,36.393,83.703
1,Australian Grand Prix,Ferrari,HAM,16,2,MEDIUM,16,29.291,17.817,36.304,83.412
1,Australian Grand Prix,Ferrari,HAM,17,2,MEDIUM,17,29.729,17.883,36.433,84.045
1,Australian Grand Prix,Ferrari,HAM,18,2,MEDIUM,18,29.625,17.793,44.179,91.597
1,Australian Grand Prix,Ferrari,HAM,19,2,MEDIUM,19,37.081,24.573,51.446,113.1
1,Australian Grand Prix,Ferrari,HAM,20,2,MEDIUM,20,37.133,18.014,36.49,91.637
1,Australian Grand Prix,Ferrari,HAM,21,2,MEDIUM,21,29.381,17.818,36.418,83.617
1,Australian Grand Prix,Ferrari,HAM,22,2,MEDIUM,22,29.258,17.832,36.419,83.509
1,Australian Grand Prix,Ferrari,HAM,23,2,MEDIUM,23,29.306,17.766,36.31,83.382
1,Australian Grand Prix,Ferrari,HAM,24,2,MEDIUM,24,29.999,17.913,36.417,84.329
1,Australian Grand Prix,Ferrari,HAM,25,1,MEDIUM,25,29.419,17.845,36.396,83.66
1,Australian Grand Prix,Ferrari,HAM,26,1,MEDIUM,26,29.611,17.867,36.607,84.085
1,Australian Grand Prix,Ferrari,HAM,27,1,MEDIUM,27,29.455,17.86,36.445,83.76
1,Australian Grand Prix,Ferrari,HAM,28,4,MEDIUM,28,29.438,17.924,52.216,99.578
1,Australian Grand Prix,Ferrari,HAM,29,4,HARD,1,35.116,17.909,36.11,89.135
1,Australian Grand Prix,Ferrari,HAM,30,4,HARD,2,29.431,17.923,36.12,83.474
1,Australian Grand Prix,Ferrari,HAM,31,4,HARD,3,29.336,17.854,35.939,83.129
1,Australian Grand Prix,Ferrari,HAM,32,4,HARD,4,29.328,17.835,36.022,83.185
1,Australian Grand Prix,Ferrari,HAM,33,4,HARD,5,29.415,17.921,36.439,83.775
1,Australian Grand Prix,Ferrari,HAM,34,4,HARD,6,36.057,24.217,38.041,98.315
1,Australian Grand Prix,Ferrari,HAM,35,4,HARD,7,29.381,17.698,36.238,83.317
1,Australian Grand Prix,Ferrari,HAM,36,4,HARD,8,29.42,17.712,36.206,83.338
1,Australian Grand Prix,Ferrari,HAM,37,4,HARD,9,29.353,17.661,36.072,83.086
1,Australian Grand Prix,Ferrari,HAM,38,4,HARD,10,29.069,17.752,35.867,82.688
1,Australian Grand Prix,Ferrari,HAM,39,4,HARD,11,28.919,17.689,35.928,82.536
1,Australian Grand Prix,Ferrari,HAM,40,4,HARD,12,29.091,17.679,35.78,82.55
1,Australian Grand Prix,Ferrari,HAM,41,4,HARD,13,29.065,17.564,36.019,82.648
1,Australian Grand Prix,Ferrari,HAM,42,4,HARD,14,29.114,17.688,35.834,82.636
1,Australian Grand Prix,Ferrari,HAM,43,4,HARD,15,28.993,17.663,35.903,82.559
1,Australian Grand Prix,Ferrari,HAM,44,4,HARD,16,29.087,17.685,36.065,82.837
1,Australian Grand Prix,Ferrari,HAM,45,4,HARD,17,28.867,17.57,36.092,82.529
1,Australian Grand Prix,Ferrari,HAM,46,4,HARD,18,29.158,17.77,36.017,82.945
1,Australian Grand Prix,Ferrari,HAM,47,4,HARD,19,29.105,17.709,35.863,82.677
1,Australian Grand Prix,Ferrari,HAM,48,4,HARD,20,29.189,17.665,35.91,82.764
1,Australian Grand Prix,Ferrari,HAM,49,4,HARD,21,29.086,17.65,36.099,82.835
1,Australian Grand Prix,Ferrari,HAM,50,4,HARD,22,29.107,17.787,36.416,83.31
1,Australian Grand Prix,Ferrari,HAM,51,4,HARD,23,29.231,17.661,35.791,82.683
1,Australian Grand Prix,Ferrari,HAM,52,4,HARD,24,29.158,17.67,36.18,83.008
1,Australian Grand Prix,Ferrari,HAM,53,4,HARD,25,29.52,17.678,35.967,83.165
1,Australian Grand Prix,Ferrari,HAM,54,4,HARD,26,29.035,17.661,35.858,82.554
1,Australian Grand Prix,Ferrari,HAM,55,4,HARD,27,29.094,17.613,35.716,82.423
1,Australian Grand Prix,Ferrari,HAM,56,4,HARD,28,28.996,17.577,35.927,82.5
1,Australian Grand Prix,Ferrari,HAM,57,4,HARD,29,29.004,17.632,36.08,82.716
1,Australian Grand Prix,Ferrari,HAM,58,4,HARD,30,29.096,17.505,36.036,82.637
1,Australian Grand Prix,Audi,BOR,1,11,MEDIUM,1,,18.975,38.744,98.755
1,Australian Grand Prix,Audi,BOR,2,11,MEDIUM,2,31.092,18.428,38.018,87.538
1,Australian Grand Prix,Audi,BOR,3,10,MEDIUM,3,30.546,18.125,37.653,86.324
1,Australian Grand Prix,Audi,BOR,4,10,MEDIUM,4,30.416,18.415,37.201,86.032
1,Australian Grand Prix,Audi,BOR,5,10,MEDIUM,5,30.512,17.836,37.979,86.327
1,Australian Grand Prix,Audi,BOR,6,12,MEDIUM,6,31.563,18.038,37.862,87.463
1,Australian Grand Prix,Audi,BOR,7,12,MEDIUM,7,30.465,17.945,37.375,85.785
1,Australian Grand Prix,Audi,BOR,8,12,MEDIUM,8,30.114,17.925,37.431,85.47
1,Australian Grand Prix,Audi,BOR,9,12,MEDIUM,9,30.146,17.839,37.239,85.224
1,Australian Grand Prix,Audi,BOR,10,12,MEDIUM,10,30.476,17.834,37.251,85.561
1,Australian Grand Prix,Audi,BOR,11,8,MEDIUM,11,30.096,17.91,43.856,91.862
1,Australian Grand Prix,Audi,BOR,12,8,MEDIUM,12,39.819,27.688,46.857,114.364
1,Australian Grand Prix,Audi,BOR,13,8,MEDIUM,13,40.36,28.226,45.859,114.445
1,Australian Grand Prix,Audi,BOR,14,8,MEDIUM,14,31.023,17.824,37.111,85.958
1,Australian Grand Prix,Audi,BOR,15,8,MEDIUM,15,29.86,17.908,37.051,84.819
1,Australian Grand Prix,Audi,BOR,16,8,MEDIUM,16,29.821,17.96,37.199,84.98
1,Australian Grand Prix,Audi,BOR,17,8,MEDIUM,17,29.831,18.092,37.138,85.061
1,Australian Grand Prix,Audi,BOR,18,9,MEDIUM,18,30.685,18.12,61.554,110.359
1,Australian Grand Prix,Audi,BOR,19,11,HARD,1,44.929,25.326,45.424,115.679
1,Australian Grand Prix,Audi,BOR,20,9,HARD,2,29.953,18.498,36.75,85.201
1,Australian Grand Prix,Audi,BOR,21,9,HARD,3,29.937,18.308,36.799,85.044
1,Australian Grand Prix,Audi,BOR,22,9,HARD,4,29.747,18.079,36.602,84.428
1,Australian Grand Prix,Audi,BOR,23,9,HARD,5,29.835,17.95,36.55,84.335
1,Australian Grand Prix,Audi,BOR,24,9,HARD,6,29.815,18.001,36.511,84.327
1,Australian Grand Prix,Audi,BOR,25,9,HARD,7,29.685,18.019,36.666,84.37
1,Australian Grand Prix,Audi,BOR,26,9,HARD,8,29.804,18.015,36.714,84.533
1,Australian Grand Prix,Audi,BOR,27,9,HARD,9,29.947,17.963,36.625,84.535
1,Australian Grand Prix,Audi,BOR,28,9,HARD,10,29.912,18.051,36.477,84.44
1,Australian Grand Prix,Audi,BOR,29,9,HARD,11,29.861,18.058,36.775,84.694
1,Australian Grand Prix,Audi,BOR,30,9,HARD,12,29.865,17.935,36.564,84.364
1,Australian Grand Prix,Audi,BOR,31,9,HARD,13,29.79,17.858,36.505,84.153
1,Australian Grand Prix,Audi,BOR,32,9,HARD,14,29.576,17.889,36.513,83.978
1,Australian Grand Prix,Audi,BOR,33,11,HARD,15,29.944,17.988,56.303,104.235
1,Australian Grand Prix,Audi,BOR,34,11,HARD,1,38.94,18.065,36.281,93.286
1,Australian Grand Prix,Audi,BOR,35,11,HARD,2,29.405,18.24,36.309,83.954
1,Australian Grand Prix,Audi,BOR,36,11,HARD,3,29.478,17.963,36.214,83.655
1,Australian Grand Prix,Audi,BOR,37,11,HARD,4,29.506,17.848,36.378,83.732
1,Australian Grand Prix,Audi,BOR,38,11,HARD,5,29.421,17.884,37.814,85.119
1,Australian Grand Prix,Audi,BOR,39,10,HARD,6,30.093,18.191,36.546,84.83
1,Australian Grand Prix,Audi,BOR,40,9,HARD,7,29.516,18.522,36.658,84.696
1,Australian Grand Prix,Audi,BOR,41,9,HARD,8,29.94,18.115,36.415,84.47
1,Australian Grand Prix,Audi,BOR,42,9,HARD,9,29.508,17.946,36.349,83.803
1,Australian Grand Prix,Audi,BOR,43,9,HARD,10,29.475,17.879,36.289,83.643
1,Australian Grand Prix,Audi,BOR,44,9,HARD,11,29.581,17.856,36.299,83.736
1,Australian Grand Prix,Audi,BOR,45,9,HARD,12,29.395,17.8,36.062,83.257
1,Australian Grand Prix,Audi,BOR,46,9,HARD,13,29.447,17.774,36.125,83.346
1,Australian Grand Prix,Audi,BOR,47,9,HARD,14,29.482,17.841,36.653,83.976
1,Australian Grand Prix,Audi,BOR,48,9,HARD,15,30.382,17.891,36.735,85.008
1,Australian Grand Prix,Audi,BOR,49,9,HARD,16,29.559,17.87,37.46,84.889
1,Australian Grand Prix,Audi,BOR,50,9,HARD,17,29.719,17.835,36.77,84.324
1,Australian Grand Prix,Audi,BOR,51,9,HARD,18,29.804,18.319,37.512,85.635
1,Australian Grand Prix,Audi,BOR,52,9,HARD,19,29.711,17.927,36.721,84.359
1,Australian Grand Prix,Audi,BOR,53,9,HARD,20,29.756,17.889,38.418,86.063
1,Australian Grand Prix,Audi,BOR,54,9,HARD,21,29.857,17.721,36.97,84.548
1,Australian Grand Prix,Audi,BOR,55,9,HARD,22,30.15,17.991,37.127,85.268
1,Australian Grand Prix,Audi,BOR,56,9,HARD,23,29.823,17.878,36.814,84.515
1,Australian Grand Prix,Audi,BOR,57,9,HARD,24,29.522,18.166,37.133,84.821
1,Australian Grand Prix,Williams,SAI,1,13,SOFT,1,,19.143,39.148,99.815
1,Australian Grand Prix,Williams,SAI,2,14,SOFT,2,31.713,18.211,38.056,87.98
1,Australian Grand Prix,Williams,SAI,3,15,SOFT,3,31.187,18.048,38.858,88.093
1,Australian Grand Prix,Williams,SAI,4,15,SOFT,4,30.511,18.372,38.333,87.216
1,Australian Grand Prix,Williams,SAI,5,15,SOFT,5,30.419,18.057,39.035,87.511
1,Australian Grand Prix,Williams,SAI,6,14,SOFT,6,30.787,18.201,37.884,86.872
1,Australian Grand Prix,Williams,SAI,7,14,SOFT,7,30.022,18.348,37.328,85.698
1,Australian Grand Prix,Williams,SAI,8,14,SOFT,8,30.051,18.228,37.154,85.433
1,Australian Grand Prix,Williams,SAI,9,14,SOFT,9,29.997,18.347,37.482,85.826
1,Australian Grand Prix,Williams,SAI,10,14,SOFT,10,30.638,18.332,37.232,86.202
1,Australian Grand Prix,Williams,SAI,11,13,SOFT,11,30.181,18.25,58.481,106.912
1,Australian Grand Prix,Williams,SAI,12,13,HARD,1,43.366,25.069,48.411,116.846
1,Australian Grand Prix,Williams,SAI,13,13,HARD,2,41.682,26.884,39.775,108.341
1,Australian Grand Prix,Williams,SAI,14,13,HARD,3,29.998,18.087,36.842,84.927
1,Australian Grand Prix,Williams,SAI,15,13,HARD,4,29.765,18.155,36.904,84.824
1,Australian Grand Prix,Williams,SAI,16,12,HARD,5,29.783,18.143,37.014,84.94
1,Australian Grand Prix,Williams,SAI,17,12,HARD,6,29.86,18.235,37.056,85.151
1,Australian Grand Prix,Williams,SAI,18,12,HARD,7,29.887,27.055,45.878,102.82
1,Australian Grand Prix,Williams,SAI,19,12,HARD,8,42.226,23.719,44.135,110.08
1,Australian Grand Prix,Williams,SAI,20,12,HARD,9,29.948,18.238,37.208,85.394
1,Australian Grand Prix,Williams,SAI,21,12,HARD,10,29.886,18.212,37.311,85.409
1,Australian Grand Prix,Williams,SAI,22,12,HARD,11,30.0,18.143,37.227,85.37
1,Australian Grand Prix,Williams,SAI,23,12,HARD,12,29.925,18.23,37.445,85.6
1,Australian Grand Prix,Williams,SAI,24,12,HARD,13,30.109,18.234,37.361,85.704
1,Australian Grand Prix,Williams,SAI,25,12,HARD,14,30.227,18.286,37.609,86.122
1,Australian Grand Prix,Williams,SAI,26,12,HARD,15,30.101,18.471,37.569,86.141
1,Australian Grand Prix,Williams,SAI,27,12,HARD,16,30.032,18.344,37.748,86.124
1,Australian Grand Prix,Williams,SAI,28,12,HARD,17,30.439,18.438,37.919,86.796
1,Australian Grand Prix,Williams,SAI,29,13,HARD,18,30.484,18.443,39.122,88.049
1,Australian Grand Prix,Williams,SAI,30,13,HARD,19,30.748,18.308,38.039,87.095
1,Australian Grand Prix,Williams,SAI,31,13,HARD,20,30.585,18.197,37.857,86.639
1,Australian Grand Prix,Williams,SAI,32,13,HARD,21,30.628,18.361,38.397,87.386
1,Australian Grand Prix,Williams,SAI,33,14,HARD,22,30.606,18.531,70.724,119.861
1,Australian Grand Prix,Williams,SAI,34,15,MEDIUM,1,36.393,18.189,38.439,93.021
1,Australian Grand Prix,Williams,SAI,35,15,MEDIUM,2,29.725,18.12,37.036,84.881
1,Australian Grand Prix,Williams,SAI,36,15,MEDIUM,3,29.914,18.07,36.82,84.804
1,Australian Grand Prix,Williams,SAI,37,15,MEDIUM,4,29.697,18.099,37.414,85.21
1,Australian Grand Prix,Williams,SAI,38,15,MEDIUM,5,30.364,18.312,38.529,87.205
1,Australian Grand Prix,Williams,SAI,39,15,MEDIUM,6,30.213,17.83,39.223,87.266
1,Australian Grand Prix,Williams,SAI,40,15,MEDIUM,7,30.49,17.986,37.746,86.222
1,Australian Grand Prix,Williams,SAI,41,15,MEDIUM,8,30.627,17.963,38.127,86.717
1,Australian Grand Prix,Williams,SAI,42,15,MEDIUM,9,30.05,17.96,37.351,85.361
1,Australian Grand Prix,Williams,SAI,43,15,MEDIUM,10,30.117,17.882,37.288,85.287
1,Australian Grand Prix,Williams,SAI,44,15,MEDIUM,11,30.218,18.005,37.306,85.529
1,Australian Grand Prix,Williams,SAI,45,15,MEDIUM,12,30.019,18.045,68.327,116.391
1,Australian Grand Prix,Williams,SAI,46,15,SOFT,1,37.024,18.112,36.453,91.589
1,Australian Grand Prix,Williams,SAI,47,15,SOFT,2,29.27,17.805,49.134,96.209
1,Australian Grand Prix,Williams,SAI,48,15,SOFT,3,30.091,18.142,36.744,84.977
1,Australian Grand Prix,Williams,SAI,49,15,SOFT,4,29.343,18.041,36.538,83.922
1,Australian Grand Prix,Williams,SAI,50,15,SOFT,5,29.2,17.936,36.464,83.6
1,Australian Grand Prix,Williams,SAI,51,15,SOFT,6,29.442,18.002,36.426,83.87
1,Australian Grand Prix,Williams,SAI,52,15,SOFT,7,29.198,18.018,36.374,83.59
1,Australian Grand Prix,Williams,SAI,53,15,SOFT,8,33.135,18.257,36.569,87.961
1,Australian Grand Prix,Williams,SAI,54,15,SOFT,9,29.358,18.216,36.692,84.266
1,Australian Grand Prix,Williams,SAI,55,15,SOFT,10,29.303,18.121,36.385,83.809
1,Australian Grand Prix,Williams,SAI,56,15,SOFT,11,29.171,18.86,36.792,84.823
1,Australian Grand Prix,Red Bull Racing,HAD,1,4,MEDIUM,1,,18.486,39.205,96.046
1,Australian Grand Prix,Red Bull Racing,HAD,2,4,MEDIUM,2,30.189,18.684,37.114,85.987
1,Australian Grand Prix,Red Bull Racing,HAD,3,4,MEDIUM,3,30.094,18.602,36.86,85.556
1,Australian Grand Prix,Red Bull Racing,HAD,4,4,MEDIUM,4,29.956,18.801,36.585,85.342
1,Australian Grand Prix,Red Bull Racing,HAD,5,4,MEDIUM,5,30.182,18.728,36.445,85.355
1,Australian Grand Prix,Red Bull Racing,HAD,6,5,MEDIUM,6,29.869,18.771,37.239,85.879
1,Australian Grand Prix,Red Bull Racing,HAD,7,5,MEDIUM,7,30.33,18.575,36.54,85.445
1,Australian Grand Prix,Red Bull Racing,HAD,8,5,MEDIUM,8,30.016,18.842,36.455,85.313
1,Australian Grand Prix,Red Bull Racing,HAD,9,5,MEDIUM,9,29.867,18.795,36.577,85.239
1,Australian Grand Prix,Red Bull Racing,HAD,10,5,MEDIUM,10,29.916,18.845,36.602,85.363
1,Australian Grand Prix,Red Bull Racing,HAD,11,,MEDIUM,11,,,,
1,Australian Grand Prix,Mercedes,RUS,1,2,MEDIUM,1,,18.344,36.548,92.694
1,Australian Grand Prix,Mercedes,RUS,2,1,MEDIUM,2,29.753,17.841,37.413,85.007
1,Australian Grand Prix,Mercedes,RUS,3,2,MEDIUM,3,29.845,18.533,38.066,86.444
1,Australian Grand Prix,Mercedes,RUS,4,2,MEDIUM,4,29.949,17.802,37.038,84.789
1,Australian Grand Prix,Mercedes,RUS,5,2,MEDIUM,5,29.636,17.848,36.533,84.017
1,Australian Grand Prix,Mercedes,RUS,6,2,MEDIUM,6,29.498,17.709,37.432,84.639
1,Australian Grand Prix,Mercedes,RUS,7,2,MEDIUM,7,29.617,18.059,36.423,84.099
1,Australian Grand Prix,Mercedes,RUS,8,2,MEDIUM,8,29.435,18.391,37.364,85.19
1,Australian Grand Prix,Mercedes,RUS,9,2,MEDIUM,9,31.313,18.163,36.502,85.978
1,Australian Grand Prix,Mercedes,RUS,10,2,MEDIUM,10,29.655,18.171,36.286,84.112
1,Australian Grand Prix,Mercedes,RUS,11,2,MEDIUM,11,29.442,18.107,36.418,83.967
1,Australian Grand Prix,Mercedes,RUS,12,3,MEDIUM,12,40.129,29.038,56.773,125.94
1,Australian Grand Prix,Mercedes,RUS,13,3,HARD,1,42.643,28.724,46.292,117.659
1,Australian Grand Prix,Mercedes,RUS,14,3,HARD,2,32.616,18.054,36.424,87.094
1,Australian Grand Prix,Mercedes,RUS,15,3,HARD,3,29.08,17.746,35.999,82.825
1,Australian Grand Prix,Mercedes,RUS,16,3,HARD,4,29.106,17.699,36.118,82.923
1,Australian Grand Prix,Mercedes,RUS,17,3,HARD,5,29.085,17.75,35.93,82.765
1,Australian Grand Prix,Mercedes,RUS,18,3,HARD,6,29.523,17.783,41.673,88.979
1,Australian Grand Prix,Mercedes,RUS,19,3,HARD,7,39.873,26.221,49.163,115.257
1,Australian Grand Prix,Mercedes,RUS,20,3,HARD,8,37.085,17.866,35.985,90.936
1,Australian Grand Prix,Mercedes,RUS,21,3,HARD,9,28.979,17.717,35.974,82.67
1,Australian Grand Prix,Mercedes,RUS,22,3,HARD,10,29.065,17.777,36.05,82.892
1,Australian Grand Prix,Mercedes,RUS,23,3,HARD,11,28.915,17.696,36.217,82.828
1,Australian Grand Prix,Mercedes,RUS,24,3,HARD,12,29.631,17.798,36.037,83.466
1,Australian Grand Prix,Mercedes,RUS,25,2,HARD,13,28.936,17.717,36.226,82.879
1,Australian Grand Prix,Mercedes,RUS,26,2,HARD,14,29.058,17.797,36.238,83.093
1,Australian Grand Prix,Mercedes,RUS,27,2,HARD,15,29.123,17.719,36.346,83.188
1,Australian Grand Prix,Mercedes,RUS,28,1,HARD,16,28.857,17.643,36.89,83.39
1,Australian Grand Prix,Mercedes,RUS,29,1,HARD,17,29.066,18.031,36.389,83.486
1,Australian Grand Prix,Mercedes,RUS,30,1,HARD,18,29.204,17.788,36.28,83.272
1,Australian Grand Prix,Mercedes,RUS,31,1,HARD,19,29.132,17.699,36.316,83.147
1,Australian Grand Prix,Mercedes,RUS,32,1,HARD,20,29.174,17.728,36.638,83.54
1,Australian Grand Prix,Mercedes,RUS,33,1,HARD,21,29.242,17.777,36.819,83.838
1,Australian Grand Prix,Mercedes,RUS,34,1,HARD,22,29.314,25.319,42.959,97.592
1,Australian Grand Prix,Mercedes,RUS,35,1,HARD,23,29.314,17.824,35.879,83.017
1,Australian Grand Prix,Mercedes,RUS,36,1,HARD,24,29.079,17.753,35.897,82.729
1,Australian Grand Prix,Mercedes,RUS,37,1,HARD,25,29.197,17.745,35.897,82.839
1,Australian Grand Prix,Mercedes,RUS,38,1,HARD,26,29.211,17.79,35.862,82.863
1,Australian Grand Prix,Mercedes,RUS,39,1,HARD,27,29.102,17.664,35.972,82.738
1,Australian Grand Prix,Mercedes,RUS,40,1,HARD,28,29.172,17.651,36.092,82.915
1,Australian Grand Prix,Mercedes,RUS,41,1,HARD,29,29.173,17.609,36.291,83.073
1,Australian Grand Prix,Mercedes,RUS,42,1,HARD,30,29.325,17.652,36.077,83.054
1,Australian Grand Prix,Mercedes,RUS,43,1,HARD,31,29.111,17.575,36.207,82.893
1,Australian Grand Prix,Mercedes,RUS,44,1,HARD,32,29.17,17.585,36.101,82.856
1,Australian Grand Prix,Mercedes,RUS,45,1,HARD,33,29.305,17.512,36.66,83.477
1,Australian Grand Prix,Mercedes,RUS,46,1,HARD,34,29.348,18.049,36.354,83.751
1,Australian Grand Prix,Mercedes,RUS,47,1,HARD,35,29.286,17.617,36.13,83.033
1,Australian Grand Prix,Mercedes,RUS,48,1,HARD,36,29.18,17.596,36.258,83.034
1,Australian Grand Prix,Mercedes,RUS,49,1,HARD,37,29.104,17.537,36.203,82.844
1,Australian Grand Prix,Mercedes,RUS,50,1,HARD,38,29.182,17.631,36.274,83.087
1,Australian Grand Prix,Mercedes,RUS,51,1,HARD,39,29.204,17.493,36.065,82.762
1,Australian Grand Prix,Mercedes,RUS,52,1,HARD,40,29.323,17.606,36.177,83.106
1,Australian Grand Prix,Mercedes,RUS,53,1,HARD,41,29.144,17.461,36.464,83.069
1,Australian Grand Prix,Mercedes,RUS,54,1,HARD,42,29.272,17.56,36.268,83.1
1,Australian Grand Prix,Mercedes,RUS,55,1,HARD,43,29.116,17.549,36.005,82.67
1,Australian Grand Prix,Mercedes,RUS,56,1,HARD,44,29.134,17.535,36.088,82.757
1,Australian Grand Prix,Mercedes,RUS,57,1,HARD,45,29.225,17.458,36.505,83.188
1,Australian Grand Prix,Mercedes,RUS,58,1,HARD,46,29.312,17.63,36.409,83.351
1,Australian Grand Prix,Cadillac,BOT,1,15,HARD,1,,19.068,39.739,100.85
1,Australian Grand Prix,Cadillac,BOT,2,18,HARD,2,31.409,18.42,40.323,90.152
1,Australian Grand Prix,Cadillac,BOT,3,19,HARD,3,31.489,18.72,39.01,89.219
1,Australian Grand Prix,Cadillac,BOT,4,19,HARD,4,31.136,18.765,38.156,88.057
1,Australian Grand Prix,Cadillac,BOT,5,19,HARD,5,31.043,18.319,38.376,87.738
1,Australian Grand Prix,Cadillac,BOT,6,19,HARD,6,31.064,18.361,38.379,87.804
1,Australian Grand Prix,Cadillac,BOT,7,19,HARD,7,30.778,18.242,38.437,87.457
1,Australian Grand Prix,Cadillac,BOT,8,19,HARD,8,30.99,18.033,38.341,87.364
1,Australian Grand Prix,Cadillac,BOT,9,18,HARD,9,31.159,18.191,38.329,87.679
1,Australian Grand Prix,Cadillac,BOT,10,18,HARD,10,31.044,18.182,38.435,87.661
1,Australian Grand Prix,Cadillac,BOT,11,15,HARD,11,31.235,18.158,49.665,99.058
1,Australian Grand Prix,Cadillac,BOT,12,19,HARD,12,46.72,45.988,99.334,
1,Australian Grand Prix,Cadillac,BOT,13,18,HARD,13,43.535,19.556,41.02,104.111
1,Australian Grand Prix,Cadillac,BOT,14,18,HARD,14,33.091,18.948,39.35,91.389
1,Australian Grand Prix,Cadillac,BOT,15,18,HARD,15,34.194,18.205,38.931,91.33
1,Australian Grand Prix,Cadillac,BOT,16,,HARD,16,,,,
1,Australian Grand Prix,Haas F1 Team,BEA,1,14,MEDIUM,1,,19.072,38.855,99.765
1,Australian Grand Prix,Haas F1 Team,BEA,2,12,MEDIUM,2,31.318,17.972,38.031,87.321
1,Australian Grand Prix,Haas F1 Team,BEA,3,11,MEDIUM,3,30.808,17.827,37.749,86.384
1,Australian Grand Prix,Haas F1 Team,BEA,4,11,MEDIUM,4,30.862,17.971,37.087,85.92
1,Australian Grand Prix,Haas F1 Team,BEA,5,11,MEDIUM,5,30.282,17.787,37.934,86.003
1,Australian Grand Prix,Haas F1 Team,BEA,6,10,MEDIUM,6,30.46,17.915,37.594,85.969
1,Australian Grand Prix,Haas F1 Team,BEA,7,10,MEDIUM,7,30.059,17.825,37.311,85.195
1,Australian Grand Prix,Haas F1 Team,BEA,8,11,MEDIUM,8,30.659,17.882,37.505,86.046
1,Australian Grand Prix,Haas F1 Team,BEA,9,11,MEDIUM,9,30.278,17.817,37.302,85.397
1,Australian Grand Prix,Haas F1 Team,BEA,10,11,MEDIUM,10,30.297,18.01,37.361,85.668
1,Australian Grand Prix,Haas F1 Team,BEA,11,7,MEDIUM,11,30.208,17.831,43.364,91.403
1,Australian Grand Prix,Haas F1 Team,BEA,12,7,MEDIUM,12,40.352,27.394,47.293,115.039
1,Australian Grand Prix,Haas F1 Team,BEA,13,7,MEDIUM,13,40.159,28.27,45.354,113.783
1,Australian Grand Prix,Haas F1 Team,BEA,14,7,MEDIUM,14,30.797,17.889,36.942,85.628
1,Australian Grand Prix,Haas F1 Team,BEA,15,7,MEDIUM,15,29.899,17.9,36.763,84.562
1,Australian Grand Prix,Haas F1 Team,BEA,16,7,MEDIUM,16,29.989,17.862,36.712,84.563
1,Australian Grand Prix,Haas F1 Team,BEA,17,7,MEDIUM,17,29.903,17.864,37.04,84.807
1,Australian Grand Prix,Haas F1 Team,BEA,18,8,MEDIUM,18,29.941,17.901,59.762,107.604
1,Australian Grand Prix,Haas F1 Team,BEA,19,8,HARD,1,43.316,26.017,47.344,116.677
1,Australian Grand Prix,Haas F1 Team,BEA,20,8,HARD,2,30.325,18.096,36.765,85.186
1,Australian Grand Prix,Haas F1 Team,BEA,21,8,HARD,3,29.657,17.797,36.749,84.203
1,Australian Grand Prix,Haas F1 Team,BEA,22,8,HARD,4,29.612,17.74,36.668,84.02
1,Australian Grand Prix,Haas F1 Team,BEA,23,8,HARD,5,29.567,17.634,37.767,84.968
1,Australian Grand Prix,Haas F1 Team,BEA,24,8,HARD,6,30.072,17.69,36.93,84.692
1,Australian Grand Prix,Haas F1 Team,BEA,25,8,HARD,7,29.636,17.814,36.608,84.058
1,Australian Grand Prix,Haas F1 Team,BEA,26,8,HARD,8,29.668,17.625,36.862,84.155
1,Australian Grand Prix,Haas F1 Team,BEA,27,8,HARD,9,29.726,17.609,36.949,84.284
1,Australian Grand Prix,Haas F1 Team,BEA,28,8,HARD,10,29.846,17.628,36.742,84.216
1,Australian Grand Prix,Haas F1 Team,BEA,29,8,HARD,11,30.327,17.782,37.206,85.315
1,Australian Grand Prix,Haas F1 Team,BEA,30,8,HARD,12,30.01,17.606,36.893,84.509
1,Australian Grand Prix,Haas F1 Team,BEA,31,8,HARD,13,29.852,17.853,36.922,84.627
1,Australian Grand Prix,Haas F1 Team,BEA,32,8,HARD,14,29.938,17.578,37.49,85.006
1,Australian Grand Prix,Haas F1 Team,BEA,33,8,HARD,15,29.897,17.831,42.919,90.647
1,Australian Grand Prix,Haas F1 Team,BEA,34,8,HARD,16,36.839,18.306,37.165,92.31
1,Australian Grand Prix,Haas F1 Team,BEA,35,7,HARD,17,29.802,17.906,37.206,84.914
1,Australian Grand Prix,Haas F1 Team,BEA,36,7,HARD,18,29.899,17.866,36.833,84.598
1,Australian Grand Prix,Haas F1 Team,BEA,37,7,HARD,19,29.841,17.845,36.814,84.5
1,Australian Grand Prix,Haas F1 Team,BEA,38,8,HARD,20,30.271,17.823,36.999,85.093
1,Australian Grand Prix,Haas F1 Team,BEA,39,8,HARD,21,29.868,17.623,37.265,84.756
1,Australian Grand Prix,Haas F1 Team,BEA,40,7,HARD,22,31.001,18.417,37.57,86.988
1,Australian Grand Prix,Haas F1 Team,BEA,41,7,HARD,23,30.227,17.895,36.927,85.049
1,Australian Grand Prix,Haas F1 Team,BEA,42,7,HARD,24,29.878,17.797,36.828,84.503
1,Australian Grand Prix,Haas F1 Team,BEA,43,7,HARD,25,29.93,17.826,36.793,84.549
1,Australian Grand Prix,Haas F1 Team,BEA,44,7,HARD,26,29.765,17.929,36.918,84.612
1,Australian Grand Prix,Haas F1 Team,BEA,45,7,HARD,27,29.72,17.84,36.57,84.13
1,Australian Grand Prix,Haas F1 Team,BEA,46,7,HARD,28,29.882,17.845,36.823,84.55
1,Australian Grand Prix,Haas F1 Team,BEA,47,7,HARD,29,30.001,17.883,36.876,84.76
1,Australian Grand Prix,Haas F1 Team,BEA,48,7,HARD,30,29.64,17.866,36.898,84.404
1,Australian Grand Prix,Haas F1 Team,BEA,49,7,HARD,31,29.732,17.826,36.723,84.281
1,Australian Grand Prix,Haas F1 Team,BEA,50,7,HARD,32,29.811,17.831,36.825,84.467
1,Australian Grand Prix,Haas F1 Team,BEA,51,7,HARD,33,29.84,17.83,36.563,84.233
1,Australian Grand Prix,Haas F1 Team,BEA,52,7,HARD,34,29.794,17.777,36.693,84.264
1,Australian Grand Prix,Haas F1 Team,BEA,53,7,HARD,35,29.699,17.937,36.979,84.615
1,Australian Grand Prix,Haas F1 Team,BEA,54,7,HARD,36,29.965,17.876,36.769,84.61
1,Australian Grand Prix,Haas F1 Team,BEA,55,7,HARD,37,29.725,17.93,36.845,84.5
1,Australian Grand Prix,Haas F1 Team,BEA,56,7,HARD,38,29.768,17.858,38.813,86.439
1,Australian Grand Prix,Haas F1 Team,BEA,57,7,HARD,39,30.005,17.905,38.739,86.649
2,Chinese Grand Prix,Alpine,GAS,1,5,MEDIUM,1,,30.332,42.559,102.591
2,Chinese Grand Prix,Alpine,GAS,2,5,MEDIUM,2,26.232,30.273,42.412,98.917
2,Chinese Grand Prix,Alpine,GAS,3,5,MEDIUM,3,26.327,30.046,42.55,98.923
2,Chinese Grand Prix,Alpine,GAS,4,5,MEDIUM,4,26.278,29.879,42.56,98.717
2,Chinese Grand Prix,Alpine,GAS,5,5,MEDIUM,5,26.142,29.826,42.506,98.474
2,Chinese Grand Prix,Alpine,GAS,6,5,MEDIUM,6,26.134,29.798,42.366,98.298
2,Chinese Grand Prix,Alpine,GAS,7,5,MEDIUM,7,26.039,30.089,42.507,98.635
2,Chinese Grand Prix,Alpine,GAS,8,5,MEDIUM,8,26.03,29.874,42.523,98.427
2,Chinese Grand Prix,Alpine,GAS,9,5,MEDIUM,9,26.192,29.903,42.514,98.609
2,Chinese Grand Prix,Alpine,GAS,10,5,MEDIUM,10,26.099,29.86,57.035,112.994
2,Chinese Grand Prix,Alpine,GAS,11,9,HARD,1,54.68,40.781,63.178,
2,Chinese Grand Prix,Alpine,GAS,12,9,HARD,2,42.739,44.215,63.121,
2,Chinese Grand Prix,Alpine,GAS,13,9,HARD,3,36.457,45.437,63.665,145.559
2,Chinese Grand Prix,Alpine,GAS,14,10,HARD,4,27.047,30.627,42.734,100.408
2,Chinese Grand Prix,Alpine,GAS,15,10,HARD,5,26.131,30.252,42.5,98.883
2,Chinese Grand Prix,Alpine,GAS,16,9,HARD,6,26.058,30.253,42.333,98.644
2,Chinese Grand Prix,Alpine,GAS,17,8,HARD,7,25.803,30.3,42.135,98.238
2,Chinese Grand Prix,Alpine,GAS,18,8,HARD,8,25.714,29.545,42.334,97.593
2,Chinese Grand Prix,Alpine,GAS,19,8,HARD,9,26.154,30.545,42.626,99.325
2,Chinese Grand Prix,Alpine,GAS,20,9,HARD,10,27.158,30.103,42.243,99.504
2,Chinese Grand Prix,Alpine,GAS,21,9,HARD,11,26.059,30.115,43.034,99.208
2,Chinese Grand Prix,Alpine,GAS,22,10,HARD,12,26.564,30.393,42.381,99.338
2,Chinese Grand Prix,Alpine,GAS,23,9,HARD,13,25.759,30.001,42.307,98.067
2,Chinese Grand Prix,Alpine,GAS,24,9,HARD,14,25.781,29.894,42.698,98.373
2,Chinese Grand Prix,Alpine,GAS,25,9,HARD,15,26.28,30.069,42.219,98.568
2,Chinese Grand Prix,Alpine,GAS,26,9,HARD,16,25.953,29.802,42.065,97.82
2,Chinese Grand Prix,Alpine,GAS,27,9,HARD,17,25.744,29.934,42.485,98.163
2,Chinese Grand Prix,Alpine,GAS,28,8,HARD,18,25.886,29.866,42.473,98.225
2,Chinese Grand Prix,Alpine,GAS,29,7,HARD,19,25.857,29.475,42.234,97.566
2,Chinese Grand Prix,Alpine,GAS,30,7,HARD,20,25.679,29.518,42.935,98.132
2,Chinese Grand Prix,Alpine,GAS,31,7,HARD,21,25.811,29.447,42.376,97.634
2,Chinese Grand Prix,Alpine,GAS,32,7,HARD,22,25.75,29.413,42.09,97.253
2,Chinese Grand Prix,Alpine,GAS,33,7,HARD,23,25.649,29.312,42.162,97.123
2,Chinese Grand Prix,Alpine,GAS,34,7,HARD,24,25.703,29.32,42.17,97.193
2,Chinese Grand Prix,Alpine,GAS,35,7,HARD,25,25.72,29.432,42.141,97.293
2,Chinese Grand Prix,Alpine,GAS,36,7,HARD,26,25.743,29.398,41.962,97.103
2,Chinese Grand Prix,Alpine,GAS,37,7,HARD,27,25.561,29.247,41.944,96.752
2,Chinese Grand Prix,Alpine,GAS,38,7,HARD,28,25.579,29.221,41.872,96.672
2,Chinese Grand Prix,Alpine,GAS,39,7,HARD,29,25.596,29.263,41.895,96.754
2,Chinese Grand Prix,Alpine,GAS,40,7,HARD,30,25.632,29.297,41.936,96.865
2,Chinese Grand Prix,Alpine,GAS,41,7,HARD,31,25.596,29.407,42.211,97.214
2,Chinese Grand Prix,Alpine,GAS,42,7,HARD,32,25.53,29.337,42.159,97.026
2,Chinese Grand Prix,Alpine,GAS,43,7,HARD,33,25.507,29.286,42.084,96.877
2,Chinese Grand Prix,Alpine,GAS,44,7,HARD,34,25.497,29.267,42.0,96.764
2,Chinese Grand Prix,Alpine,GAS,45,6,HARD,35,25.484,29.296,42.115,96.895
2,Chinese Grand Prix,Alpine,GAS,46,6,HARD,36,25.528,29.293,41.927,96.748
2,Chinese Grand Prix,Alpine,GAS,47,6,HARD,37,25.608,29.299,42.677,97.584
2,Chinese Grand Prix,Alpine,GAS,48,6,HARD,38,25.56,29.288,42.162,97.01
2,Chinese Grand Prix,Alpine,GAS,49,6,HARD,39,25.496,29.22,42.036,96.752
2,Chinese Grand Prix,Alpine,GAS,50,6,HARD,40,25.51,29.456,42.074,97.04
2,Chinese Grand Prix,Alpine,GAS,51,6,HARD,41,25.517,29.221,42.015,96.753
2,Chinese Grand Prix,Alpine,GAS,52,6,HARD,42,25.469,29.305,41.868,96.642
2,Chinese Grand Prix,Alpine,GAS,53,6,HARD,43,25.388,29.218,41.899,96.505
2,Chinese Grand Prix,Alpine,GAS,54,6,HARD,44,25.356,29.236,42.09,96.682
2,Chinese Grand Prix,Alpine,GAS,55,6,HARD,45,25.449,29.222,41.967,96.638
2,Chinese Grand Prix,Alpine,GAS,56,6,HARD,46,25.321,29.355,41.893,96.569
2,Chinese Grand Prix,Cadillac,PER,1,17,MEDIUM,1,,30.88,43.334,115.089
2,Chinese Grand Prix,Cadillac,PER,2,17,MEDIUM,2,26.586,30.736,43.744,101.066
2,Chinese Grand Prix,Cadillac,PER,3,17,MEDIUM,3,26.559,31.121,43.544,101.224
2,Chinese Grand Prix,Cadillac,PER,4,17,MEDIUM,4,26.488,30.989,43.457,100.934
2,Chinese Grand Prix,Cadillac,PER,5,17,MEDIUM,5,26.428,30.987,43.563,100.978
2,Chinese Grand Prix,Cadillac,PER,6,17,MEDIUM,6,26.336,30.959,43.262,100.557
2,Chinese Grand Prix,Cadillac,PER,7,17,MEDIUM,7,26.521,30.988,43.409,100.918
2,Chinese Grand Prix,Cadillac,PER,8,17,MEDIUM,8,26.456,31.044,43.603,101.103
2,Chinese Grand Prix,Cadillac,PER,9,17,MEDIUM,9,26.681,31.251,43.849,101.781
2,Chinese Grand Prix,Cadillac,PER,10,13,MEDIUM,10,26.909,39.427,55.281,121.617
2,Chinese Grand Prix,Cadillac,PER,11,12,MEDIUM,11,34.918,41.413,62.388,138.719
2,Chinese Grand Prix,Cadillac,PER,12,16,HARD,1,57.392,32.169,48.374,137.935
2,Chinese Grand Prix,Cadillac,PER,13,16,HARD,2,35.216,45.492,58.958,139.666
2,Chinese Grand Prix,Cadillac,PER,14,17,HARD,3,26.987,31.116,43.656,101.759
2,Chinese Grand Prix,Cadillac,PER,15,16,HARD,4,26.319,30.887,42.798,100.004
2,Chinese Grand Prix,Cadillac,PER,16,16,HARD,5,26.132,30.683,42.806,99.621
2,Chinese Grand Prix,Cadillac,PER,17,17,HARD,6,26.208,30.702,45.293,102.203
2,Chinese Grand Prix,Cadillac,PER,18,16,HARD,7,25.941,30.765,42.615,99.321
2,Chinese Grand Prix,Cadillac,PER,19,16,HARD,8,26.312,30.675,42.744,99.731
2,Chinese Grand Prix,Cadillac,PER,20,16,HARD,9,26.383,30.892,42.859,100.134
2,Chinese Grand Prix,Cadillac,PER,21,16,HARD,10,26.359,30.577,42.746,99.682
2,Chinese Grand Prix,Cadillac,PER,22,16,HARD,11,26.152,30.638,42.832,99.622
2,Chinese Grand Prix,Cadillac,PER,23,16,HARD,12,26.358,30.59,42.802,99.75
2,Chinese Grand Prix,Cadillac,PER,24,16,HARD,13,26.357,30.633,42.746,99.736
2,Chinese Grand Prix,Cadillac,PER,25,16,HARD,14,26.847,30.729,42.966,100.542
2,Chinese Grand Prix,Cadillac,PER,26,16,HARD,15,26.277,30.698,43.035,100.01
2,Chinese Grand Prix,Cadillac,PER,27,16,HARD,16,26.514,30.639,43.154,100.307
2,Chinese Grand Prix,Cadillac,PER,28,16,HARD,17,26.26,30.643,42.68,99.583
2,Chinese Grand Prix,Cadillac,PER,29,16,HARD,18,26.772,30.723,42.942,100.437
2,Chinese Grand Prix,Cadillac,PER,30,16,HARD,19,26.215,30.594,43.207,100.016
2,Chinese Grand Prix,Cadillac,PER,31,16,HARD,20,26.262,30.789,42.926,99.977
2,Chinese Grand Prix,Cadillac,PER,32,16,HARD,21,26.198,30.662,42.939,99.799
2,Chinese Grand Prix,Cadillac,PER,33,15,HARD,22,26.641,30.644,42.821,100.106
2,Chinese Grand Prix,Cadillac,PER,34,16,HARD,23,26.291,30.552,43.342,100.185
2,Chinese Grand Prix,Cadillac,PER,35,16,HARD,24,26.407,30.29,42.783,99.48
2,Chinese Grand Prix,Cadillac,PER,36,15,HARD,25,26.468,30.285,42.798,99.551
2,Chinese Grand Prix,Cadillac,PER,37,15,HARD,26,26.342,30.306,42.958,99.606
2,Chinese Grand Prix,Cadillac,PER,38,16,HARD,27,26.365,30.884,42.862,100.111
2,Chinese Grand Prix,Cadillac,PER,39,16,HARD,28,26.153,30.091,43.372,99.616
2,Chinese Grand Prix,Cadillac,PER,40,16,HARD,29,26.116,30.593,42.882,99.591
2,Chinese Grand Prix,Cadillac,PER,41,16,HARD,30,26.3,31.333,42.924,100.557
2,Chinese Grand Prix,Cadillac,PER,42,16,HARD,31,26.152,30.113,42.862,99.127
2,Chinese Grand Prix,Cadillac,PER,43,16,HARD,32,26.347,30.691,44.113,101.151
2,Chinese Grand Prix,Cadillac,PER,44,16,HARD,33,27.444,31.827,44.693,103.964
2,Chinese Grand Prix,Cadillac,PER,45,16,HARD,34,27.735,32.714,48.385,108.834
2,Chinese Grand Prix,Cadillac,PER,46,15,HARD,35,27.8,30.164,43.019,100.983
2,Chinese Grand Prix,Cadillac,PER,47,14,HARD,36,26.586,30.248,43.046,99.88
2,Chinese Grand Prix,Cadillac,PER,48,14,HARD,37,26.179,30.484,43.564,100.227
2,Chinese Grand Prix,Cadillac,PER,49,14,HARD,38,25.877,29.944,43.641,99.462
2,Chinese Grand Prix,Cadillac,PER,50,14,HARD,39,26.09,30.068,42.365,98.523
2,Chinese Grand Prix,Cadillac,PER,51,14,HARD,40,26.099,30.095,42.82,99.014
2,Chinese Grand Prix,Cadillac,PER,52,15,HARD,41,26.156,30.006,43.364,99.526
2,Chinese Grand Prix,Cadillac,PER,53,15,HARD,42,26.227,30.218,42.514,98.959
2,Chinese Grand Prix,Cadillac,PER,54,15,HARD,43,26.347,29.989,42.74,99.076
2,Chinese Grand Prix,Cadillac,PER,55,15,HARD,44,26.235,29.94,42.723,98.898
2,Chinese Grand Prix,Mercedes,ANT,1,2,MEDIUM,1,,29.788,41.977,100.137
2,Chinese Grand Prix,Mercedes,ANT,2,1,MEDIUM,2,26.129,30.278,41.898,98.305
2,Chinese Grand Prix,Mercedes,ANT,3,1,MEDIUM,3,25.948,29.572,42.493,98.013
2,Chinese Grand Prix,Mercedes,ANT,4,1,MEDIUM,4,26.003,29.327,42.064,97.394
2,Chinese Grand Prix,Mercedes,ANT,5,1,MEDIUM,5,25.859,29.51,42.166,97.535
2,Chinese Grand Prix,Mercedes,ANT,6,1,MEDIUM,6,25.696,29.434,42.042,97.172
2,Chinese Grand Prix,Mercedes,ANT,7,1,MEDIUM,7,25.891,29.467,42.054,97.412
2,Chinese Grand Prix,Mercedes,ANT,8,1,MEDIUM,8,25.807,29.454,42.061,97.322
2,Chinese Grand Prix,Mercedes,ANT,9,1,MEDIUM,9,25.839,29.585,41.932,97.356
2,Chinese Grand Prix,Mercedes,ANT,10,1,MEDIUM,10,25.717,29.56,51.394,106.671
2,Chinese Grand Prix,Mercedes,ANT,11,1,HARD,1,57.422,45.272,64.528,
2,Chinese Grand Prix,Mercedes,ANT,12,1,HARD,2,43.356,43.386,63.168,149.91
2,Chinese Grand Prix,Mercedes,ANT,13,1,HARD,3,37.267,44.242,69.012,
2,Chinese Grand Prix,Mercedes,ANT,14,1,HARD,4,26.203,30.021,42.733,98.957
2,Chinese Grand Prix,Mercedes,ANT,15,1,HARD,5,26.027,29.867,42.328,98.222
2,Chinese Grand Prix,Mercedes,ANT,16,1,HARD,6,25.324,29.229,42.051,96.604
2,Chinese Grand Prix,Mercedes,ANT,17,1,HARD,7,25.593,29.128,41.834,96.555
2,Chinese Grand Prix,Mercedes,ANT,18,1,HARD,8,25.595,29.513,41.951,97.059
2,Chinese Grand Prix,Mercedes,ANT,19,1,HARD,9,25.574,29.505,41.737,96.816
2,Chinese Grand Prix,Mercedes,ANT,20,1,HARD,10,25.551,29.411,41.8,96.762
2,Chinese Grand Prix,Mercedes,ANT,21,1,HARD,11,25.652,29.348,41.929,96.929
2,Chinese Grand Prix,Mercedes,ANT,22,1,HARD,12,25.668,29.194,41.75,96.612
2,Chinese Grand Prix,Mercedes,ANT,23,1,HARD,13,25.681,29.239,41.886,96.806
2,Chinese Grand Prix,Mercedes,ANT,24,1,HARD,14,25.539,29.189,41.785,96.513
2,Chinese Grand Prix,Mercedes,ANT,25,1,HARD,15,25.495,29.19,41.829,96.514
2,Chinese Grand Prix,Mercedes,ANT,26,1,HARD,16,25.55,29.207,41.831,96.588
2,Chinese Grand Prix,Mercedes,ANT,27,1,HARD,17,25.515,29.2,41.875,96.59
2,Chinese Grand Prix,Mercedes,ANT,28,1,HARD,18,25.536,29.177,41.876,96.589
2,Chinese Grand Prix,Mercedes,ANT,29,1,HARD,19,25.583,29.116,41.682,96.381
2,Chinese Grand Prix,Mercedes,ANT,30,1,HARD,20,25.389,29.103,41.674,96.166
2,Chinese Grand Prix,Mercedes,ANT,31,1,HARD,21,25.417,28.996,41.695,96.108
2,Chinese Grand Prix,Mercedes,ANT,32,1,HARD,22,25.328,28.984,41.671,95.983
2,Chinese Grand Prix,Mercedes,ANT,33,1,HARD,23,25.615,29.163,41.665,96.443
2,Chinese Grand Prix,Mercedes,ANT,34,1,HARD,24,25.454,29.002,41.565,96.021
2,Chinese Grand Prix,Mercedes,ANT,35,1,HARD,25,25.515,28.991,41.531,96.037
2,Chinese Grand Prix,Mercedes,ANT,36,1,HARD,26,25.48,28.908,41.626,96.014
2,Chinese Grand Prix,Mercedes,ANT,37,1,HARD,27,25.497,28.938,41.724,96.159
2,Chinese Grand Prix,Mercedes,ANT,38,1,HARD,28,25.283,28.807,41.436,95.526
2,Chinese Grand Prix,Mercedes,ANT,39,1,HARD,29,25.3,28.82,41.374,95.494
2,Chinese Grand Prix,Mercedes,ANT,40,1,HARD,30,25.342,29.022,41.786,96.15
2,Chinese Grand Prix,Mercedes,ANT,41,1,HARD,31,25.291,28.839,41.213,95.343
2,Chinese Grand Prix,Mercedes,ANT,42,1,HARD,32,25.261,28.909,41.76,95.93
2,Chinese Grand Prix,Mercedes,ANT,43,1,HARD,33,25.295,29.031,41.61,95.936
2,Chinese Grand Prix,Mercedes,ANT,44,1,HARD,34,25.253,28.719,41.36,95.332
2,Chinese Grand Prix,Mercedes,ANT,45,1,HARD,35,25.211,28.83,41.487,95.528
2,Chinese Grand Prix,Mercedes,ANT,46,1,HARD,36,25.14,28.694,41.448,95.282
2,Chinese Grand Prix,Mercedes,ANT,47,1,HARD,37,25.25,28.612,41.639,95.501
2,Chinese Grand Prix,Mercedes,ANT,48,1,HARD,38,25.262,28.55,41.894,95.706
2,Chinese Grand Prix,Mercedes,ANT,49,1,HARD,39,25.319,28.58,41.624,95.523
2,Chinese Grand Prix,Mercedes,ANT,50,1,HARD,40,25.223,28.659,41.777,95.659
2,Chinese Grand Prix,Mercedes,ANT,51,1,HARD,41,25.263,28.96,41.788,96.011
2,Chinese Grand Prix,Mercedes,ANT,52,1,HARD,42,25.295,28.532,41.448,95.275
2,Chinese Grand Prix,Mercedes,ANT,53,1,HARD,43,25.235,28.462,43.833,97.53
2,Chinese Grand Prix,Mercedes,ANT,54,1,HARD,44,25.478,28.787,41.911,96.176
2,Chinese Grand Prix,Mercedes,ANT,55,1,HARD,45,25.56,28.886,41.932,96.378
2,Chinese Grand Prix,Mercedes,ANT,56,1,HARD,46,25.314,28.861,42.754,96.929
2,Chinese Grand Prix,Aston Martin,ALO,1,10,HARD,1,,31.309,44.412,107.23
2,Chinese Grand Prix,Aston Martin,ALO,2,13,HARD,2,26.719,31.646,43.926,102.291
2,Chinese Grand Prix,Aston Martin,ALO,3,14,HARD,3,26.6,31.151,43.837,101.588
2,Chinese Grand Prix,Aston Martin,ALO,4,14,HARD,4,26.212,30.81,43.449,100.471
2,Chinese Grand Prix,Aston Martin,ALO,5,14,HARD,5,26.535,31.007,44.012,101.554
2,Chinese Grand Prix,Aston Martin,ALO,6,15,HARD,6,26.393,31.047,44.384,101.824
2,Chinese Grand Prix,Aston Martin,ALO,7,15,HARD,7,26.579,31.303,43.777,101.659
2,Chinese Grand Prix,Aston Martin,ALO,8,15,HARD,8,26.389,31.171,43.553,101.113
2,Chinese Grand Prix,Aston Martin,ALO,9,15,HARD,9,26.658,31.46,43.513,101.631
2,Chinese Grand Prix,Aston Martin,ALO,10,11,HARD,10,26.504,37.346,56.069,119.919
2,Chinese Grand Prix,Aston Martin,ALO,11,11,HARD,11,37.207,40.635,57.551,135.393
2,Chinese Grand Prix,Aston Martin,ALO,12,11,HARD,12,36.95,40.579,63.469,140.998
2,Chinese Grand Prix,Aston Martin,ALO,13,11,HARD,13,35.617,45.735,62.394,143.746
2,Chinese Grand Prix,Aston Martin,ALO,14,16,HARD,14,27.411,31.734,44.355,103.5
2,Chinese Grand Prix,Aston Martin,ALO,15,17,HARD,15,26.24,30.898,44.045,101.183
2,Chinese Grand Prix,Aston Martin,ALO,16,17,HARD,16,26.131,30.815,43.314,100.26
2,Chinese Grand Prix,Aston Martin,ALO,17,16,HARD,17,26.281,30.849,43.233,100.363
2,Chinese Grand Prix,Aston Martin,ALO,18,17,HARD,18,27.183,30.854,43.204,101.241
2,Chinese Grand Prix,Aston Martin,ALO,19,17,HARD,19,26.15,30.915,43.291,100.356
2,Chinese Grand Prix,Aston Martin,ALO,20,17,HARD,20,26.25,30.766,43.238,100.254
2,Chinese Grand Prix,Aston Martin,ALO,21,17,HARD,21,26.203,30.635,42.974,99.812
2,Chinese Grand Prix,Aston Martin,ALO,22,17,HARD,22,26.218,30.615,43.105,99.938
2,Chinese Grand Prix,Aston Martin,ALO,23,17,HARD,23,26.192,30.561,43.048,99.801
2,Chinese Grand Prix,Aston Martin,ALO,24,17,HARD,24,26.222,30.534,43.011,99.767
2,Chinese Grand Prix,Aston Martin,ALO,25,17,HARD,25,26.187,30.538,42.996,99.721
2,Chinese Grand Prix,Aston Martin,ALO,26,17,HARD,26,26.207,30.556,42.992,99.755
2,Chinese Grand Prix,Aston Martin,ALO,27,17,HARD,27,26.259,30.598,43.385,100.242
2,Chinese Grand Prix,Aston Martin,ALO,28,17,HARD,28,26.146,30.566,43.033,99.745
2,Chinese Grand Prix,Aston Martin,ALO,29,17,HARD,29,26.276,30.659,43.01,99.945
2,Chinese Grand Prix,Aston Martin,ALO,30,17,HARD,30,26.136,30.955,43.258,100.349
2,Chinese Grand Prix,Aston Martin,ALO,31,17,HARD,31,26.45,30.953,49.016,106.419
2,Chinese Grand Prix,Aston Martin,ALO,32,17,MEDIUM,1,45.832,31.686,49.997,127.515
2,Chinese Grand Prix,Ferrari,LEC,1,3,MEDIUM,1,,30.192,42.302,101.064
2,Chinese Grand Prix,Ferrari,LEC,2,3,MEDIUM,2,25.954,29.998,42.606,98.558
2,Chinese Grand Prix,Ferrari,LEC,3,4,MEDIUM,3,26.669,29.902,42.577,99.148
2,Chinese Grand Prix,Ferrari,LEC,4,4,MEDIUM,4,25.914,29.661,42.26,97.835
2,Chinese Grand Prix,Ferrari,LEC,5,4,MEDIUM,5,25.914,29.632,42.317,97.863
2,Chinese Grand Prix,Ferrari,LEC,6,4,MEDIUM,6,26.144,29.86,42.132,98.136
2,Chinese Grand Prix,Ferrari,LEC,7,4,MEDIUM,7,25.894,29.733,42.367,97.994
2,Chinese Grand Prix,Ferrari,LEC,8,4,MEDIUM,8,25.841,29.734,42.219,97.794
2,Chinese Grand Prix,Ferrari,LEC,9,4,MEDIUM,9,26.108,29.872,42.15,98.13
2,Chinese Grand Prix,Ferrari,LEC,10,4,MEDIUM,10,26.115,30.067,56.215,112.397
2,Chinese Grand Prix,Ferrari,LEC,11,7,HARD,1,57.124,41.154,63.455,
2,Chinese Grand Prix,Ferrari,LEC,12,7,HARD,2,42.91,44.533,62.739,
2,Chinese Grand Prix,Ferrari,LEC,13,7,HARD,3,37.128,45.067,64.291,146.486
2,Chinese Grand Prix,Ferrari,LEC,14,6,HARD,4,26.409,30.888,42.554,99.851
2,Chinese Grand Prix,Ferrari,LEC,15,4,HARD,5,25.671,29.86,41.674,97.205
2,Chinese Grand Prix,Ferrari,LEC,16,3,HARD,6,25.684,29.518,42.104,97.306
2,Chinese Grand Prix,Ferrari,LEC,17,3,HARD,7,25.833,29.22,41.824,96.877
2,Chinese Grand Prix,Ferrari,LEC,18,3,HARD,8,25.407,29.314,41.878,96.599
2,Chinese Grand Prix,Ferrari,LEC,19,3,HARD,9,25.435,29.322,42.104,96.861
2,Chinese Grand Prix,Ferrari,LEC,20,3,HARD,10,25.608,29.339,41.886,96.833
2,Chinese Grand Prix,Ferrari,LEC,21,3,HARD,11,25.423,29.23,42.052,96.705
2,Chinese Grand Prix,Ferrari,LEC,22,3,HARD,12,25.59,29.215,41.838,96.643
2,Chinese Grand Prix,Ferrari,LEC,23,3,HARD,13,25.616,29.24,41.957,96.813
2,Chinese Grand Prix,Ferrari,LEC,24,2,HARD,14,25.656,29.4,42.221,97.277
2,Chinese Grand Prix,Ferrari,LEC,25,2,HARD,15,26.054,29.422,42.205,97.681
2,Chinese Grand Prix,Ferrari,LEC,26,3,HARD,16,25.771,29.158,42.645,97.574
2,Chinese Grand Prix,Ferrari,LEC,27,2,HARD,17,25.711,30.036,42.125,97.872
2,Chinese Grand Prix,Ferrari,LEC,28,2,HARD,18,25.691,29.208,42.177,97.076
2,Chinese Grand Prix,Ferrari,LEC,29,3,HARD,19,25.517,29.109,42.481,97.107
2,Chinese Grand Prix,Ferrari,LEC,30,3,HARD,20,25.699,29.408,41.69,96.797
2,Chinese Grand Prix,Ferrari,LEC,31,3,HARD,21,25.405,29.148,41.856,96.409
2,Chinese Grand Prix,Ferrari,LEC,32,3,HARD,22,25.841,29.185,41.598,96.624
2,Chinese Grand Prix,Ferrari,LEC,33,3,HARD,23,25.393,29.223,41.934,96.55
2,Chinese Grand Prix,Ferrari,LEC,34,3,HARD,24,25.656,29.08,41.993,96.729
2,Chinese Grand Prix,Ferrari,LEC,35,4,HARD,25,25.494,29.203,43.814,98.511
2,Chinese Grand Prix,Ferrari,LEC,36,4,HARD,26,25.858,29.426,41.963,97.247
2,Chinese Grand Prix,Ferrari,LEC,37,4,HARD,27,25.901,29.213,41.653,96.767
2,Chinese Grand Prix,Ferrari,LEC,38,4,HARD,28,25.516,29.349,41.894,96.759
2,Chinese Grand Prix,Ferrari,LEC,39,3,HARD,29,25.561,29.25,42.182,96.993
2,Chinese Grand Prix,Ferrari,LEC,40,4,HARD,30,26.043,29.941,42.272,98.256
2,Chinese Grand Prix,Ferrari,LEC,41,4,HARD,31,25.517,29.252,42.071,96.84
2,Chinese Grand Prix,Ferrari,LEC,42,4,HARD,32,25.544,29.158,42.093,96.795
2,Chinese Grand Prix,Ferrari,LEC,43,4,HARD,33,25.335,29.135,42.114,96.584
2,Chinese Grand Prix,Ferrari,LEC,44,4,HARD,34,25.554,29.115,41.98,96.649
2,Chinese Grand Prix,Ferrari,LEC,45,4,HARD,35,25.414,29.223,42.587,97.224
2,Chinese Grand Prix,Ferrari,LEC,46,4,HARD,36,25.203,29.112,41.956,96.271
2,Chinese Grand Prix,Ferrari,LEC,47,4,HARD,37,25.441,29.151,41.612,96.204
2,Chinese Grand Prix,Ferrari,LEC,48,4,HARD,38,25.151,29.049,42.028,96.228
2,Chinese Grand Prix,Ferrari,LEC,49,4,HARD,39,25.332,28.967,42.032,96.331
2,Chinese Grand Prix,Ferrari,LEC,50,4,HARD,40,25.34,29.021,42.026,96.387
2,Chinese Grand Prix,Ferrari,LEC,51,4,HARD,41,25.22,28.931,42.593,96.744
2,Chinese Grand Prix,Ferrari,LEC,52,4,HARD,42,25.373,28.989,41.962,96.324
2,Chinese Grand Prix,Ferrari,LEC,53,4,HARD,43,25.134,29.028,42.158,96.32
2,Chinese Grand Prix,Ferrari,LEC,54,4,HARD,44,25.197,28.969,42.047,96.213
2,Chinese Grand Prix,Ferrari,LEC,55,4,HARD,45,25.047,29.019,42.068,96.134
2,Chinese Grand Prix,Ferrari,LEC,56,4,HARD,46,25.129,28.862,42.02,96.011
2,Chinese Grand Prix,Aston Martin,STR,1,16,HARD,1,,31.291,44.166,109.471
2,Chinese Grand Prix,Aston Martin,STR,2,16,HARD,2,26.76,31.498,43.572,101.83
2,Chinese Grand Prix,Aston Martin,STR,3,16,HARD,3,26.812,31.468,43.518,101.798
2,Chinese Grand Prix,Aston Martin,STR,4,16,HARD,4,26.814,31.671,43.369,101.854
2,Chinese Grand Prix,Aston Martin,STR,5,16,HARD,5,26.536,31.071,43.385,100.992
2,Chinese Grand Prix,Aston Martin,STR,6,16,HARD,6,26.716,30.917,43.338,100.971
2,Chinese Grand Prix,Aston Martin,STR,7,16,HARD,7,26.685,30.942,43.329,100.956
2,Chinese Grand Prix,Aston Martin,STR,8,16,HARD,8,26.692,31.176,43.306,101.174
2,Chinese Grand Prix,Aston Martin,STR,9,16,HARD,9,26.575,30.832,43.476,100.883
2,Chinese Grand Prix,Aston Martin,STR,10,,HARD,10,,,,
2,Chinese Grand Prix,Audi,HUL,1,15,HARD,1,,32.022,43.88,108.719
2,Chinese Grand Prix,Audi,HUL,2,15,HARD,2,26.751,31.478,43.405,101.634
2,Chinese Grand Prix,Audi,HUL,3,13,HARD,3,26.275,30.985,42.647,99.907
2,Chinese Grand Prix,Audi,HUL,4,13,HARD,4,26.06,30.528,42.929,99.517
2,Chinese Grand Prix,Audi,HUL,5,13,HARD,5,26.036,30.403,42.825,99.264
2,Chinese Grand Prix,Audi,HUL,6,13,HARD,6,25.939,30.17,42.666,98.775
2,Chinese Grand Prix,Audi,HUL,7,12,HARD,7,26.174,30.54,42.676,99.39
2,Chinese Grand Prix,Audi,HUL,8,12,HARD,8,26.119,30.173,42.735,99.027
2,Chinese Grand Prix,Audi,HUL,9,10,HARD,9,25.939,30.387,42.838,99.164
2,Chinese Grand Prix,Audi,HUL,10,9,HARD,10,25.977,30.406,57.426,113.809
2,Chinese Grand Prix,Audi,HUL,11,8,HARD,11,38.541,40.272,63.185,141.998
2,Chinese Grand Prix,Audi,HUL,12,8,HARD,12,42.774,44.575,63.508,
2,Chinese Grand Prix,Audi,HUL,13,8,HARD,13,36.536,45.081,63.991,145.608
2,Chinese Grand Prix,Audi,HUL,14,9,HARD,14,26.559,30.703,43.683,100.945
2,Chinese Grand Prix,Audi,HUL,15,9,HARD,15,26.218,30.306,42.674,99.198
2,Chinese Grand Prix,Audi,HUL,16,10,HARD,16,26.1,30.176,43.29,99.566
2,Chinese Grand Prix,Audi,HUL,17,11,HARD,17,26.467,30.212,42.556,99.235
2,Chinese Grand Prix,Audi,HUL,18,11,HARD,18,26.034,30.284,42.556,98.874
2,Chinese Grand Prix,Audi,HUL,19,10,HARD,19,26.016,30.329,42.037,98.382
2,Chinese Grand Prix,Audi,HUL,20,10,HARD,20,26.054,30.067,42.703,98.824
2,Chinese Grand Prix,Audi,HUL,21,10,HARD,21,25.954,29.926,42.514,98.394
2,Chinese Grand Prix,Audi,HUL,22,9,HARD,22,25.997,30.156,42.29,98.443
2,Chinese Grand Prix,Audi,HUL,23,10,HARD,23,26.054,30.781,42.661,99.496
2,Chinese Grand Prix,Audi,HUL,24,10,HARD,24,25.934,30.123,42.655,98.712
2,Chinese Grand Prix,Audi,HUL,25,10,HARD,25,25.959,30.15,42.479,98.588
2,Chinese Grand Prix,Audi,HUL,26,10,HARD,26,25.749,29.901,42.652,98.302
2,Chinese Grand Prix,Audi,HUL,27,10,HARD,27,25.666,29.778,42.515,97.959
2,Chinese Grand Prix,Audi,HUL,28,10,HARD,28,25.75,29.903,42.497,98.15
2,Chinese Grand Prix,Audi,HUL,29,9,HARD,29,26.029,30.152,42.496,98.677
2,Chinese Grand Prix,Audi,HUL,30,9,HARD,30,25.774,29.835,42.25,97.859
2,Chinese Grand Prix,Audi,HUL,31,9,HARD,31,25.658,29.921,42.183,97.762
2,Chinese Grand Prix,Audi,HUL,32,8,HARD,32,25.866,29.87,42.56,98.296
2,Chinese Grand Prix,Audi,HUL,33,8,HARD,33,25.833,29.84,42.99,98.663
2,Chinese Grand Prix,Audi,HUL,34,8,HARD,34,26.029,29.572,42.826,98.427
2,Chinese Grand Prix,Audi,HUL,35,10,HARD,35,25.9,30.099,48.914,104.913
2,Chinese Grand Prix,Audi,HUL,36,16,MEDIUM,1,59.719,30.117,42.374,132.21
2,Chinese Grand Prix,Audi,HUL,37,16,MEDIUM,2,25.673,29.278,41.669,96.62
2,Chinese Grand Prix,Audi,HUL,38,14,MEDIUM,3,25.049,29.479,41.652,96.18
2,Chinese Grand Prix,Audi,HUL,39,14,MEDIUM,4,25.51,29.206,42.4,97.116
2,Chinese Grand Prix,Audi,HUL,40,14,MEDIUM,5,25.544,29.074,42.255,96.873
2,Chinese Grand Prix,Audi,HUL,41,14,MEDIUM,6,25.476,29.107,42.042,96.625
2,Chinese Grand Prix,Audi,HUL,42,14,MEDIUM,7,25.518,29.563,43.594,98.675
2,Chinese Grand Prix,Audi,HUL,43,12,MEDIUM,8,25.464,29.118,42.179,96.761
2,Chinese Grand Prix,Audi,HUL,44,12,MEDIUM,9,25.48,29.178,42.21,96.868
2,Chinese Grand Prix,Audi,HUL,45,11,MEDIUM,10,25.475,29.157,42.269,96.901
2,Chinese Grand Prix,Audi,HUL,46,11,MEDIUM,11,25.488,29.2,42.297,96.985
2,Chinese Grand Prix,Audi,HUL,47,11,MEDIUM,12,25.609,29.393,43.761,98.763
2,Chinese Grand Prix,Audi,HUL,48,11,MEDIUM,13,25.604,29.334,41.838,96.776
2,Chinese Grand Prix,Audi,HUL,49,11,MEDIUM,14,25.828,29.409,42.827,98.064
2,Chinese Grand Prix,Audi,HUL,50,11,MEDIUM,15,25.661,29.684,42.351,97.696
2,Chinese Grand Prix,Audi,HUL,51,11,MEDIUM,16,25.573,29.393,42.539,97.505
2,Chinese Grand Prix,Audi,HUL,52,11,MEDIUM,17,25.659,29.366,42.589,97.614
2,Chinese Grand Prix,Audi,HUL,53,11,MEDIUM,18,25.787,29.547,42.636,97.97
2,Chinese Grand Prix,Audi,HUL,54,11,MEDIUM,19,25.605,29.479,42.525,97.609
2,Chinese Grand Prix,Audi,HUL,55,11,MEDIUM,20,25.677,29.426,42.468,97.571
2,Chinese Grand Prix,Red Bull Racing,VER,1,13,SOFT,4,,31.169,43.911,107.91
2,Chinese Grand Prix,Red Bull Racing,VER,2,10,SOFT,5,26.205,31.087,43.003,100.295
2,Chinese Grand Prix,Red Bull Racing,VER,3,10,SOFT,6,25.992,30.619,42.469,99.08
2,Chinese Grand Prix,Red Bull Racing,VER,4,10,SOFT,7,26.144,30.322,42.654,99.12
2,Chinese Grand Prix,Red Bull Racing,VER,5,10,SOFT,8,26.651,30.4,42.531,99.582
2,Chinese Grand Prix,Red Bull Racing,VER,6,10,SOFT,9,26.14,30.474,42.592,99.206
2,Chinese Grand Prix,Red Bull Racing,VER,7,10,SOFT,10,26.111,30.64,42.823,99.574
2,Chinese Grand Prix,Red Bull Racing,VER,8,10,SOFT,11,26.042,30.748,42.675,99.465
2,Chinese Grand Prix,Red Bull Racing,VER,9,12,SOFT,12,26.282,30.798,48.445,105.525
2,Chinese Grand Prix,Red Bull Racing,VER,10,15,HARD,1,46.287,39.105,57.76,143.152
2,Chinese Grand Prix,Red Bull Racing,VER,11,14,HARD,2,35.451,40.422,59.195,135.068
2,Chinese Grand Prix,Red Bull Racing,VER,12,13,HARD,3,32.207,34.84,62.622,129.669
2,Chinese Grand Prix,Red Bull Racing,VER,13,13,HARD,4,35.686,45.94,60.721,142.347
2,Chinese Grand Prix,Red Bull Racing,VER,14,11,HARD,5,26.178,30.957,42.438,99.573
2,Chinese Grand Prix,Red Bull Racing,VER,15,11,HARD,6,25.966,30.709,42.393,99.068
2,Chinese Grand Prix,Red Bull Racing,VER,16,11,HARD,7,26.214,30.102,42.637,98.953
2,Chinese Grand Prix,Red Bull Racing,VER,17,10,HARD,8,25.735,30.129,42.403,98.267
2,Chinese Grand Prix,Red Bull Racing,VER,18,9,HARD,9,25.558,29.953,41.839,97.35
2,Chinese Grand Prix,Red Bull Racing,VER,19,9,HARD,10,25.661,30.788,42.586,99.035
2,Chinese Grand Prix,Red Bull Racing,VER,20,8,HARD,11,26.528,29.882,42.121,98.531
2,Chinese Grand Prix,Red Bull Racing,VER,21,7,HARD,12,25.933,30.162,42.673,98.768
2,Chinese Grand Prix,Red Bull Racing,VER,22,6,HARD,13,25.68,29.815,42.652,98.147
2,Chinese Grand Prix,Red Bull Racing,VER,23,6,HARD,14,26.181,29.738,42.12,98.039
2,Chinese Grand Prix,Red Bull Racing,VER,24,6,HARD,15,25.854,29.807,42.219,97.88
2,Chinese Grand Prix,Red Bull Racing,VER,25,6,HARD,16,25.976,29.754,42.139,97.869
2,Chinese Grand Prix,Red Bull Racing,VER,26,6,HARD,17,25.716,29.645,42.019,97.38
2,Chinese Grand Prix,Red Bull Racing,VER,27,6,HARD,18,25.876,29.73,42.039,97.645
2,Chinese Grand Prix,Red Bull Racing,VER,28,6,HARD,19,25.679,29.705,41.984,97.368
2,Chinese Grand Prix,Red Bull Racing,VER,29,6,HARD,20,25.829,29.805,42.038,97.672
2,Chinese Grand Prix,Red Bull Racing,VER,30,6,HARD,21,25.687,29.767,42.133,97.587
2,Chinese Grand Prix,Red Bull Racing,VER,31,6,HARD,22,25.758,29.78,41.98,97.518
2,Chinese Grand Prix,Red Bull Racing,VER,32,6,HARD,23,25.833,29.936,41.991,97.76
2,Chinese Grand Prix,Red Bull Racing,VER,33,6,HARD,24,25.69,29.705,41.986,97.381
2,Chinese Grand Prix,Red Bull Racing,VER,34,6,HARD,25,25.748,29.64,42.022,97.41
2,Chinese Grand Prix,Red Bull Racing,VER,35,6,HARD,26,25.741,29.682,42.067,97.49
2,Chinese Grand Prix,Red Bull Racing,VER,36,6,HARD,27,25.652,29.627,41.95,97.229
2,Chinese Grand Prix,Red Bull Racing,VER,37,6,HARD,28,25.592,29.668,41.89,97.15
2,Chinese Grand Prix,Red Bull Racing,VER,38,6,HARD,29,25.681,29.517,41.865,97.063
2,Chinese Grand Prix,Red Bull Racing,VER,39,6,HARD,30,25.612,29.585,41.849,97.046
2,Chinese Grand Prix,Red Bull Racing,VER,40,6,HARD,31,25.589,29.596,42.07,97.255
2,Chinese Grand Prix,Red Bull Racing,VER,41,6,HARD,32,25.665,29.626,42.114,97.405
2,Chinese Grand Prix,Red Bull Racing,VER,42,6,HARD,33,25.581,29.634,42.168,97.383
2,Chinese Grand Prix,Red Bull Racing,VER,43,6,HARD,34,25.642,29.518,41.963,97.123
2,Chinese Grand Prix,Red Bull Racing,VER,44,6,HARD,35,25.525,29.52,42.047,97.092
2,Chinese Grand Prix,Red Bull Racing,VER,45,13,HARD,36,25.784,54.024,75.059,
2,Chinese Grand Prix,Racing Bulls,LAW,1,7,MEDIUM,1,,31.35,43.622,106.084
2,Chinese Grand Prix,Racing Bulls,LAW,2,7,MEDIUM,2,26.269,30.557,42.972,99.798
2,Chinese Grand Prix,Racing Bulls,LAW,3,7,MEDIUM,3,26.007,30.129,42.811,98.947
2,Chinese Grand Prix,Racing Bulls,LAW,4,7,MEDIUM,4,26.045,30.283,42.786,99.114
2,Chinese Grand Prix,Racing Bulls,LAW,5,8,MEDIUM,5,26.168,30.359,43.528,100.055
2,Chinese Grand Prix,Racing Bulls,LAW,6,8,MEDIUM,6,26.2,30.544,42.766,99.51
2,Chinese Grand Prix,Racing Bulls,LAW,7,8,MEDIUM,7,26.055,30.472,43.182,99.709
2,Chinese Grand Prix,Racing Bulls,LAW,8,8,MEDIUM,8,26.311,30.4,43.167,99.878
2,Chinese Grand Prix,Racing Bulls,LAW,9,11,MEDIUM,9,26.345,30.669,49.165,106.179
2,Chinese Grand Prix,Racing Bulls,LAW,10,14,HARD,1,45.558,39.863,56.717,142.138
2,Chinese Grand Prix,Racing Bulls,LAW,11,13,HARD,2,35.409,40.895,58.865,135.169
2,Chinese Grand Prix,Racing Bulls,LAW,12,12,HARD,3,33.054,34.546,62.984,130.584
2,Chinese Grand Prix,Racing Bulls,LAW,13,12,HARD,4,35.431,45.931,61.055,142.417
2,Chinese Grand Prix,Racing Bulls,LAW,14,12,HARD,5,26.543,31.232,43.004,100.779
2,Chinese Grand Prix,Racing Bulls,LAW,15,12,HARD,6,26.023,30.415,42.582,99.02
2,Chinese Grand Prix,Racing Bulls,LAW,16,12,HARD,7,26.171,30.308,42.958,99.437
2,Chinese Grand Prix,Racing Bulls,LAW,17,12,HARD,8,25.953,30.137,42.819,98.909
2,Chinese Grand Prix,Racing Bulls,LAW,18,12,HARD,9,26.021,30.077,42.611,98.709
2,Chinese Grand Prix,Racing Bulls,LAW,19,12,HARD,10,26.058,30.253,42.678,98.989
2,Chinese Grand Prix,Racing Bulls,LAW,20,12,HARD,11,26.148,30.308,42.731,99.187
2,Chinese Grand Prix,Racing Bulls,LAW,21,11,HARD,12,25.84,30.036,42.615,98.491
2,Chinese Grand Prix,Racing Bulls,LAW,22,11,HARD,13,26.023,29.99,42.787,98.8
2,Chinese Grand Prix,Racing Bulls,LAW,23,11,HARD,14,26.069,29.916,42.567,98.552
2,Chinese Grand Prix,Racing Bulls,LAW,24,11,HARD,15,25.936,30.014,42.596,98.546
2,Chinese Grand Prix,Racing Bulls,LAW,25,11,HARD,16,25.955,30.06,42.584,98.599
2,Chinese Grand Prix,Racing Bulls,LAW,26,11,HARD,17,25.844,29.994,42.607,98.445
2,Chinese Grand Prix,Racing Bulls,LAW,27,11,HARD,18,25.779,29.938,42.641,98.358
2,Chinese Grand Prix,Racing Bulls,LAW,28,11,HARD,19,25.79,29.893,42.706,98.389
2,Chinese Grand Prix,Racing Bulls,LAW,29,10,HARD,20,25.917,29.943,42.448,98.308
2,Chinese Grand Prix,Racing Bulls,LAW,30,10,HARD,21,25.74,29.884,42.27,97.894
2,Chinese Grand Prix,Racing Bulls,LAW,31,10,HARD,22,25.748,29.851,42.485,98.084
2,Chinese Grand Prix,Racing Bulls,LAW,32,9,HARD,23,25.802,29.723,42.434,97.959
2,Chinese Grand Prix,Racing Bulls,LAW,33,9,HARD,24,25.657,29.768,42.473,97.898
2,Chinese Grand Prix,Racing Bulls,LAW,34,9,HARD,25,25.826,29.894,42.504,98.224
2,Chinese Grand Prix,Racing Bulls,LAW,35,8,HARD,26,25.786,30.09,42.133,98.009
2,Chinese Grand Prix,Racing Bulls,LAW,36,8,HARD,27,25.804,29.62,42.557,97.981
2,Chinese Grand Prix,Racing Bulls,LAW,37,8,HARD,28,26.089,29.555,42.328,97.972
2,Chinese Grand Prix,Racing Bulls,LAW,38,8,HARD,29,25.79,29.497,42.281,97.568
2,Chinese Grand Prix,Racing Bulls,LAW,39,8,HARD,30,25.824,29.535,42.404,97.763
2,Chinese Grand Prix,Racing Bulls,LAW,40,8,HARD,31,26.032,29.449,42.329,97.81
2,Chinese Grand Prix,Racing Bulls,LAW,41,8,HARD,32,25.711,29.404,42.501,97.616
2,Chinese Grand Prix,Racing Bulls,LAW,42,8,HARD,33,25.758,29.421,42.377,97.556
2,Chinese Grand Prix,Racing Bulls,LAW,43,8,HARD,34,25.734,29.425,42.402,97.561
2,Chinese Grand Prix,Racing Bulls,LAW,44,8,HARD,35,25.636,29.449,42.269,97.354
2,Chinese Grand Prix,Racing Bulls,LAW,45,7,HARD,36,25.595,29.5,42.452,97.547
2,Chinese Grand Prix,Racing Bulls,LAW,46,7,HARD,37,25.556,29.476,42.337,97.369
2,Chinese Grand Prix,Racing Bulls,LAW,47,7,HARD,38,25.579,29.339,42.38,97.298
2,Chinese Grand Prix,Racing Bulls,LAW,48,7,HARD,39,25.642,29.43,42.371,97.443
2,Chinese Grand Prix,Racing Bulls,LAW,49,7,HARD,40,25.599,29.495,42.363,97.457
2,Chinese Grand Prix,Racing Bulls,LAW,50,7,HARD,41,25.469,29.437,42.295,97.201
2,Chinese Grand Prix,Racing Bulls,LAW,51,7,HARD,42,25.586,29.535,42.272,97.393
2,Chinese Grand Prix,Racing Bulls,LAW,52,7,HARD,43,25.544,29.481,42.299,97.324
2,Chinese Grand Prix,Racing Bulls,LAW,53,7,HARD,44,25.602,29.408,42.34,97.35
2,Chinese Grand Prix,Racing Bulls,LAW,54,7,HARD,45,25.555,29.431,42.216,97.202
2,Chinese Grand Prix,Racing Bulls,LAW,55,7,HARD,46,25.444,29.481,42.241,97.166
2,Chinese Grand Prix,Racing Bulls,LAW,56,7,HARD,47,25.458,29.543,42.095,97.096
2,Chinese Grand Prix,Haas F1 Team,OCO,1,9,HARD,1,,32.187,43.509,106.693
2,Chinese Grand Prix,Haas F1 Team,OCO,2,8,HARD,2,26.498,30.518,42.72,99.736
2,Chinese Grand Prix,Haas F1 Team,OCO,3,8,HARD,3,26.297,30.078,42.707,99.082
2,Chinese Grand Prix,Haas F1 Team,OCO,4,8,HARD,4,26.051,30.22,42.831,99.102
2,Chinese Grand Prix,Haas F1 Team,OCO,5,7,HARD,5,26.059,30.26,42.527,98.846
2,Chinese Grand Prix,Haas F1 Team,OCO,6,7,HARD,6,26.082,29.95,42.726,98.758
2,Chinese Grand Prix,Haas F1 Team,OCO,7,7,HARD,7,26.271,29.883,42.932,99.086
2,Chinese Grand Prix,Haas F1 Team,OCO,8,7,HARD,8,26.219,30.012,42.784,99.015
2,Chinese Grand Prix,Haas F1 Team,OCO,9,7,HARD,9,26.316,30.007,42.695,99.018
2,Chinese Grand Prix,Haas F1 Team,OCO,10,7,HARD,10,26.103,30.048,56.224,112.375
2,Chinese Grand Prix,Haas F1 Team,OCO,11,3,HARD,11,36.643,43.729,63.872,144.244
2,Chinese Grand Prix,Haas F1 Team,OCO,12,3,HARD,12,43.603,43.126,63.125,149.854
2,Chinese Grand Prix,Haas F1 Team,OCO,13,3,HARD,13,37.424,44.506,68.04,149.97
2,Chinese Grand Prix,Haas F1 Team,OCO,14,4,HARD,14,26.252,30.75,43.323,100.325
2,Chinese Grand Prix,Haas F1 Team,OCO,15,5,HARD,15,25.887,30.079,43.077,99.043
2,Chinese Grand Prix,Haas F1 Team,OCO,16,6,HARD,16,26.089,30.601,42.727,99.417
2,Chinese Grand Prix,Haas F1 Team,OCO,17,6,HARD,17,25.939,29.989,42.429,98.357
2,Chinese Grand Prix,Haas F1 Team,OCO,18,6,HARD,18,25.991,29.847,42.833,98.671
2,Chinese Grand Prix,Haas F1 Team,OCO,19,7,HARD,19,26.071,30.6,43.24,99.911
2,Chinese Grand Prix,Haas F1 Team,OCO,20,7,HARD,20,26.589,29.733,42.669,98.991
2,Chinese Grand Prix,Haas F1 Team,OCO,21,8,HARD,21,26.304,30.509,43.009,99.822
2,Chinese Grand Prix,Haas F1 Team,OCO,22,8,HARD,22,26.286,29.867,42.547,98.7
2,Chinese Grand Prix,Haas F1 Team,OCO,23,8,HARD,23,25.954,29.953,42.427,98.334
2,Chinese Grand Prix,Haas F1 Team,OCO,24,8,HARD,24,26.031,29.845,42.974,98.85
2,Chinese Grand Prix,Haas F1 Team,OCO,25,8,HARD,25,26.234,29.77,42.327,98.331
2,Chinese Grand Prix,Haas F1 Team,OCO,26,8,HARD,26,25.759,29.811,42.255,97.825
2,Chinese Grand Prix,Haas F1 Team,OCO,27,8,HARD,27,25.904,29.737,42.48,98.121
2,Chinese Grand Prix,Haas F1 Team,OCO,28,7,HARD,28,25.951,29.811,42.907,98.669
2,Chinese Grand Prix,Haas F1 Team,OCO,29,12,HARD,29,27.058,29.916,47.593,104.567
2,Chinese Grand Prix,Haas F1 Team,OCO,30,15,MEDIUM,1,47.689,29.562,41.745,118.996
2,Chinese Grand Prix,Haas F1 Team,OCO,31,14,MEDIUM,2,25.094,29.333,42.499,96.926
2,Chinese Grand Prix,Haas F1 Team,OCO,32,14,MEDIUM,3,25.872,29.248,41.984,97.104
2,Chinese Grand Prix,Haas F1 Team,OCO,33,16,MEDIUM,4,34.889,30.987,42.541,108.417
2,Chinese Grand Prix,Haas F1 Team,OCO,34,15,MEDIUM,5,25.942,30.017,42.515,98.474
2,Chinese Grand Prix,Haas F1 Team,OCO,35,15,MEDIUM,6,25.818,29.735,42.484,98.037
2,Chinese Grand Prix,Haas F1 Team,OCO,36,13,MEDIUM,7,25.999,29.994,42.824,98.817
2,Chinese Grand Prix,Haas F1 Team,OCO,37,13,MEDIUM,8,25.984,29.561,42.285,97.83
2,Chinese Grand Prix,Haas F1 Team,OCO,38,13,MEDIUM,9,25.625,29.522,42.547,97.694
2,Chinese Grand Prix,Haas F1 Team,OCO,39,13,MEDIUM,10,25.887,29.533,42.597,98.017
2,Chinese Grand Prix,Haas F1 Team,OCO,40,13,MEDIUM,11,25.942,29.628,42.498,98.068
2,Chinese Grand Prix,Haas F1 Team,OCO,41,13,MEDIUM,12,25.756,29.555,42.59,97.901
2,Chinese Grand Prix,Haas F1 Team,OCO,42,13,MEDIUM,13,25.948,29.502,42.564,98.014
2,Chinese Grand Prix,Haas F1 Team,OCO,43,13,MEDIUM,14,26.982,30.053,42.723,99.758
2,Chinese Grand Prix,Haas F1 Team,OCO,44,13,MEDIUM,15,25.92,29.585,42.341,97.846
2,Chinese Grand Prix,Haas F1 Team,OCO,45,12,MEDIUM,16,25.615,29.622,43.909,99.146
2,Chinese Grand Prix,Haas F1 Team,OCO,46,13,MEDIUM,17,25.845,29.62,48.085,103.55
2,Chinese Grand Prix,Haas F1 Team,OCO,47,15,SOFT,1,69.802,29.133,41.952,140.887
2,Chinese Grand Prix,Haas F1 Team,OCO,48,15,SOFT,2,25.461,28.951,42.049,96.461
2,Chinese Grand Prix,Haas F1 Team,OCO,49,15,SOFT,3,25.414,29.104,42.228,96.746
2,Chinese Grand Prix,Haas F1 Team,OCO,50,15,SOFT,4,25.302,29.174,41.951,96.427
2,Chinese Grand Prix,Haas F1 Team,OCO,51,15,SOFT,5,25.394,29.09,41.992,96.476
2,Chinese Grand Prix,Haas F1 Team,OCO,52,14,SOFT,6,25.484,29.51,42.677,97.671
2,Chinese Grand Prix,Haas F1 Team,OCO,53,14,SOFT,7,25.511,29.054,42.077,96.642
2,Chinese Grand Prix,Haas F1 Team,OCO,54,14,SOFT,8,25.355,28.897,41.712,95.964
2,Chinese Grand Prix,Haas F1 Team,OCO,55,14,SOFT,9,25.237,29.083,41.961,96.281
2,Chinese Grand Prix,Racing Bulls,LIN,1,8,HARD,1,,31.383,44.478,106.513
2,Chinese Grand Prix,Racing Bulls,LIN,2,9,HARD,2,26.553,31.14,43.356,101.049
2,Chinese Grand Prix,Racing Bulls,LIN,3,9,HARD,3,26.135,30.408,42.765,99.308
2,Chinese Grand Prix,Racing Bulls,LIN,4,9,HARD,4,25.808,30.252,43.238,99.298
2,Chinese Grand Prix,Racing Bulls,LIN,5,9,HARD,5,26.065,30.405,42.925,99.395
2,Chinese Grand Prix,Racing Bulls,LIN,6,9,HARD,6,26.056,30.378,42.929,99.363
2,Chinese Grand Prix,Racing Bulls,LIN,7,9,HARD,7,25.898,30.408,42.892,99.198
2,Chinese Grand Prix,Racing Bulls,LIN,8,9,HARD,8,26.064,30.44,42.946,99.45
2,Chinese Grand Prix,Racing Bulls,LIN,9,8,HARD,9,26.316,30.745,42.798,99.859
2,Chinese Grand Prix,Racing Bulls,LIN,10,8,HARD,10,26.148,30.22,56.77,113.138
2,Chinese Grand Prix,Racing Bulls,LIN,11,6,HARD,11,37.892,41.196,63.968,143.056
2,Chinese Grand Prix,Racing Bulls,LIN,12,6,HARD,12,42.835,43.447,63.542,149.824
2,Chinese Grand Prix,Racing Bulls,LIN,13,6,HARD,13,36.919,44.554,66.098,147.571
2,Chinese Grand Prix,Racing Bulls,LIN,14,7,HARD,14,26.298,30.968,43.607,100.873
2,Chinese Grand Prix,Racing Bulls,LIN,15,7,HARD,15,26.252,30.235,42.597,99.084
2,Chinese Grand Prix,Racing Bulls,LIN,16,8,HARD,16,25.876,30.217,43.235,99.328
2,Chinese Grand Prix,Racing Bulls,LIN,17,9,HARD,17,26.008,30.24,43.039,99.287
2,Chinese Grand Prix,Racing Bulls,LIN,18,10,HARD,18,26.547,30.293,42.63,99.47
2,Chinese Grand Prix,Racing Bulls,LIN,19,11,HARD,19,26.075,30.303,42.985,99.363
2,Chinese Grand Prix,Racing Bulls,LIN,20,11,HARD,20,26.213,30.418,42.835,99.466
2,Chinese Grand Prix,Racing Bulls,LIN,21,12,HARD,21,25.823,30.148,43.809,99.78
2,Chinese Grand Prix,Racing Bulls,LIN,22,12,HARD,22,26.144,30.331,42.831,99.306
2,Chinese Grand Prix,Racing Bulls,LIN,23,12,HARD,23,25.919,30.047,42.49,98.456
2,Chinese Grand Prix,Racing Bulls,LIN,24,12,HARD,24,25.96,30.206,42.809,98.975
2,Chinese Grand Prix,Racing Bulls,LIN,25,13,HARD,25,26.052,30.166,43.311,99.529
2,Chinese Grand Prix,Racing Bulls,LIN,26,13,HARD,26,26.176,30.255,42.708,99.139
2,Chinese Grand Prix,Racing Bulls,LIN,27,14,HARD,27,25.868,30.209,54.077,110.154
2,Chinese Grand Prix,Racing Bulls,LIN,28,14,HARD,28,26.661,30.116,43.066,99.843
2,Chinese Grand Prix,Racing Bulls,LIN,29,14,HARD,29,25.851,30.018,42.791,98.66
2,Chinese Grand Prix,Racing Bulls,LIN,30,13,HARD,30,25.844,29.915,42.744,98.503
2,Chinese Grand Prix,Racing Bulls,LIN,31,13,HARD,31,25.856,29.932,42.755,98.543
2,Chinese Grand Prix,Racing Bulls,LIN,32,13,HARD,32,25.793,29.936,42.658,98.387
2,Chinese Grand Prix,Racing Bulls,LIN,33,12,HARD,33,25.742,29.869,42.612,98.223
2,Chinese Grand Prix,Racing Bulls,LIN,34,12,HARD,34,25.882,29.88,42.709,98.471
2,Chinese Grand Prix,Racing Bulls,LIN,35,12,HARD,35,25.815,29.825,42.681,98.321
2,Chinese Grand Prix,Racing Bulls,LIN,36,11,HARD,36,25.75,29.838,42.464,98.052
2,Chinese Grand Prix,Racing Bulls,LIN,37,11,HARD,37,25.72,29.682,42.665,98.067
2,Chinese Grand Prix,Racing Bulls,LIN,38,11,HARD,38,25.71,29.706,42.554,97.97
2,Chinese Grand Prix,Racing Bulls,LIN,39,11,HARD,39,25.708,29.736,42.587,98.031
2,Chinese Grand Prix,Racing Bulls,LIN,40,11,HARD,40,25.666,29.573,42.798,98.037
2,Chinese Grand Prix,Racing Bulls,LIN,41,12,HARD,41,25.665,29.663,44.733,100.061
2,Chinese Grand Prix,Racing Bulls,LIN,42,12,HARD,42,25.822,29.857,47.958,103.637
2,Chinese Grand Prix,Racing Bulls,LIN,43,14,MEDIUM,1,45.629,29.611,41.788,117.028
2,Chinese Grand Prix,Racing Bulls,LIN,44,14,MEDIUM,2,25.297,29.065,41.976,96.338
2,Chinese Grand Prix,Racing Bulls,LIN,45,14,MEDIUM,3,25.082,29.099,41.923,96.104
2,Chinese Grand Prix,Racing Bulls,LIN,46,12,MEDIUM,4,25.11,29.057,41.932,96.099
2,Chinese Grand Prix,Racing Bulls,LIN,47,12,MEDIUM,5,25.21,29.12,41.817,96.147
2,Chinese Grand Prix,Racing Bulls,LIN,48,12,MEDIUM,6,25.113,29.245,41.866,96.224
2,Chinese Grand Prix,Racing Bulls,LIN,49,12,MEDIUM,7,25.181,29.149,41.873,96.203
2,Chinese Grand Prix,Racing Bulls,LIN,50,12,MEDIUM,8,25.16,29.197,42.025,96.382
2,Chinese Grand Prix,Racing Bulls,LIN,51,12,MEDIUM,9,25.207,29.435,42.14,96.782
2,Chinese Grand Prix,Racing Bulls,LIN,52,12,MEDIUM,10,25.403,29.424,42.118,96.945
2,Chinese Grand Prix,Racing Bulls,LIN,53,12,MEDIUM,11,25.472,29.536,42.156,97.164
2,Chinese Grand Prix,Racing Bulls,LIN,54,12,MEDIUM,12,25.465,29.701,42.311,97.477
2,Chinese Grand Prix,Racing Bulls,LIN,55,12,MEDIUM,13,25.575,29.659,42.27,97.504
2,Chinese Grand Prix,Alpine,COL,1,6,HARD,1,,31.009,44.11,105.498
2,Chinese Grand Prix,Alpine,COL,2,6,HARD,2,26.084,30.148,43.076,99.308
2,Chinese Grand Prix,Alpine,COL,3,6,HARD,3,26.235,29.918,42.772,98.925
2,Chinese Grand Prix,Alpine,COL,4,6,HARD,4,26.235,29.933,42.697,98.865
2,Chinese Grand Prix,Alpine,COL,5,6,HARD,5,25.834,30.107,42.969,98.91
2,Chinese Grand Prix,Alpine,COL,6,6,HARD,6,26.108,29.992,42.634,98.734
2,Chinese Grand Prix,Alpine,COL,7,6,HARD,7,26.167,30.094,42.544,98.805
2,Chinese Grand Prix,Alpine,COL,8,6,HARD,8,26.143,30.175,42.641,98.959
2,Chinese Grand Prix,Alpine,COL,9,6,HARD,9,26.118,30.268,42.65,99.036
2,Chinese Grand Prix,Alpine,COL,10,6,HARD,10,26.157,30.235,55.079,111.471
2,Chinese Grand Prix,Alpine,COL,11,2,HARD,11,38.41,44.254,63.978,146.642
2,Chinese Grand Prix,Alpine,COL,12,2,HARD,12,43.532,43.109,63.337,149.978
2,Chinese Grand Prix,Alpine,COL,13,2,HARD,13,37.203,44.278,69.011,
2,Chinese Grand Prix,Alpine,COL,14,2,HARD,14,26.212,30.44,42.813,99.465
2,Chinese Grand Prix,Alpine,COL,15,3,HARD,15,25.952,30.192,42.685,98.829
2,Chinese Grand Prix,Alpine,COL,16,5,HARD,16,26.303,30.371,43.432,100.106
2,Chinese Grand Prix,Alpine,COL,17,5,HARD,17,25.992,29.85,42.541,98.383
2,Chinese Grand Prix,Alpine,COL,18,5,HARD,18,26.049,29.919,42.978,98.946
2,Chinese Grand Prix,Alpine,COL,19,5,HARD,19,26.179,30.34,43.047,99.566
2,Chinese Grand Prix,Alpine,COL,20,6,HARD,20,25.964,29.945,43.046,98.955
2,Chinese Grand Prix,Alpine,COL,21,6,HARD,21,26.271,29.857,43.196,99.324
2,Chinese Grand Prix,Alpine,COL,22,7,HARD,22,25.937,30.663,42.582,99.182
2,Chinese Grand Prix,Alpine,COL,23,7,HARD,23,26.102,29.982,42.409,98.493
2,Chinese Grand Prix,Alpine,COL,24,7,HARD,24,26.009,29.879,42.559,98.447
2,Chinese Grand Prix,Alpine,COL,25,7,HARD,25,26.04,29.859,42.485,98.384
2,Chinese Grand Prix,Alpine,COL,26,7,HARD,26,25.888,29.772,42.41,98.07
2,Chinese Grand Prix,Alpine,COL,27,7,HARD,27,25.839,29.841,42.608,98.288
2,Chinese Grand Prix,Alpine,COL,28,9,HARD,28,25.942,29.767,43.59,99.299
2,Chinese Grand Prix,Alpine,COL,29,8,HARD,29,26.421,29.978,42.325,98.724
2,Chinese Grand Prix,Alpine,COL,30,8,HARD,30,26.045,29.848,42.342,98.235
2,Chinese Grand Prix,Alpine,COL,31,8,HARD,31,25.862,29.79,42.15,97.802
2,Chinese Grand Prix,Alpine,COL,32,11,HARD,32,25.789,29.718,47.312,102.819
2,Chinese Grand Prix,Alpine,COL,33,13,MEDIUM,1,50.491,30.246,43.38,124.117
2,Chinese Grand Prix,Alpine,COL,34,13,MEDIUM,2,25.665,29.482,42.086,97.233
2,Chinese Grand Prix,Alpine,COL,35,13,MEDIUM,3,25.624,29.202,41.957,96.783
2,Chinese Grand Prix,Alpine,COL,36,12,MEDIUM,4,25.597,29.333,42.093,97.023
2,Chinese Grand Prix,Alpine,COL,37,12,MEDIUM,5,25.573,29.393,41.992,96.958
2,Chinese Grand Prix,Alpine,COL,38,12,MEDIUM,6,25.52,29.341,41.958,96.819
2,Chinese Grand Prix,Alpine,COL,39,12,MEDIUM,7,25.682,29.478,42.057,97.217
2,Chinese Grand Prix,Alpine,COL,40,12,MEDIUM,8,25.596,29.316,41.929,96.841
2,Chinese Grand Prix,Alpine,COL,41,11,MEDIUM,9,25.661,29.497,42.29,97.448
2,Chinese Grand Prix,Alpine,COL,42,11,MEDIUM,10,25.753,29.534,42.243,97.53
2,Chinese Grand Prix,Alpine,COL,43,11,MEDIUM,11,25.698,29.458,42.225,97.381
2,Chinese Grand Prix,Alpine,COL,44,11,MEDIUM,12,25.547,29.444,42.084,97.075
2,Chinese Grand Prix,Alpine,COL,45,10,MEDIUM,13,25.65,29.576,42.2,97.426
2,Chinese Grand Prix,Alpine,COL,46,10,MEDIUM,14,25.598,29.426,42.115,97.139
2,Chinese Grand Prix,Alpine,COL,47,10,MEDIUM,15,25.759,29.491,42.254,97.504
2,Chinese Grand Prix,Alpine,COL,48,10,MEDIUM,16,25.66,29.557,42.381,97.598
2,Chinese Grand Prix,Alpine,COL,49,10,MEDIUM,17,25.876,29.627,43.549,99.052
2,Chinese Grand Prix,Alpine,COL,50,10,MEDIUM,18,25.714,29.601,42.277,97.592
2,Chinese Grand Prix,Alpine,COL,51,10,MEDIUM,19,25.742,29.919,42.12,97.781
2,Chinese Grand Prix,Alpine,COL,52,10,MEDIUM,20,25.738,29.834,42.45,98.022
2,Chinese Grand Prix,Alpine,COL,53,10,MEDIUM,21,25.868,30.008,43.733,99.609
2,Chinese Grand Prix,Alpine,COL,54,10,MEDIUM,22,26.19,30.027,42.468,98.685
2,Chinese Grand Prix,Alpine,COL,55,10,MEDIUM,23,25.771,29.958,42.508,98.237
2,Chinese Grand Prix,Ferrari,HAM,1,1,MEDIUM,1,,29.4,42.279,99.448
2,Chinese Grand Prix,Ferrari,HAM,2,2,MEDIUM,2,26.571,30.167,42.823,99.561
2,Chinese Grand Prix,Ferrari,HAM,3,2,MEDIUM,3,26.036,29.899,42.652,98.587
2,Chinese Grand Prix,Ferrari,HAM,4,3,MEDIUM,4,26.445,29.518,42.271,98.234
2,Chinese Grand Prix,Ferrari,HAM,5,3,MEDIUM,5,25.888,29.561,42.187,97.636
2,Chinese Grand Prix,Ferrari,HAM,6,3,MEDIUM,6,26.388,29.48,42.094,97.962
2,Chinese Grand Prix,Ferrari,HAM,7,3,MEDIUM,7,26.353,29.64,42.228,98.221
2,Chinese Grand Prix,Ferrari,HAM,8,3,MEDIUM,8,25.948,29.645,42.336,97.929
2,Chinese Grand Prix,Ferrari,HAM,9,3,MEDIUM,9,26.231,29.813,42.327,98.371
2,Chinese Grand Prix,Ferrari,HAM,10,3,MEDIUM,10,26.118,29.593,54.235,109.946
2,Chinese Grand Prix,Ferrari,HAM,11,5,HARD,1,56.333,42.193,63.793,
2,Chinese Grand Prix,Ferrari,HAM,12,5,HARD,2,43.585,43.402,63.017,
2,Chinese Grand Prix,Ferrari,HAM,13,5,HARD,3,37.523,43.814,67.058,148.395
2,Chinese Grand Prix,Ferrari,HAM,14,3,HARD,4,26.346,30.144,42.476,98.966
2,Chinese Grand Prix,Ferrari,HAM,15,2,HARD,5,25.729,29.636,41.708,97.073
2,Chinese Grand Prix,Ferrari,HAM,16,2,HARD,6,25.52,29.383,42.028,96.931
2,Chinese Grand Prix,Ferrari,HAM,17,2,HARD,7,25.604,29.185,41.908,96.697
2,Chinese Grand Prix,Ferrari,HAM,18,2,HARD,8,25.84,29.308,41.969,97.117
2,Chinese Grand Prix,Ferrari,HAM,19,2,HARD,9,25.734,29.303,42.066,97.103
2,Chinese Grand Prix,Ferrari,HAM,20,2,HARD,10,25.684,29.332,41.899,96.915
2,Chinese Grand Prix,Ferrari,HAM,21,2,HARD,11,25.719,29.177,42.076,96.972
2,Chinese Grand Prix,Ferrari,HAM,22,2,HARD,12,25.706,29.242,42.058,97.006
2,Chinese Grand Prix,Ferrari,HAM,23,2,HARD,13,25.717,29.202,42.13,97.049
2,Chinese Grand Prix,Ferrari,HAM,24,3,HARD,14,25.672,29.236,43.315,98.223
2,Chinese Grand Prix,Ferrari,HAM,25,3,HARD,15,26.039,29.707,42.147,97.893
2,Chinese Grand Prix,Ferrari,HAM,26,2,HARD,16,25.666,29.374,41.699,96.739
2,Chinese Grand Prix,Ferrari,HAM,27,4,HARD,17,26.166,30.041,43.025,99.232
2,Chinese Grand Prix,Ferrari,HAM,28,4,HARD,18,26.103,29.358,41.757,97.218
2,Chinese Grand Prix,Ferrari,HAM,29,4,HARD,19,25.725,29.304,41.742,96.771
2,Chinese Grand Prix,Ferrari,HAM,30,4,HARD,20,25.68,29.346,41.659,96.685
2,Chinese Grand Prix,Ferrari,HAM,31,4,HARD,21,25.602,29.15,41.744,96.496
2,Chinese Grand Prix,Ferrari,HAM,32,4,HARD,22,25.517,29.32,41.792,96.629
2,Chinese Grand Prix,Ferrari,HAM,33,4,HARD,23,25.616,29.26,41.62,96.496
2,Chinese Grand Prix,Ferrari,HAM,34,4,HARD,24,25.768,29.141,41.843,96.752
2,Chinese Grand Prix,Ferrari,HAM,35,3,HARD,25,25.703,29.169,42.465,97.337
2,Chinese Grand Prix,Ferrari,HAM,36,3,HARD,26,25.741,29.147,42.113,97.001
2,Chinese Grand Prix,Ferrari,HAM,37,3,HARD,27,25.572,29.135,41.942,96.649
2,Chinese Grand Prix,Ferrari,HAM,38,3,HARD,28,25.693,29.008,42.175,96.876
2,Chinese Grand Prix,Ferrari,HAM,39,4,HARD,29,25.749,29.07,43.273,98.092
2,Chinese Grand Prix,Ferrari,HAM,40,3,HARD,30,25.408,29.544,42.0,96.952
2,Chinese Grand Prix,Ferrari,HAM,41,3,HARD,31,25.703,28.94,41.828,96.471
2,Chinese Grand Prix,Ferrari,HAM,42,3,HARD,32,25.364,28.875,42.277,96.516
2,Chinese Grand Prix,Ferrari,HAM,43,3,HARD,33,25.477,28.969,41.772,96.218
2,Chinese Grand Prix,Ferrari,HAM,44,3,HARD,34,25.298,29.006,41.936,96.24
2,Chinese Grand Prix,Ferrari,HAM,45,3,HARD,35,25.274,29.21,41.912,96.396
2,Chinese Grand Prix,Ferrari,HAM,46,3,HARD,36,25.368,29.083,41.858,96.309
2,Chinese Grand Prix,Ferrari,HAM,47,3,HARD,37,25.237,28.885,42.082,96.204
2,Chinese Grand Prix,Ferrari,HAM,48,3,HARD,38,25.412,28.954,41.785,96.151
2,Chinese Grand Prix,Ferrari,HAM,49,3,HARD,39,25.273,28.918,42.194,96.385
2,Chinese Grand Prix,Ferrari,HAM,50,3,HARD,40,25.365,28.913,41.959,96.237
2,Chinese Grand Prix,Ferrari,HAM,51,3,HARD,41,25.336,28.856,41.942,96.134
2,Chinese Grand Prix,Ferrari,HAM,52,3,HARD,42,25.355,28.86,42.081,96.296
2,Chinese Grand Prix,Ferrari,HAM,53,3,HARD,43,25.203,28.889,42.107,96.199
2,Chinese Grand Prix,Ferrari,HAM,54,3,HARD,44,25.465,28.998,41.977,96.44
2,Chinese Grand Prix,Ferrari,HAM,55,3,HARD,45,25.176,28.906,42.01,96.092
2,Chinese Grand Prix,Ferrari,HAM,56,3,HARD,46,25.198,28.968,41.937,96.103
2,Chinese Grand Prix,Williams,SAI,1,11,MEDIUM,1,,32.338,43.861,107.507
2,Chinese Grand Prix,Williams,SAI,2,11,MEDIUM,2,26.296,30.998,43.449,100.743
2,Chinese Grand Prix,Williams,SAI,3,11,MEDIUM,3,27.077,30.389,42.521,99.987
2,Chinese Grand Prix,Williams,SAI,4,11,MEDIUM,4,26.39,30.159,42.439,98.988
2,Chinese Grand Prix,Williams,SAI,5,11,MEDIUM,5,26.454,30.503,42.797,99.754
2,Chinese Grand Prix,Williams,SAI,6,12,MEDIUM,6,26.732,30.691,42.715,100.138
2,Chinese Grand Prix,Williams,SAI,7,13,MEDIUM,7,26.571,30.596,43.464,100.631
2,Chinese Grand Prix,Williams,SAI,8,13,MEDIUM,8,26.363,30.686,42.864,99.913
2,Chinese Grand Prix,Williams,SAI,9,13,MEDIUM,9,26.683,30.683,47.768,105.134
2,Chinese Grand Prix,Williams,SAI,10,16,HARD,1,45.858,40.3,57.029,143.187
2,Chinese Grand Prix,Williams,SAI,11,15,HARD,2,35.932,41.674,57.616,135.222
2,Chinese Grand Prix,Williams,SAI,12,14,HARD,3,34.991,36.307,56.453,127.751
2,Chinese Grand Prix,Williams,SAI,13,14,HARD,4,35.621,45.494,60.235,141.35
2,Chinese Grand Prix,Williams,SAI,14,13,HARD,5,26.556,30.777,43.151,100.484
2,Chinese Grand Prix,Williams,SAI,15,13,HARD,6,26.249,30.247,42.629,99.125
2,Chinese Grand Prix,Williams,SAI,16,13,HARD,7,26.37,30.308,42.75,99.428
2,Chinese Grand Prix,Williams,SAI,17,13,HARD,8,26.094,30.295,42.64,99.029
2,Chinese Grand Prix,Williams,SAI,18,13,HARD,9,26.177,30.232,42.248,98.657
2,Chinese Grand Prix,Williams,SAI,19,13,HARD,10,26.228,30.251,42.64,99.119
2,Chinese Grand Prix,Williams,SAI,20,13,HARD,11,26.289,30.454,42.654,99.397
2,Chinese Grand Prix,Williams,SAI,21,13,HARD,12,26.375,30.111,42.658,99.144
2,Chinese Grand Prix,Williams,SAI,22,14,HARD,13,26.872,30.584,42.789,100.245
2,Chinese Grand Prix,Williams,SAI,23,14,HARD,14,26.286,30.238,42.577,99.101
2,Chinese Grand Prix,Williams,SAI,24,14,HARD,15,26.131,30.304,42.529,98.964
2,Chinese Grand Prix,Williams,SAI,25,14,HARD,16,26.161,30.131,42.462,98.754
2,Chinese Grand Prix,Williams,SAI,26,14,HARD,17,26.239,30.084,42.385,98.708
2,Chinese Grand Prix,Williams,SAI,27,13,HARD,18,26.155,30.228,43.325,99.708
2,Chinese Grand Prix,Williams,SAI,28,13,HARD,19,26.279,30.012,42.381,98.672
2,Chinese Grand Prix,Williams,SAI,29,13,HARD,20,26.226,29.98,42.608,98.814
2,Chinese Grand Prix,Williams,SAI,30,12,HARD,21,26.109,29.995,42.405,98.509
2,Chinese Grand Prix,Williams,SAI,31,12,HARD,22,26.119,30.017,42.324,98.46
2,Chinese Grand Prix,Williams,SAI,32,12,HARD,23,26.097,29.955,42.287,98.339
2,Chinese Grand Prix,Williams,SAI,33,11,HARD,24,26.147,29.889,42.426,98.462
2,Chinese Grand Prix,Williams,SAI,34,11,HARD,25,26.33,29.946,42.487,98.763
2,Chinese Grand Prix,Williams,SAI,35,11,HARD,26,26.173,29.987,42.512,98.672
2,Chinese Grand Prix,Williams,SAI,36,10,HARD,27,26.216,30.071,42.457,98.744
2,Chinese Grand Prix,Williams,SAI,37,10,HARD,28,26.157,29.955,42.368,98.48
2,Chinese Grand Prix,Williams,SAI,38,10,HARD,29,26.147,29.847,42.501,98.495
2,Chinese Grand Prix,Williams,SAI,39,10,HARD,30,26.207,29.939,42.439,98.585
2,Chinese Grand Prix,Williams,SAI,40,10,HARD,31,26.101,29.881,42.376,98.358
2,Chinese Grand Prix,Williams,SAI,41,10,HARD,32,26.08,29.834,42.507,98.421
2,Chinese Grand Prix,Williams,SAI,42,10,HARD,33,26.148,29.772,42.352,98.272
2,Chinese Grand Prix,Williams,SAI,43,10,HARD,34,26.032,29.702,42.549,98.283
2,Chinese Grand Prix,Williams,SAI,44,10,HARD,35,26.0,29.706,42.562,98.268
2,Chinese Grand Prix,Williams,SAI,45,9,HARD,36,25.973,29.728,42.403,98.104
2,Chinese Grand Prix,Williams,SAI,46,9,HARD,37,26.024,29.595,42.415,98.034
2,Chinese Grand Prix,Williams,SAI,47,9,HARD,38,26.108,29.663,42.558,98.329
2,Chinese Grand Prix,Williams,SAI,48,9,HARD,39,26.001,29.645,42.376,98.022
2,Chinese Grand Prix,Williams,SAI,49,9,HARD,40,25.964,29.624,42.434,98.022
2,Chinese Grand Prix,Williams,SAI,50,9,HARD,41,25.984,30.254,42.792,99.03
2,Chinese Grand Prix,Williams,SAI,51,9,HARD,42,25.961,29.737,42.283,97.981
2,Chinese Grand Prix,Williams,SAI,52,9,HARD,43,26.1,29.779,42.545,98.424
2,Chinese Grand Prix,Williams,SAI,53,9,HARD,44,26.026,29.873,44.188,100.087
2,Chinese Grand Prix,Williams,SAI,54,9,HARD,45,25.887,29.86,42.507,98.254
2,Chinese Grand Prix,Williams,SAI,55,9,HARD,46,26.016,29.678,42.534,98.228
2,Chinese Grand Prix,Red Bull Racing,HAD,1,18,SOFT,4,,30.907,62.905,123.643
2,Chinese Grand Prix,Red Bull Racing,HAD,2,18,HARD,1,46.15,30.387,43.662,120.199
2,Chinese Grand Prix,Red Bull Racing,HAD,3,18,HARD,2,26.221,30.048,42.543,98.812
2,Chinese Grand Prix,Red Bull Racing,HAD,4,18,HARD,3,26.095,30.275,42.718,99.088
2,Chinese Grand Prix,Red Bull Racing,HAD,5,18,HARD,4,25.985,30.083,42.756,98.824
2,Chinese Grand Prix,Red Bull Racing,HAD,6,18,HARD,5,25.948,29.935,42.378,98.261
2,Chinese Grand Prix,Red Bull Racing,HAD,7,18,HARD,6,25.97,30.015,42.472,98.457
2,Chinese Grand Prix,Red Bull Racing,HAD,8,18,HARD,7,26.132,30.026,42.503,98.661
2,Chinese Grand Prix,Red Bull Racing,HAD,9,18,HARD,8,26.18,30.093,42.389,98.662
2,Chinese Grand Prix,Red Bull Racing,HAD,10,17,HARD,9,26.322,40.743,60.973,128.038
2,Chinese Grand Prix,Red Bull Racing,HAD,11,17,HARD,1,56.842,40.16,57.636,
2,Chinese Grand Prix,Red Bull Racing,HAD,12,17,HARD,2,32.169,32.463,46.579,111.211
2,Chinese Grand Prix,Red Bull Racing,HAD,13,17,HARD,3,29.856,45.152,58.415,133.423
2,Chinese Grand Prix,Red Bull Racing,HAD,14,14,HARD,4,25.781,30.923,42.627,99.331
2,Chinese Grand Prix,Red Bull Racing,HAD,15,14,HARD,5,26.347,30.28,42.534,99.161
2,Chinese Grand Prix,Red Bull Racing,HAD,16,14,HARD,6,26.493,30.629,42.567,99.689
2,Chinese Grand Prix,Red Bull Racing,HAD,17,14,HARD,7,26.03,30.493,42.429,98.952
2,Chinese Grand Prix,Red Bull Racing,HAD,18,14,HARD,8,26.093,30.299,42.431,98.823
2,Chinese Grand Prix,Red Bull Racing,HAD,19,14,HARD,9,26.126,30.277,42.354,98.757
2,Chinese Grand Prix,Red Bull Racing,HAD,20,14,HARD,10,26.351,30.424,42.494,99.269
2,Chinese Grand Prix,Red Bull Racing,HAD,21,14,HARD,11,26.629,30.22,42.284,99.133
2,Chinese Grand Prix,Red Bull Racing,HAD,22,13,HARD,12,26.049,30.045,42.298,98.392
2,Chinese Grand Prix,Red Bull Racing,HAD,23,13,HARD,13,26.086,30.19,42.161,98.437
2,Chinese Grand Prix,Red Bull Racing,HAD,24,13,HARD,14,26.12,30.186,42.574,98.88
2,Chinese Grand Prix,Red Bull Racing,HAD,25,12,HARD,15,26.148,30.262,42.207,98.617
2,Chinese Grand Prix,Red Bull Racing,HAD,26,12,HARD,16,26.077,30.008,42.289,98.374
2,Chinese Grand Prix,Red Bull Racing,HAD,27,12,HARD,17,26.017,30.018,42.258,98.293
2,Chinese Grand Prix,Red Bull Racing,HAD,28,12,HARD,18,26.171,29.952,42.236,98.359
2,Chinese Grand Prix,Red Bull Racing,HAD,29,11,HARD,19,25.909,29.942,42.231,98.082
2,Chinese Grand Prix,Red Bull Racing,HAD,30,11,HARD,20,25.896,29.857,42.166,97.919
2,Chinese Grand Prix,Red Bull Racing,HAD,31,11,HARD,21,25.822,29.932,42.114,97.868
2,Chinese Grand Prix,Red Bull Racing,HAD,32,10,HARD,22,25.935,29.982,42.172,98.089
2,Chinese Grand Prix,Red Bull Racing,HAD,33,10,HARD,23,25.888,29.878,42.055,97.821
2,Chinese Grand Prix,Red Bull Racing,HAD,34,10,HARD,24,26.086,29.809,42.144,98.039
2,Chinese Grand Prix,Red Bull Racing,HAD,35,9,HARD,25,25.979,29.739,42.22,97.938
2,Chinese Grand Prix,Red Bull Racing,HAD,36,9,HARD,26,25.797,29.839,42.118,97.754
2,Chinese Grand Prix,Red Bull Racing,HAD,37,9,HARD,27,25.927,29.847,42.068,97.842
2,Chinese Grand Prix,Red Bull Racing,HAD,38,9,HARD,28,25.797,29.802,41.98,97.579
2,Chinese Grand Prix,Red Bull Racing,HAD,39,9,HARD,29,25.952,29.79,41.911,97.653
2,Chinese Grand Prix,Red Bull Racing,HAD,40,9,HARD,30,26.096,29.716,42.123,97.935
2,Chinese Grand Prix,Red Bull Racing,HAD,41,9,HARD,31,25.778,30.072,42.073,97.923
2,Chinese Grand Prix,Red Bull Racing,HAD,42,9,HARD,32,25.707,29.704,41.942,97.353
2,Chinese Grand Prix,Red Bull Racing,HAD,43,9,HARD,33,25.835,29.812,42.0,97.647
2,Chinese Grand Prix,Red Bull Racing,HAD,44,9,HARD,34,25.8,29.701,41.858,97.359
2,Chinese Grand Prix,Red Bull Racing,HAD,45,8,HARD,35,25.79,29.742,42.084,97.616
2,Chinese Grand Prix,Red Bull Racing,HAD,46,8,HARD,36,25.711,29.636,41.964,97.311
2,Chinese Grand Prix,Red Bull Racing,HAD,47,8,HARD,37,25.938,30.263,42.004,98.205
2,Chinese Grand Prix,Red Bull Racing,HAD,48,8,HARD,38,26.038,29.769,42.199,98.006
2,Chinese Grand Prix,Red Bull Racing,HAD,49,8,HARD,39,25.964,29.805,42.061,97.83
2,Chinese Grand Prix,Red Bull Racing,HAD,50,8,HARD,40,25.851,29.612,42.226,97.689
2,Chinese Grand Prix,Red Bull Racing,HAD,51,8,HARD,41,26.056,29.885,42.062,98.003
2,Chinese Grand Prix,Red Bull Racing,HAD,52,8,HARD,42,25.92,29.761,42.124,97.805
2,Chinese Grand Prix,Red Bull Racing,HAD,53,8,HARD,43,25.918,29.894,42.125,97.937
2,Chinese Grand Prix,Red Bull Racing,HAD,54,8,HARD,44,25.849,29.807,42.269,97.925
2,Chinese Grand Prix,Red Bull Racing,HAD,55,8,HARD,45,25.992,29.655,42.151,97.798
2,Chinese Grand Prix,Red Bull Racing,HAD,56,8,HARD,46,25.764,29.704,42.076,97.544
2,Chinese Grand Prix,Mercedes,RUS,1,4,MEDIUM,1,,30.136,42.534,101.815
2,Chinese Grand Prix,Mercedes,RUS,2,4,MEDIUM,2,26.022,29.719,42.334,98.075
2,Chinese Grand Prix,Mercedes,RUS,3,3,MEDIUM,3,25.645,29.98,42.5,98.125
2,Chinese Grand Prix,Mercedes,RUS,4,2,MEDIUM,4,25.403,29.242,42.448,97.093
2,Chinese Grand Prix,Mercedes,RUS,5,2,MEDIUM,5,25.552,29.402,42.508,97.462
2,Chinese Grand Prix,Mercedes,RUS,6,2,MEDIUM,6,25.979,29.391,42.005,97.375
2,Chinese Grand Prix,Mercedes,RUS,7,2,MEDIUM,7,25.975,29.362,42.046,97.383
2,Chinese Grand Prix,Mercedes,RUS,8,2,MEDIUM,8,25.949,29.355,41.962,97.266
2,Chinese Grand Prix,Mercedes,RUS,9,2,MEDIUM,9,25.861,29.513,41.887,97.261
2,Chinese Grand Prix,Mercedes,RUS,10,2,MEDIUM,10,25.923,29.617,57.239,112.779
2,Chinese Grand Prix,Mercedes,RUS,11,4,HARD,1,55.148,43.483,64.092,
2,Chinese Grand Prix,Mercedes,RUS,12,4,HARD,2,43.86,42.726,63.081,149.667
2,Chinese Grand Prix,Mercedes,RUS,13,4,HARD,3,37.664,43.955,67.661,149.28
2,Chinese Grand Prix,Mercedes,RUS,14,5,HARD,4,26.305,31.086,43.197,100.588
2,Chinese Grand Prix,Mercedes,RUS,15,6,HARD,5,25.968,30.345,42.597,98.91
2,Chinese Grand Prix,Mercedes,RUS,16,4,HARD,6,25.573,29.819,42.14,97.532
2,Chinese Grand Prix,Mercedes,RUS,17,4,HARD,7,25.657,29.134,41.629,96.42
2,Chinese Grand Prix,Mercedes,RUS,18,4,HARD,8,25.492,29.18,41.641,96.313
2,Chinese Grand Prix,Mercedes,RUS,19,4,HARD,9,25.565,29.149,41.954,96.668
2,Chinese Grand Prix,Mercedes,RUS,20,4,HARD,10,25.365,29.318,41.934,96.617
2,Chinese Grand Prix,Mercedes,RUS,21,4,HARD,11,25.152,29.631,41.88,96.663
2,Chinese Grand Prix,Mercedes,RUS,22,4,HARD,12,25.733,29.398,41.763,96.894
2,Chinese Grand Prix,Mercedes,RUS,23,4,HARD,13,25.608,29.286,41.667,96.561
2,Chinese Grand Prix,Mercedes,RUS,24,4,HARD,14,25.578,29.504,42.363,97.445
2,Chinese Grand Prix,Mercedes,RUS,25,4,HARD,15,25.825,30.062,42.176,98.063
2,Chinese Grand Prix,Mercedes,RUS,26,4,HARD,16,25.598,29.588,42.001,97.187
2,Chinese Grand Prix,Mercedes,RUS,27,3,HARD,17,25.857,29.554,42.36,97.771
2,Chinese Grand Prix,Mercedes,RUS,28,3,HARD,18,25.686,29.334,41.951,96.971
2,Chinese Grand Prix,Mercedes,RUS,29,2,HARD,19,25.614,29.227,41.317,96.158
2,Chinese Grand Prix,Mercedes,RUS,30,2,HARD,20,25.67,29.158,41.61,96.438
2,Chinese Grand Prix,Mercedes,RUS,31,2,HARD,21,25.564,29.099,41.544,96.207
2,Chinese Grand Prix,Mercedes,RUS,32,2,HARD,22,25.491,29.035,41.451,95.977
2,Chinese Grand Prix,Mercedes,RUS,33,2,HARD,23,25.48,29.175,41.452,96.107
2,Chinese Grand Prix,Mercedes,RUS,34,2,HARD,24,25.489,28.955,41.408,95.852
2,Chinese Grand Prix,Mercedes,RUS,35,2,HARD,25,25.461,29.197,41.504,96.162
2,Chinese Grand Prix,Mercedes,RUS,36,2,HARD,26,25.435,28.945,41.534,95.914
2,Chinese Grand Prix,Mercedes,RUS,37,2,HARD,27,25.377,28.827,41.327,95.531
2,Chinese Grand Prix,Mercedes,RUS,38,2,HARD,28,25.305,28.918,41.306,95.529
2,Chinese Grand Prix,Mercedes,RUS,39,2,HARD,29,25.323,28.804,41.37,95.497
2,Chinese Grand Prix,Mercedes,RUS,40,2,HARD,30,25.393,28.845,41.398,95.636
2,Chinese Grand Prix,Mercedes,RUS,41,2,HARD,31,25.306,28.877,41.458,95.641
2,Chinese Grand Prix,Mercedes,RUS,42,2,HARD,32,25.516,29.312,41.833,96.661
2,Chinese Grand Prix,Mercedes,RUS,43,2,HARD,33,25.363,28.902,41.379,95.644
2,Chinese Grand Prix,Mercedes,RUS,44,2,HARD,34,25.356,28.807,41.379,95.542
2,Chinese Grand Prix,Mercedes,RUS,45,2,HARD,35,25.224,29.021,41.432,95.677
2,Chinese Grand Prix,Mercedes,RUS,46,2,HARD,36,25.299,29.171,41.937,96.407
2,Chinese Grand Prix,Mercedes,RUS,47,2,HARD,37,25.292,28.779,41.597,95.668
2,Chinese Grand Prix,Mercedes,RUS,48,2,HARD,38,25.377,28.846,41.872,96.095
2,Chinese Grand Prix,Mercedes,RUS,49,2,HARD,39,25.325,28.697,41.848,95.87
2,Chinese Grand Prix,Mercedes,RUS,50,2,HARD,40,25.319,28.738,41.624,95.681
2,Chinese Grand Prix,Mercedes,RUS,51,2,HARD,41,25.125,28.642,41.764,95.531
2,Chinese Grand Prix,Mercedes,RUS,52,2,HARD,42,25.306,28.715,41.526,95.547
2,Chinese Grand Prix,Mercedes,RUS,53,2,HARD,43,25.316,28.765,41.61,95.691
2,Chinese Grand Prix,Mercedes,RUS,54,2,HARD,44,25.418,29.072,41.967,96.457
2,Chinese Grand Prix,Mercedes,RUS,55,2,HARD,45,25.261,28.708,41.726,95.695
2,Chinese Grand Prix,Mercedes,RUS,56,2,HARD,46,25.226,28.71,41.464,95.4
2,Chinese Grand Prix,Cadillac,BOT,1,14,MEDIUM,1,,32.177,43.908,108.335
2,Chinese Grand Prix,Cadillac,BOT,2,14,MEDIUM,2,26.947,31.365,43.289,101.601
2,Chinese Grand Prix,Cadillac,BOT,3,15,MEDIUM,3,26.659,31.934,43.236,101.829
2,Chinese Grand Prix,Cadillac,BOT,4,15,MEDIUM,4,26.761,30.962,43.181,100.904
2,Chinese Grand Prix,Cadillac,BOT,5,15,MEDIUM,5,27.059,31.039,43.298,101.396
2,Chinese Grand Prix,Cadillac,BOT,6,14,MEDIUM,6,26.391,30.952,42.935,100.278
2,Chinese Grand Prix,Cadillac,BOT,7,14,MEDIUM,7,26.604,30.985,43.286,100.875
2,Chinese Grand Prix,Cadillac,BOT,8,14,MEDIUM,8,26.882,31.015,43.361,101.258
2,Chinese Grand Prix,Cadillac,BOT,9,14,MEDIUM,9,26.941,30.99,43.418,101.349
2,Chinese Grand Prix,Cadillac,BOT,10,12,MEDIUM,10,26.878,35.613,62.64,125.131
2,Chinese Grand Prix,Cadillac,BOT,11,16,HARD,1,58.486,40.93,57.367,
2,Chinese Grand Prix,Cadillac,BOT,12,15,HARD,2,33.862,33.038,54.548,121.448
2,Chinese Grand Prix,Cadillac,BOT,13,15,HARD,3,35.481,45.177,59.161,139.819
2,Chinese Grand Prix,Cadillac,BOT,14,15,HARD,4,26.737,31.46,43.097,101.294
2,Chinese Grand Prix,Cadillac,BOT,15,15,HARD,5,26.165,30.675,43.166,100.006
2,Chinese Grand Prix,Cadillac,BOT,16,15,HARD,6,26.191,30.624,42.924,99.739
2,Chinese Grand Prix,Cadillac,BOT,17,15,HARD,7,26.489,30.745,42.996,100.23
2,Chinese Grand Prix,Cadillac,BOT,18,15,HARD,8,26.368,30.689,43.042,100.099
2,Chinese Grand Prix,Cadillac,BOT,19,15,HARD,9,26.517,30.671,42.976,100.164
2,Chinese Grand Prix,Cadillac,BOT,20,15,HARD,10,26.364,30.626,42.986,99.976
2,Chinese Grand Prix,Cadillac,BOT,21,15,HARD,11,26.449,30.593,43.003,100.045
2,Chinese Grand Prix,Cadillac,BOT,22,15,HARD,12,26.212,30.653,42.948,99.813
2,Chinese Grand Prix,Cadillac,BOT,23,15,HARD,13,26.487,30.566,42.914,99.967
2,Chinese Grand Prix,Cadillac,BOT,24,15,HARD,14,26.425,30.561,42.86,99.846
2,Chinese Grand Prix,Cadillac,BOT,25,15,HARD,15,26.2,30.699,42.914,99.813
2,Chinese Grand Prix,Cadillac,BOT,26,15,HARD,16,26.309,30.445,42.99,99.744
2,Chinese Grand Prix,Cadillac,BOT,27,15,HARD,17,26.104,30.394,44.307,100.805
2,Chinese Grand Prix,Cadillac,BOT,28,15,HARD,18,26.274,30.448,42.914,99.636
2,Chinese Grand Prix,Cadillac,BOT,29,15,HARD,19,26.098,30.501,42.967,99.566
2,Chinese Grand Prix,Cadillac,BOT,30,14,HARD,20,26.301,30.429,42.962,99.692
2,Chinese Grand Prix,Cadillac,BOT,31,15,HARD,21,26.106,30.87,42.792,99.768
2,Chinese Grand Prix,Cadillac,BOT,32,15,HARD,22,26.151,30.446,42.945,99.542
2,Chinese Grand Prix,Cadillac,BOT,33,14,HARD,23,26.832,30.937,43.377,101.146
2,Chinese Grand Prix,Cadillac,BOT,34,14,HARD,24,26.516,30.445,42.734,99.695
2,Chinese Grand Prix,Cadillac,BOT,35,14,HARD,25,26.304,30.277,42.958,99.539
2,Chinese Grand Prix,Cadillac,BOT,36,14,HARD,26,26.353,31.324,42.875,100.552
2,Chinese Grand Prix,Cadillac,BOT,37,14,HARD,27,26.253,30.429,42.762,99.444
2,Chinese Grand Prix,Cadillac,BOT,38,15,HARD,28,26.13,30.527,43.39,100.047
2,Chinese Grand Prix,Cadillac,BOT,39,15,HARD,29,26.45,30.283,43.001,99.734
2,Chinese Grand Prix,Cadillac,BOT,40,15,HARD,30,27.407,30.087,43.077,100.571
2,Chinese Grand Prix,Cadillac,BOT,41,15,HARD,31,26.195,30.027,43.855,100.077
2,Chinese Grand Prix,Cadillac,BOT,42,15,HARD,32,26.101,30.045,42.874,99.02
2,Chinese Grand Prix,Cadillac,BOT,43,15,HARD,33,26.138,29.91,43.413,99.461
2,Chinese Grand Prix,Cadillac,BOT,44,15,HARD,34,26.051,30.038,42.825,98.914
2,Chinese Grand Prix,Cadillac,BOT,45,15,HARD,35,25.99,30.076,44.313,100.379
2,Chinese Grand Prix,Cadillac,BOT,46,14,HARD,36,26.021,30.022,43.615,99.658
2,Chinese Grand Prix,Cadillac,BOT,47,13,HARD,37,26.086,30.061,42.783,98.93
2,Chinese Grand Prix,Cadillac,BOT,48,13,HARD,38,26.175,29.953,43.007,99.135
2,Chinese Grand Prix,Cadillac,BOT,49,13,HARD,39,26.108,30.008,43.096,99.212
2,Chinese Grand Prix,Cadillac,BOT,50,13,HARD,40,26.214,29.909,43.204,99.327
2,Chinese Grand Prix,Cadillac,BOT,51,13,HARD,41,26.336,30.143,43.102,99.581
2,Chinese Grand Prix,Cadillac,BOT,52,13,HARD,42,26.241,30.155,43.027,99.423
2,Chinese Grand Prix,Cadillac,BOT,53,13,HARD,43,26.181,30.107,43.065,99.353
2,Chinese Grand Prix,Cadillac,BOT,54,13,HARD,44,26.023,30.297,43.103,99.423
2,Chinese Grand Prix,Cadillac,BOT,55,13,HARD,45,25.855,29.825,42.713,98.393
2,Chinese Grand Prix,Haas F1 Team,BEA,1,12,MEDIUM,1,,30.969,47.198,107.851
2,Chinese Grand Prix,Haas F1 Team,BEA,2,12,MEDIUM,2,26.995,30.997,43.144,101.136
2,Chinese Grand Prix,Haas F1 Team,BEA,3,12,MEDIUM,3,26.962,30.362,42.391,99.715
2,Chinese Grand Prix,Haas F1 Team,BEA,4,12,MEDIUM,4,26.545,30.225,42.41,99.18
2,Chinese Grand Prix,Haas F1 Team,BEA,5,12,MEDIUM,5,26.485,30.442,42.577,99.504
2,Chinese Grand Prix,Haas F1 Team,BEA,6,11,MEDIUM,6,25.953,30.169,42.488,98.61
2,Chinese Grand Prix,Haas F1 Team,BEA,7,11,MEDIUM,7,26.1,30.476,42.747,99.323
2,Chinese Grand Prix,Haas F1 Team,BEA,8,11,MEDIUM,8,26.217,30.611,42.608,99.436
2,Chinese Grand Prix,Haas F1 Team,BEA,9,9,MEDIUM,9,26.329,30.76,42.621,99.71
2,Chinese Grand Prix,Haas F1 Team,BEA,10,10,MEDIUM,10,26.336,30.168,60.926,117.43
2,Chinese Grand Prix,Haas F1 Team,BEA,11,10,HARD,1,52.49,40.239,59.301,
2,Chinese Grand Prix,Haas F1 Team,BEA,12,10,HARD,2,36.414,41.154,62.907,140.475
2,Chinese Grand Prix,Haas F1 Team,BEA,13,10,HARD,3,36.284,45.107,63.149,144.54
2,Chinese Grand Prix,Haas F1 Team,BEA,14,8,HARD,4,26.103,30.378,42.759,99.24
2,Chinese Grand Prix,Haas F1 Team,BEA,15,8,HARD,5,26.229,30.381,42.679,99.289
2,Chinese Grand Prix,Haas F1 Team,BEA,16,7,HARD,6,26.064,29.975,42.23,98.269
2,Chinese Grand Prix,Haas F1 Team,BEA,17,7,HARD,7,25.952,29.696,42.695,98.343
2,Chinese Grand Prix,Haas F1 Team,BEA,18,7,HARD,8,25.907,29.658,42.632,98.197
2,Chinese Grand Prix,Haas F1 Team,BEA,19,6,HARD,9,25.981,30.329,42.699,99.009
2,Chinese Grand Prix,Haas F1 Team,BEA,20,5,HARD,10,26.152,29.786,42.68,98.618
2,Chinese Grand Prix,Haas F1 Team,BEA,21,5,HARD,11,26.602,29.775,42.149,98.526
2,Chinese Grand Prix,Haas F1 Team,BEA,22,5,HARD,12,25.899,29.578,42.39,97.867
2,Chinese Grand Prix,Haas F1 Team,BEA,23,5,HARD,13,25.88,29.454,42.281,97.615
2,Chinese Grand Prix,Haas F1 Team,BEA,24,5,HARD,14,25.753,29.62,42.487,97.86
2,Chinese Grand Prix,Haas F1 Team,BEA,25,5,HARD,15,25.942,29.495,42.243,97.68
2,Chinese Grand Prix,Haas F1 Team,BEA,26,5,HARD,16,25.68,29.397,42.315,97.392
2,Chinese Grand Prix,Haas F1 Team,BEA,27,5,HARD,17,25.83,29.329,42.246,97.405
2,Chinese Grand Prix,Haas F1 Team,BEA,28,5,HARD,18,25.728,29.416,42.494,97.638
2,Chinese Grand Prix,Haas F1 Team,BEA,29,5,HARD,19,25.876,29.507,42.301,97.684
2,Chinese Grand Prix,Haas F1 Team,BEA,30,5,HARD,20,25.616,29.364,42.296,97.276
2,Chinese Grand Prix,Haas F1 Team,BEA,31,5,HARD,21,25.822,29.395,42.366,97.583
2,Chinese Grand Prix,Haas F1 Team,BEA,32,5,HARD,22,25.749,29.516,42.231,97.496
2,Chinese Grand Prix,Haas F1 Team,BEA,33,5,HARD,23,25.673,29.373,42.221,97.267
2,Chinese Grand Prix,Haas F1 Team,BEA,34,5,HARD,24,25.837,29.278,42.28,97.395
2,Chinese Grand Prix,Haas F1 Team,BEA,35,5,HARD,25,25.684,29.313,42.423,97.42
2,Chinese Grand Prix,Haas F1 Team,BEA,36,5,HARD,26,25.802,29.289,42.389,97.48
2,Chinese Grand Prix,Haas F1 Team,BEA,37,5,HARD,27,25.653,29.382,42.207,97.242
2,Chinese Grand Prix,Haas F1 Team,BEA,38,5,HARD,28,25.669,29.284,42.269,97.222
2,Chinese Grand Prix,Haas F1 Team,BEA,39,5,HARD,29,25.602,29.17,42.271,97.043
2,Chinese Grand Prix,Haas F1 Team,BEA,40,5,HARD,30,25.551,29.284,42.318,97.153
2,Chinese Grand Prix,Haas F1 Team,BEA,41,5,HARD,31,25.444,29.283,42.302,97.029
2,Chinese Grand Prix,Haas F1 Team,BEA,42,5,HARD,32,25.463,29.29,42.959,97.712
2,Chinese Grand Prix,Haas F1 Team,BEA,43,5,HARD,33,25.801,29.152,42.261,97.214
2,Chinese Grand Prix,Haas F1 Team,BEA,44,5,HARD,34,25.505,29.32,42.591,97.416
2,Chinese Grand Prix,Haas F1 Team,BEA,45,5,HARD,35,25.495,29.325,42.412,97.232
2,Chinese Grand Prix,Haas F1 Team,BEA,46,5,HARD,36,25.54,29.348,42.413,97.301
2,Chinese Grand Prix,Haas F1 Team,BEA,47,5,HARD,37,25.469,29.166,42.17,96.805
2,Chinese Grand Prix,Haas F1 Team,BEA,48,5,HARD,38,25.443,29.293,42.502,97.238
2,Chinese Grand Prix,Haas F1 Team,BEA,49,5,HARD,39,25.501,29.67,42.471,97.642
2,Chinese Grand Prix,Haas F1 Team,BEA,50,5,HARD,40,25.619,29.069,42.301,96.989
2,Chinese Grand Prix,Haas F1 Team,BEA,51,5,HARD,41,25.327,29.145,42.353,96.825
2,Chinese Grand Prix,Haas F1 Team,BEA,52,5,HARD,42,25.448,29.198,42.132,96.778
2,Chinese Grand Prix,Haas F1 Team,BEA,53,5,HARD,43,25.325,29.105,42.25,96.68
2,Chinese Grand Prix,Haas F1 Team,BEA,54,5,HARD,44,25.42,29.088,42.28,96.788
2,Chinese Grand Prix,Haas F1 Team,BEA,55,5,HARD,45,25.384,29.169,42.095,96.648
2,Chinese Grand Prix,Haas F1 Team,BEA,56,5,HARD,46,25.226,29.121,42.082,96.429
3,Japanese Grand Prix,McLaren,NOR,1,3,MEDIUM,1,,42.011,18.104,97.206
3,Japanese Grand Prix,McLaren,NOR,2,3,MEDIUM,2,34.856,42.12,17.929,94.905
3,Japanese Grand Prix,McLaren,NOR,3,4,MEDIUM,3,36.026,42.108,18.167,96.301
3,Japanese Grand Prix,McLaren,NOR,4,4,MEDIUM,4,35.147,42.19,18.114,95.451
3,Japanese Grand Prix,McLaren,NOR,5,4,MEDIUM,5,34.925,42.206,18.039,95.17
3,Japanese Grand Prix,McLaren,NOR,6,4,MEDIUM,6,34.901,42.063,18.087,95.051
3,Japanese Grand Prix,McLaren,NOR,7,4,MEDIUM,7,34.741,42.156,18.148,95.045
3,Japanese Grand Prix,McLaren,NOR,8,4,MEDIUM,8,34.769,42.234,18.244,95.247
3,Japanese Grand Prix,McLaren,NOR,9,4,MEDIUM,9,35.184,42.166,18.322,95.672
3,Japanese Grand Prix,McLaren,NOR,10,4,MEDIUM,10,34.968,42.231,18.029,95.228
3,Japanese Grand Prix,McLaren,NOR,11,5,MEDIUM,11,35.055,42.309,18.855,96.219
3,Japanese Grand Prix,McLaren,NOR,12,5,MEDIUM,12,35.369,42.136,17.952,95.457
3,Japanese Grand Prix,McLaren,NOR,13,5,MEDIUM,13,35.0,42.106,17.973,95.079
3,Japanese Grand Prix,McLaren,NOR,14,5,MEDIUM,14,35.006,42.32,18.013,95.339
3,Japanese Grand Prix,McLaren,NOR,15,5,MEDIUM,15,34.906,42.361,18.048,95.315
3,Japanese Grand Prix,McLaren,NOR,16,6,MEDIUM,16,35.499,42.303,20.42,98.222
3,Japanese Grand Prix,McLaren,NOR,17,8,HARD,1,54.657,42.005,17.819,114.481
3,Japanese Grand Prix,McLaren,NOR,18,8,HARD,2,34.876,41.988,18.052,94.916
3,Japanese Grand Prix,McLaren,NOR,19,8,HARD,3,34.516,41.804,17.965,94.285
3,Japanese Grand Prix,McLaren,NOR,20,8,HARD,4,34.258,41.67,17.843,93.771
3,Japanese Grand Prix,McLaren,NOR,21,8,HARD,5,34.402,41.856,17.903,94.161
3,Japanese Grand Prix,McLaren,NOR,22,8,HARD,6,38.974,56.456,25.11,120.54
3,Japanese Grand Prix,McLaren,NOR,23,6,HARD,7,45.885,62.354,31.347,139.586
3,Japanese Grand Prix,McLaren,NOR,24,6,HARD,8,49.4,70.887,26.841,147.128
3,Japanese Grand Prix,McLaren,NOR,25,6,HARD,9,50.322,72.179,28.388,
3,Japanese Grand Prix,McLaren,NOR,26,6,HARD,10,53.81,63.654,29.493,146.957
3,Japanese Grand Prix,McLaren,NOR,27,6,HARD,11,47.814,64.332,28.156,140.302
3,Japanese Grand Prix,McLaren,NOR,28,6,HARD,12,35.273,42.048,17.927,95.248
3,Japanese Grand Prix,McLaren,NOR,29,6,HARD,13,34.396,41.948,17.739,94.083
3,Japanese Grand Prix,McLaren,NOR,30,6,HARD,14,34.362,41.618,17.871,93.851
3,Japanese Grand Prix,McLaren,NOR,31,6,HARD,15,34.461,41.767,17.903,94.131
3,Japanese Grand Prix,McLaren,NOR,32,6,HARD,16,34.65,41.795,17.974,94.419
3,Japanese Grand Prix,McLaren,NOR,33,6,HARD,17,34.252,41.655,17.88,93.787
3,Japanese Grand Prix,McLaren,NOR,34,6,HARD,18,34.05,41.548,17.896,93.494
3,Japanese Grand Prix,McLaren,NOR,35,6,HARD,19,34.059,41.642,17.879,93.58
3,Japanese Grand Prix,McLaren,NOR,36,6,HARD,20,34.073,41.466,17.82,93.359
3,Japanese Grand Prix,McLaren,NOR,37,6,HARD,21,34.074,41.651,17.877,93.602
3,Japanese Grand Prix,McLaren,NOR,38,6,HARD,22,34.042,41.593,17.82,93.455
3,Japanese Grand Prix,McLaren,NOR,39,6,HARD,23,34.167,41.669,17.843,93.679
3,Japanese Grand Prix,McLaren,NOR,40,6,HARD,24,34.076,41.448,17.823,93.347
3,Japanese Grand Prix,McLaren,NOR,41,6,HARD,25,34.089,41.503,17.806,93.398
3,Japanese Grand Prix,McLaren,NOR,42,6,HARD,26,34.25,41.574,17.878,93.702
3,Japanese Grand Prix,McLaren,NOR,43,6,HARD,27,34.427,41.619,17.881,93.927
3,Japanese Grand Prix,McLaren,NOR,44,6,HARD,28,34.167,41.373,17.822,93.362
3,Japanese Grand Prix,McLaren,NOR,45,6,HARD,29,34.254,41.441,17.826,93.521
3,Japanese Grand Prix,McLaren,NOR,46,6,HARD,30,34.254,41.281,17.902,93.437
3,Japanese Grand Prix,McLaren,NOR,47,5,HARD,31,34.233,41.296,18.095,93.624
3,Japanese Grand Prix,McLaren,NOR,48,6,HARD,32,35.091,41.699,17.818,94.608
3,Japanese Grand Prix,McLaren,NOR,49,6,HARD,33,34.299,41.375,17.809,93.483
3,Japanese Grand Prix,McLaren,NOR,50,5,HARD,34,34.32,41.589,18.178,94.087
3,Japanese Grand Prix,McLaren,NOR,51,5,HARD,35,35.08,41.66,18.267,95.007
3,Japanese Grand Prix,McLaren,NOR,52,5,HARD,36,33.929,41.363,17.916,93.208
3,Japanese Grand Prix,McLaren,NOR,53,5,HARD,37,34.131,41.674,17.755,93.56
3,Japanese Grand Prix,Alpine,GAS,1,7,MEDIUM,1,,42.579,18.221,99.651
3,Japanese Grand Prix,Alpine,GAS,2,7,MEDIUM,2,34.955,42.458,18.023,95.436
3,Japanese Grand Prix,Alpine,GAS,3,7,MEDIUM,3,35.072,42.628,18.109,95.809
3,Japanese Grand Prix,Alpine,GAS,4,7,MEDIUM,4,35.07,42.607,18.222,95.899
3,Japanese Grand Prix,Alpine,GAS,5,7,MEDIUM,5,35.026,42.698,18.148,95.872
3,Japanese Grand Prix,Alpine,GAS,6,7,MEDIUM,6,35.201,42.653,18.289,96.143
3,Japanese Grand Prix,Alpine,GAS,7,7,MEDIUM,7,35.069,42.587,18.288,95.944
3,Japanese Grand Prix,Alpine,GAS,8,7,MEDIUM,8,34.939,42.419,18.208,95.566
3,Japanese Grand Prix,Alpine,GAS,9,7,MEDIUM,9,35.047,42.303,18.266,95.616
3,Japanese Grand Prix,Alpine,GAS,10,7,MEDIUM,10,35.156,42.396,18.319,95.871
3,Japanese Grand Prix,Alpine,GAS,11,7,MEDIUM,11,35.157,42.378,18.182,95.717
3,Japanese Grand Prix,Alpine,GAS,12,7,MEDIUM,12,35.118,42.273,18.133,95.524
3,Japanese Grand Prix,Alpine,GAS,13,7,MEDIUM,13,35.264,42.342,18.322,95.928
3,Japanese Grand Prix,Alpine,GAS,14,7,MEDIUM,14,35.318,42.518,18.274,96.11
3,Japanese Grand Prix,Alpine,GAS,15,7,MEDIUM,15,35.247,42.452,18.241,95.94
3,Japanese Grand Prix,Alpine,GAS,16,7,MEDIUM,16,35.189,42.507,18.141,95.837
3,Japanese Grand Prix,Alpine,GAS,17,6,MEDIUM,17,35.323,42.368,18.215,95.906
3,Japanese Grand Prix,Alpine,GAS,18,5,MEDIUM,18,35.247,42.279,18.299,95.825
3,Japanese Grand Prix,Alpine,GAS,19,4,MEDIUM,19,35.219,42.35,18.233,95.802
3,Japanese Grand Prix,Alpine,GAS,20,4,MEDIUM,20,35.239,42.121,18.168,95.528
3,Japanese Grand Prix,Alpine,GAS,21,4,MEDIUM,21,35.198,42.361,18.096,95.655
3,Japanese Grand Prix,Alpine,GAS,22,4,MEDIUM,22,35.019,60.601,25.34,120.96
3,Japanese Grand Prix,Alpine,GAS,23,7,HARD,1,62.639,61.561,24.521,148.721
3,Japanese Grand Prix,Alpine,GAS,24,7,HARD,2,48.414,71.354,26.482,146.25
3,Japanese Grand Prix,Alpine,GAS,25,7,HARD,3,50.269,72.706,27.526,
3,Japanese Grand Prix,Alpine,GAS,26,7,HARD,4,53.862,63.767,29.267,146.896
3,Japanese Grand Prix,Alpine,GAS,27,7,HARD,5,47.909,63.69,28.255,139.854
3,Japanese Grand Prix,Alpine,GAS,28,7,HARD,6,35.697,41.911,18.204,95.812
3,Japanese Grand Prix,Alpine,GAS,29,7,HARD,7,34.416,41.756,17.924,94.096
3,Japanese Grand Prix,Alpine,GAS,30,7,HARD,8,34.645,42.094,18.053,94.792
3,Japanese Grand Prix,Alpine,GAS,31,7,HARD,9,34.337,41.674,17.988,93.999
3,Japanese Grand Prix,Alpine,GAS,32,7,HARD,10,34.359,41.766,17.941,94.066
3,Japanese Grand Prix,Alpine,GAS,33,7,HARD,11,34.249,41.634,17.94,93.823
3,Japanese Grand Prix,Alpine,GAS,34,7,HARD,12,34.314,41.776,17.931,94.021
3,Japanese Grand Prix,Alpine,GAS,35,7,HARD,13,34.249,41.693,17.922,93.864
3,Japanese Grand Prix,Alpine,GAS,36,7,HARD,14,34.372,41.701,17.956,94.029
3,Japanese Grand Prix,Alpine,GAS,37,7,HARD,15,34.337,41.552,17.95,93.839
3,Japanese Grand Prix,Alpine,GAS,38,7,HARD,16,34.354,41.676,18.021,94.051
3,Japanese Grand Prix,Alpine,GAS,39,7,HARD,17,34.194,41.592,17.905,93.691
3,Japanese Grand Prix,Alpine,GAS,40,7,HARD,18,34.195,41.632,17.949,93.776
3,Japanese Grand Prix,Alpine,GAS,41,7,HARD,19,34.312,41.484,17.897,93.693
3,Japanese Grand Prix,Alpine,GAS,42,7,HARD,20,34.331,41.586,17.974,93.891
3,Japanese Grand Prix,Alpine,GAS,43,7,HARD,21,34.558,41.749,18.022,94.329
3,Japanese Grand Prix,Alpine,GAS,44,7,HARD,22,34.577,41.663,18.217,94.457
3,Japanese Grand Prix,Alpine,GAS,45,7,HARD,23,34.511,41.555,18.005,94.071
3,Japanese Grand Prix,Alpine,GAS,46,7,HARD,24,34.452,41.536,17.873,93.861
3,Japanese Grand Prix,Alpine,GAS,47,7,HARD,25,34.45,41.664,17.949,94.063
3,Japanese Grand Prix,Alpine,GAS,48,8,HARD,26,34.412,41.557,18.65,94.619
3,Japanese Grand Prix,Alpine,GAS,49,7,HARD,27,34.447,41.432,17.945,93.824
3,Japanese Grand Prix,Alpine,GAS,50,7,HARD,28,34.559,41.689,17.974,94.222
3,Japanese Grand Prix,Alpine,GAS,51,7,HARD,29,34.429,41.53,17.868,93.827
3,Japanese Grand Prix,Alpine,GAS,52,7,HARD,30,34.415,41.523,18.159,94.097
3,Japanese Grand Prix,Alpine,GAS,53,7,HARD,31,34.433,41.705,18.031,94.169
3,Japanese Grand Prix,Cadillac,PER,1,18,MEDIUM,1,,44.598,18.524,105.73
3,Japanese Grand Prix,Cadillac,PER,2,18,MEDIUM,2,36.405,43.1,18.442,97.947
3,Japanese Grand Prix,Cadillac,PER,3,19,MEDIUM,3,36.754,43.188,18.35,98.292
3,Japanese Grand Prix,Cadillac,PER,4,19,MEDIUM,4,36.36,42.981,18.593,97.934
3,Japanese Grand Prix,Cadillac,PER,5,19,MEDIUM,5,36.101,42.969,18.535,97.605
3,Japanese Grand Prix,Cadillac,PER,6,19,MEDIUM,6,35.966,43.315,18.756,98.037
3,Japanese Grand Prix,Cadillac,PER,7,19,MEDIUM,7,36.068,43.483,18.656,98.207
3,Japanese Grand Prix,Cadillac,PER,8,19,MEDIUM,8,36.159,43.263,18.704,98.126
3,Japanese Grand Prix,Cadillac,PER,9,19,MEDIUM,9,36.081,43.287,18.631,97.999
3,Japanese Grand Prix,Cadillac,PER,10,19,MEDIUM,10,36.238,43.399,18.621,98.258
3,Japanese Grand Prix,Cadillac,PER,11,19,MEDIUM,11,36.157,42.972,18.735,97.864
3,Japanese Grand Prix,Cadillac,PER,12,19,MEDIUM,12,36.209,43.078,18.665,97.952
3,Japanese Grand Prix,Cadillac,PER,13,19,MEDIUM,13,36.257,42.953,18.732,97.942
3,Japanese Grand Prix,Cadillac,PER,14,19,MEDIUM,14,36.108,43.045,18.749,97.902
3,Japanese Grand Prix,Cadillac,PER,15,19,MEDIUM,15,36.11,43.216,18.75,98.076
3,Japanese Grand Prix,Cadillac,PER,16,19,MEDIUM,16,36.157,43.066,18.566,97.789
3,Japanese Grand Prix,Cadillac,PER,17,18,MEDIUM,17,36.142,43.019,18.749,97.91
3,Japanese Grand Prix,Cadillac,PER,18,18,MEDIUM,18,36.279,43.995,18.814,99.088
3,Japanese Grand Prix,Cadillac,PER,19,19,MEDIUM,19,36.679,42.756,18.526,97.961
3,Japanese Grand Prix,Cadillac,PER,20,19,MEDIUM,20,35.961,44.018,18.756,98.735
3,Japanese Grand Prix,Cadillac,PER,21,18,MEDIUM,21,36.104,43.496,28.546,108.146
3,Japanese Grand Prix,Cadillac,PER,22,18,HARD,1,65.515,57.054,23.706,146.275
3,Japanese Grand Prix,Cadillac,PER,23,18,HARD,2,36.245,51.609,19.986,107.84
3,Japanese Grand Prix,Cadillac,PER,24,18,HARD,3,36.058,56.553,20.902,113.513
3,Japanese Grand Prix,Cadillac,PER,25,18,HARD,4,46.87,76.666,25.253,148.789
3,Japanese Grand Prix,Cadillac,PER,26,18,HARD,5,52.839,64.646,30.231,147.716
3,Japanese Grand Prix,Cadillac,PER,27,18,HARD,6,46.077,60.446,25.499,132.022
3,Japanese Grand Prix,Cadillac,PER,28,18,HARD,7,35.861,42.705,18.422,96.988
3,Japanese Grand Prix,Cadillac,PER,29,18,HARD,8,35.675,42.401,18.217,96.293
3,Japanese Grand Prix,Cadillac,PER,30,18,HARD,9,35.791,42.817,18.252,96.86
3,Japanese Grand Prix,Cadillac,PER,31,18,HARD,10,35.452,42.496,18.244,96.192
3,Japanese Grand Prix,Cadillac,PER,32,18,HARD,11,35.572,42.567,18.425,96.564
3,Japanese Grand Prix,Cadillac,PER,33,18,HARD,12,35.467,42.635,18.264,96.366
3,Japanese Grand Prix,Cadillac,PER,34,18,HARD,13,35.418,42.607,18.345,96.37
3,Japanese Grand Prix,Cadillac,PER,35,18,HARD,14,35.293,42.422,18.355,96.07
3,Japanese Grand Prix,Cadillac,PER,36,18,HARD,15,35.308,42.528,18.402,96.238
3,Japanese Grand Prix,Cadillac,PER,37,18,HARD,16,35.456,42.342,18.451,96.249
3,Japanese Grand Prix,Cadillac,PER,38,18,HARD,17,35.413,42.431,18.521,96.365
3,Japanese Grand Prix,Cadillac,PER,39,18,HARD,18,35.067,42.511,18.481,96.059
3,Japanese Grand Prix,Cadillac,PER,40,18,HARD,19,35.202,42.536,18.522,96.26
3,Japanese Grand Prix,Cadillac,PER,41,18,HARD,20,35.258,42.888,18.475,96.621
3,Japanese Grand Prix,Cadillac,PER,42,18,HARD,21,35.361,42.323,18.542,96.226
3,Japanese Grand Prix,Cadillac,PER,43,18,HARD,22,35.386,42.415,18.553,96.354
3,Japanese Grand Prix,Cadillac,PER,44,18,HARD,23,35.373,42.342,18.514,96.229
3,Japanese Grand Prix,Cadillac,PER,45,18,HARD,24,35.299,42.393,18.469,96.161
3,Japanese Grand Prix,Cadillac,PER,46,17,HARD,25,35.315,42.305,18.468,96.088
3,Japanese Grand Prix,Cadillac,PER,47,17,HARD,26,35.261,42.331,18.512,96.104
3,Japanese Grand Prix,Cadillac,PER,48,17,HARD,27,35.222,42.185,18.553,95.96
3,Japanese Grand Prix,Cadillac,PER,49,17,HARD,28,35.3,42.372,18.508,96.18
3,Japanese Grand Prix,Cadillac,PER,50,17,HARD,29,35.36,42.25,18.459,96.069
3,Japanese Grand Prix,Cadillac,PER,51,17,HARD,30,35.164,42.324,18.506,95.994
3,Japanese Grand Prix,Cadillac,PER,52,17,HARD,31,35.165,42.243,18.296,95.704
3,Japanese Grand Prix,Cadillac,PER,53,17,HARD,32,35.104,42.095,18.438,95.637
3,Japanese Grand Prix,Mercedes,ANT,1,6,MEDIUM,1,,42.42,17.942,98.784
3,Japanese Grand Prix,Mercedes,ANT,2,5,MEDIUM,2,34.437,42.202,17.836,94.475
3,Japanese Grand Prix,Mercedes,ANT,3,5,MEDIUM,3,35.282,42.109,18.145,95.536
3,Japanese Grand Prix,Mercedes,ANT,4,5,MEDIUM,4,34.978,42.457,18.088,95.523
3,Japanese Grand Prix,Mercedes,ANT,5,5,MEDIUM,5,34.818,42.395,18.027,95.24
3,Japanese Grand Prix,Mercedes,ANT,6,5,MEDIUM,6,34.771,42.134,18.057,94.962
3,Japanese Grand Prix,Mercedes,ANT,7,5,MEDIUM,7,34.821,42.201,18.054,95.076
3,Japanese Grand Prix,Mercedes,ANT,8,5,MEDIUM,8,34.865,42.112,18.226,95.203
3,Japanese Grand Prix,Mercedes,ANT,9,5,MEDIUM,9,35.232,42.073,18.229,95.534
3,Japanese Grand Prix,Mercedes,ANT,10,5,MEDIUM,10,35.153,42.226,18.031,95.41
3,Japanese Grand Prix,Mercedes,ANT,11,4,MEDIUM,11,35.153,42.079,17.883,95.115
3,Japanese Grand Prix,Mercedes,ANT,12,4,MEDIUM,12,35.013,42.01,18.004,95.027
3,Japanese Grand Prix,Mercedes,ANT,13,4,MEDIUM,13,34.77,42.068,18.106,94.944
3,Japanese Grand Prix,Mercedes,ANT,14,4,MEDIUM,14,34.902,42.315,18.044,95.261
3,Japanese Grand Prix,Mercedes,ANT,15,3,MEDIUM,15,34.944,42.109,18.324,95.377
3,Japanese Grand Prix,Mercedes,ANT,16,4,MEDIUM,16,36.072,42.106,17.986,96.164
3,Japanese Grand Prix,Mercedes,ANT,17,3,MEDIUM,17,34.843,41.875,17.968,94.686
3,Japanese Grand Prix,Mercedes,ANT,18,3,MEDIUM,18,34.399,41.758,17.938,94.095
3,Japanese Grand Prix,Mercedes,ANT,19,2,MEDIUM,19,34.476,41.879,17.988,94.343
3,Japanese Grand Prix,Mercedes,ANT,20,2,MEDIUM,20,34.504,41.791,17.946,94.241
3,Japanese Grand Prix,Mercedes,ANT,21,1,MEDIUM,21,34.329,41.686,17.933,93.948
3,Japanese Grand Prix,Mercedes,ANT,22,1,MEDIUM,22,34.353,53.479,25.544,113.376
3,Japanese Grand Prix,Mercedes,ANT,23,1,HARD,1,63.96,66.163,29.704,
3,Japanese Grand Prix,Mercedes,ANT,24,1,HARD,2,52.194,71.277,26.795,
3,Japanese Grand Prix,Mercedes,ANT,25,1,HARD,3,51.53,72.146,26.958,
3,Japanese Grand Prix,Mercedes,ANT,26,1,HARD,4,55.289,63.602,27.139,146.03
3,Japanese Grand Prix,Mercedes,ANT,27,1,HARD,5,49.968,67.88,28.389,146.237
3,Japanese Grand Prix,Mercedes,ANT,28,1,HARD,6,33.933,41.745,17.971,93.649
3,Japanese Grand Prix,Mercedes,ANT,29,1,HARD,7,33.975,41.396,17.996,93.367
3,Japanese Grand Prix,Mercedes,ANT,30,1,HARD,8,33.749,41.267,17.843,92.859
3,Japanese Grand Prix,Mercedes,ANT,31,1,HARD,9,33.989,41.365,17.904,93.258
3,Japanese Grand Prix,Mercedes,ANT,32,1,HARD,10,33.795,41.232,17.841,92.868
3,Japanese Grand Prix,Mercedes,ANT,33,1,HARD,11,33.848,41.293,17.858,92.999
3,Japanese Grand Prix,Mercedes,ANT,34,1,HARD,12,33.69,41.436,17.783,92.909
3,Japanese Grand Prix,Mercedes,ANT,35,1,HARD,13,33.821,41.282,17.809,92.912
3,Japanese Grand Prix,Mercedes,ANT,36,1,HARD,14,33.733,41.316,17.884,92.933
3,Japanese Grand Prix,Mercedes,ANT,37,1,HARD,15,33.857,41.266,17.861,92.984
3,Japanese Grand Prix,Mercedes,ANT,38,1,HARD,16,33.944,41.18,17.831,92.955
3,Japanese Grand Prix,Mercedes,ANT,39,1,HARD,17,33.705,41.24,17.786,92.731
3,Japanese Grand Prix,Mercedes,ANT,40,1,HARD,18,33.921,41.229,17.843,92.993
3,Japanese Grand Prix,Mercedes,ANT,41,1,HARD,19,33.844,41.11,17.782,92.736
3,Japanese Grand Prix,Mercedes,ANT,42,1,HARD,20,33.844,41.192,17.79,92.826
3,Japanese Grand Prix,Mercedes,ANT,43,1,HARD,21,33.739,41.104,17.695,92.538
3,Japanese Grand Prix,Mercedes,ANT,44,1,HARD,22,33.662,41.192,17.716,92.57
3,Japanese Grand Prix,Mercedes,ANT,45,1,HARD,23,33.897,41.132,17.79,92.819
3,Japanese Grand Prix,Mercedes,ANT,46,1,HARD,24,33.822,41.13,17.77,92.722
3,Japanese Grand Prix,Mercedes,ANT,47,1,HARD,25,33.929,41.504,17.778,93.211
3,Japanese Grand Prix,Mercedes,ANT,48,1,HARD,26,34.228,41.473,17.888,93.589
3,Japanese Grand Prix,Mercedes,ANT,49,1,HARD,27,33.72,40.986,17.726,92.432
3,Japanese Grand Prix,Mercedes,ANT,50,1,HARD,28,34.012,41.43,17.91,93.352
3,Japanese Grand Prix,Mercedes,ANT,51,1,HARD,29,33.833,41.302,17.754,92.889
3,Japanese Grand Prix,Mercedes,ANT,52,1,HARD,30,33.927,41.281,17.717,92.925
3,Japanese Grand Prix,Mercedes,ANT,53,1,HARD,31,33.907,41.548,18.608,94.063
3,Japanese Grand Prix,Aston Martin,ALO,1,20,MEDIUM,1,,45.219,18.453,107.044
3,Japanese Grand Prix,Aston Martin,ALO,2,20,MEDIUM,2,36.281,43.758,18.55,98.589
3,Japanese Grand Prix,Aston Martin,ALO,3,20,MEDIUM,3,36.233,43.723,18.545,98.501
3,Japanese Grand Prix,Aston Martin,ALO,4,20,MEDIUM,4,36.319,43.615,18.583,98.517
3,Japanese Grand Prix,Aston Martin,ALO,5,20,MEDIUM,5,36.303,43.517,18.708,98.528
3,Japanese Grand Prix,Aston Martin,ALO,6,20,MEDIUM,6,36.383,43.539,18.73,98.652
3,Japanese Grand Prix,Aston Martin,ALO,7,20,MEDIUM,7,36.369,43.554,18.669,98.592
3,Japanese Grand Prix,Aston Martin,ALO,8,21,MEDIUM,8,37.0,43.352,18.537,98.889
3,Japanese Grand Prix,Aston Martin,ALO,9,21,MEDIUM,9,36.35,43.434,18.512,98.296
3,Japanese Grand Prix,Aston Martin,ALO,10,21,MEDIUM,10,36.303,43.608,18.576,98.487
3,Japanese Grand Prix,Aston Martin,ALO,11,21,MEDIUM,11,36.198,43.351,18.317,97.866
3,Japanese Grand Prix,Aston Martin,ALO,12,21,MEDIUM,12,36.473,43.371,18.391,98.235
3,Japanese Grand Prix,Aston Martin,ALO,13,21,MEDIUM,13,36.445,43.582,18.564,98.591
3,Japanese Grand Prix,Aston Martin,ALO,14,21,MEDIUM,14,36.458,43.249,18.515,98.222
3,Japanese Grand Prix,Aston Martin,ALO,15,21,MEDIUM,15,36.621,43.24,18.78,98.641
3,Japanese Grand Prix,Aston Martin,ALO,16,21,MEDIUM,16,36.699,43.456,18.576,98.731
3,Japanese Grand Prix,Aston Martin,ALO,17,21,MEDIUM,17,36.461,43.351,18.491,98.303
3,Japanese Grand Prix,Aston Martin,ALO,18,21,MEDIUM,18,36.377,43.338,18.789,98.504
3,Japanese Grand Prix,Aston Martin,ALO,19,21,MEDIUM,19,36.674,43.29,18.638,98.602
3,Japanese Grand Prix,Aston Martin,ALO,20,21,MEDIUM,20,36.376,43.166,18.638,98.18
3,Japanese Grand Prix,Aston Martin,ALO,21,20,MEDIUM,21,36.528,50.917,31.576,119.021
3,Japanese Grand Prix,Aston Martin,ALO,22,20,HARD,1,61.987,60.954,21.627,144.568
3,Japanese Grand Prix,Aston Martin,ALO,23,20,HARD,2,39.519,51.323,22.246,113.088
3,Japanese Grand Prix,Aston Martin,ALO,24,20,MEDIUM,1,58.126,47.873,19.308,125.307
3,Japanese Grand Prix,Aston Martin,ALO,25,20,MEDIUM,2,40.594,54.319,24.004,118.917
3,Japanese Grand Prix,Aston Martin,ALO,26,20,MEDIUM,3,49.813,65.194,31.008,146.015
3,Japanese Grand Prix,Aston Martin,ALO,27,20,MEDIUM,4,45.686,59.978,24.122,129.786
3,Japanese Grand Prix,Aston Martin,ALO,28,20,MEDIUM,5,35.995,43.629,18.285,97.909
3,Japanese Grand Prix,Aston Martin,ALO,29,20,MEDIUM,6,35.666,43.089,18.324,97.079
3,Japanese Grand Prix,Aston Martin,ALO,30,19,MEDIUM,7,35.685,43.153,18.573,97.411
3,Japanese Grand Prix,Aston Martin,ALO,31,19,MEDIUM,8,36.137,43.271,18.456,97.864
3,Japanese Grand Prix,Aston Martin,ALO,32,19,MEDIUM,9,35.972,43.382,18.708,98.062
3,Japanese Grand Prix,Aston Martin,ALO,33,19,MEDIUM,10,35.856,43.216,18.63,97.702
3,Japanese Grand Prix,Aston Martin,ALO,34,19,MEDIUM,11,35.963,43.051,18.637,97.651
3,Japanese Grand Prix,Aston Martin,ALO,35,19,MEDIUM,12,35.872,43.159,18.723,97.754
3,Japanese Grand Prix,Aston Martin,ALO,36,19,MEDIUM,13,35.929,43.075,18.782,97.786
3,Japanese Grand Prix,Aston Martin,ALO,37,19,MEDIUM,14,35.826,42.895,18.737,97.458
3,Japanese Grand Prix,Aston Martin,ALO,38,19,MEDIUM,15,35.756,42.817,18.668,97.241
3,Japanese Grand Prix,Aston Martin,ALO,39,19,MEDIUM,16,35.648,42.93,18.546,97.124
3,Japanese Grand Prix,Aston Martin,ALO,40,19,MEDIUM,17,35.682,42.719,18.697,97.098
3,Japanese Grand Prix,Aston Martin,ALO,41,19,MEDIUM,18,35.569,42.661,18.598,96.828
3,Japanese Grand Prix,Aston Martin,ALO,42,19,MEDIUM,19,35.672,42.689,18.596,96.957
3,Japanese Grand Prix,Aston Martin,ALO,43,19,MEDIUM,20,35.8,42.923,18.614,97.337
3,Japanese Grand Prix,Aston Martin,ALO,44,19,MEDIUM,21,35.597,42.575,18.599,96.771
3,Japanese Grand Prix,Aston Martin,ALO,45,19,MEDIUM,22,35.249,42.815,18.613,96.677
3,Japanese Grand Prix,Aston Martin,ALO,46,19,MEDIUM,23,35.643,42.881,19.065,97.589
3,Japanese Grand Prix,Aston Martin,ALO,47,18,MEDIUM,24,35.495,42.453,18.273,96.221
3,Japanese Grand Prix,Aston Martin,ALO,48,18,MEDIUM,25,35.508,42.716,18.613,96.837
3,Japanese Grand Prix,Aston Martin,ALO,49,18,MEDIUM,26,35.718,42.818,18.576,97.112
3,Japanese Grand Prix,Aston Martin,ALO,50,18,MEDIUM,27,35.71,43.766,19.631,99.107
3,Japanese Grand Prix,Aston Martin,ALO,51,18,MEDIUM,28,35.575,42.743,18.433,96.751
3,Japanese Grand Prix,Aston Martin,ALO,52,18,MEDIUM,29,35.522,45.098,18.333,98.953
3,Japanese Grand Prix,Ferrari,LEC,1,2,MEDIUM,1,,41.648,18.305,96.36
3,Japanese Grand Prix,Ferrari,LEC,2,2,MEDIUM,2,34.987,42.055,18.084,95.126
3,Japanese Grand Prix,Ferrari,LEC,3,2,MEDIUM,3,35.159,41.807,18.139,95.105
3,Japanese Grand Prix,Ferrari,LEC,4,3,MEDIUM,4,35.751,42.366,18.314,96.431
3,Japanese Grand Prix,Ferrari,LEC,5,3,MEDIUM,5,34.819,42.188,18.202,95.209
3,Japanese Grand Prix,Ferrari,LEC,6,3,MEDIUM,6,34.924,42.114,18.249,95.287
3,Japanese Grand Prix,Ferrari,LEC,7,3,MEDIUM,7,34.58,42.098,18.277,94.955
3,Japanese Grand Prix,Ferrari,LEC,8,3,MEDIUM,8,34.685,42.49,18.283,95.458
3,Japanese Grand Prix,Ferrari,LEC,9,3,MEDIUM,9,34.94,42.173,18.51,95.623
3,Japanese Grand Prix,Ferrari,LEC,10,3,MEDIUM,10,34.721,42.21,18.215,95.146
3,Japanese Grand Prix,Ferrari,LEC,11,3,MEDIUM,11,34.888,42.046,18.211,95.145
3,Japanese Grand Prix,Ferrari,LEC,12,3,MEDIUM,12,34.963,41.973,18.265,95.201
3,Japanese Grand Prix,Ferrari,LEC,13,3,MEDIUM,13,35.037,42.103,18.268,95.408
3,Japanese Grand Prix,Ferrari,LEC,14,3,MEDIUM,14,34.916,42.184,18.205,95.305
3,Japanese Grand Prix,Ferrari,LEC,15,4,MEDIUM,15,34.939,42.157,18.807,95.903
3,Japanese Grand Prix,Ferrari,LEC,16,3,MEDIUM,16,35.102,41.942,18.263,95.307
3,Japanese Grand Prix,Ferrari,LEC,17,5,MEDIUM,17,34.98,41.989,20.479,97.448
3,Japanese Grand Prix,Ferrari,LEC,18,7,HARD,1,54.283,41.849,18.205,114.337
3,Japanese Grand Prix,Ferrari,LEC,19,7,HARD,2,34.787,41.516,18.123,94.426
3,Japanese Grand Prix,Ferrari,LEC,20,7,HARD,3,34.695,41.458,18.113,94.266
3,Japanese Grand Prix,Ferrari,LEC,21,7,HARD,4,34.478,41.616,18.038,94.132
3,Japanese Grand Prix,Ferrari,LEC,22,7,HARD,5,38.643,57.297,24.366,120.306
3,Japanese Grand Prix,Ferrari,LEC,23,5,HARD,6,45.154,62.826,30.094,138.074
3,Japanese Grand Prix,Ferrari,LEC,24,5,HARD,7,51.07,70.688,25.342,147.1
3,Japanese Grand Prix,Ferrari,LEC,25,5,HARD,8,52.556,71.423,27.495,
3,Japanese Grand Prix,Ferrari,LEC,26,5,HARD,9,54.354,63.009,29.299,146.662
3,Japanese Grand Prix,Ferrari,LEC,27,5,HARD,10,48.459,65.398,28.291,142.148
3,Japanese Grand Prix,Ferrari,LEC,28,5,HARD,11,35.331,41.904,18.052,95.287
3,Japanese Grand Prix,Ferrari,LEC,29,5,HARD,12,34.302,41.486,17.878,93.666
3,Japanese Grand Prix,Ferrari,LEC,30,5,HARD,13,34.331,41.368,17.997,93.696
3,Japanese Grand Prix,Ferrari,LEC,31,5,HARD,14,34.399,41.644,17.872,93.915
3,Japanese Grand Prix,Ferrari,LEC,32,5,HARD,15,34.121,41.499,17.874,93.494
3,Japanese Grand Prix,Ferrari,LEC,33,5,HARD,16,34.154,41.412,17.878,93.444
3,Japanese Grand Prix,Ferrari,LEC,34,5,HARD,17,34.361,41.287,17.86,93.508
3,Japanese Grand Prix,Ferrari,LEC,35,5,HARD,18,34.17,41.246,17.836,93.252
3,Japanese Grand Prix,Ferrari,LEC,36,5,HARD,19,34.397,41.35,17.916,93.663
3,Japanese Grand Prix,Ferrari,LEC,37,4,HARD,20,34.335,41.364,18.045,93.744
3,Japanese Grand Prix,Ferrari,LEC,38,4,HARD,21,34.033,41.13,17.965,93.128
3,Japanese Grand Prix,Ferrari,LEC,39,4,HARD,22,34.273,41.215,17.969,93.457
3,Japanese Grand Prix,Ferrari,LEC,40,4,HARD,23,34.127,41.414,18.164,93.705
3,Japanese Grand Prix,Ferrari,LEC,41,4,HARD,24,34.659,41.387,18.108,94.154
3,Japanese Grand Prix,Ferrari,LEC,42,3,HARD,25,34.046,41.392,17.98,93.418
3,Japanese Grand Prix,Ferrari,LEC,43,3,HARD,26,34.035,41.101,18.069,93.205
3,Japanese Grand Prix,Ferrari,LEC,44,3,HARD,27,34.186,41.07,18.048,93.304
3,Japanese Grand Prix,Ferrari,LEC,45,3,HARD,28,34.179,41.274,18.154,93.607
3,Japanese Grand Prix,Ferrari,LEC,46,3,HARD,29,33.994,41.12,18.046,93.16
3,Japanese Grand Prix,Ferrari,LEC,47,3,HARD,30,33.936,41.208,17.978,93.122
3,Japanese Grand Prix,Ferrari,LEC,48,3,HARD,31,33.676,41.14,18.195,93.011
3,Japanese Grand Prix,Ferrari,LEC,49,3,HARD,32,34.157,41.291,18.038,93.486
3,Japanese Grand Prix,Ferrari,LEC,50,4,HARD,33,34.173,41.289,18.711,94.173
3,Japanese Grand Prix,Ferrari,LEC,51,3,HARD,34,33.813,41.284,17.8,92.897
3,Japanese Grand Prix,Ferrari,LEC,52,3,HARD,35,34.047,41.137,18.017,93.201
3,Japanese Grand Prix,Ferrari,LEC,53,3,HARD,36,33.905,40.919,17.81,92.634
3,Japanese Grand Prix,Aston Martin,STR,1,22,MEDIUM,1,,45.723,18.803,108.234
3,Japanese Grand Prix,Aston Martin,STR,2,21,MEDIUM,2,35.693,44.13,18.546,98.369
3,Japanese Grand Prix,Aston Martin,STR,3,21,MEDIUM,3,36.126,43.543,18.56,98.229
3,Japanese Grand Prix,Aston Martin,STR,4,21,MEDIUM,4,36.248,43.686,18.653,98.587
3,Japanese Grand Prix,Aston Martin,STR,5,21,MEDIUM,5,36.258,43.604,18.564,98.426
3,Japanese Grand Prix,Aston Martin,STR,6,21,MEDIUM,6,36.306,43.703,18.608,98.617
3,Japanese Grand Prix,Aston Martin,STR,7,21,MEDIUM,7,36.301,43.619,18.542,98.462
3,Japanese Grand Prix,Aston Martin,STR,8,20,MEDIUM,8,35.578,43.5,18.605,97.683
3,Japanese Grand Prix,Aston Martin,STR,9,20,MEDIUM,9,36.017,43.604,18.578,98.199
3,Japanese Grand Prix,Aston Martin,STR,10,20,MEDIUM,10,36.207,43.553,18.533,98.293
3,Japanese Grand Prix,Aston Martin,STR,11,20,MEDIUM,11,36.153,43.493,18.405,98.051
3,Japanese Grand Prix,Aston Martin,STR,12,20,MEDIUM,12,36.487,43.52,18.615,98.622
3,Japanese Grand Prix,Aston Martin,STR,13,20,MEDIUM,13,36.333,43.528,18.593,98.454
3,Japanese Grand Prix,Aston Martin,STR,14,20,MEDIUM,14,36.224,43.407,18.556,98.187
3,Japanese Grand Prix,Aston Martin,STR,15,20,MEDIUM,15,36.307,43.705,18.841,98.853
3,Japanese Grand Prix,Aston Martin,STR,16,20,MEDIUM,16,36.304,43.531,18.592,98.427
3,Japanese Grand Prix,Aston Martin,STR,17,20,MEDIUM,17,36.566,43.4,18.61,98.576
3,Japanese Grand Prix,Aston Martin,STR,18,20,MEDIUM,18,36.307,43.35,18.797,98.454
3,Japanese Grand Prix,Aston Martin,STR,19,20,MEDIUM,19,36.404,43.347,18.621,98.372
3,Japanese Grand Prix,Aston Martin,STR,20,20,MEDIUM,20,36.487,43.281,18.638,98.406
3,Japanese Grand Prix,Aston Martin,STR,21,19,MEDIUM,21,36.365,49.537,25.756,111.658
3,Japanese Grand Prix,Aston Martin,STR,22,19,HARD,1,62.593,59.078,24.519,146.19
3,Japanese Grand Prix,Aston Martin,STR,23,19,HARD,2,37.581,47.986,19.974,105.541
3,Japanese Grand Prix,Aston Martin,STR,24,19,HARD,3,37.047,47.545,23.283,107.875
3,Japanese Grand Prix,Aston Martin,STR,25,19,MEDIUM,1,56.531,65.609,24.273,146.413
3,Japanese Grand Prix,Aston Martin,STR,26,19,MEDIUM,2,52.61,65.132,30.301,148.043
3,Japanese Grand Prix,Aston Martin,STR,27,19,MEDIUM,3,45.555,60.6,24.691,130.846
3,Japanese Grand Prix,Aston Martin,STR,28,19,MEDIUM,4,36.015,43.121,18.379,97.515
3,Japanese Grand Prix,Aston Martin,STR,29,19,MEDIUM,5,35.981,42.879,18.357,97.217
3,Japanese Grand Prix,Aston Martin,STR,30,20,MEDIUM,6,35.698,43.267,21.666,100.631
3,Japanese Grand Prix,Williams,ALB,1,17,MEDIUM,1,,44.394,18.51,105.225
3,Japanese Grand Prix,Williams,ALB,2,17,MEDIUM,2,36.274,42.995,18.149,97.418
3,Japanese Grand Prix,Williams,ALB,3,17,MEDIUM,3,35.871,43.24,18.353,97.464
3,Japanese Grand Prix,Williams,ALB,4,18,MEDIUM,4,36.825,43.011,18.24,98.076
3,Japanese Grand Prix,Williams,ALB,5,18,MEDIUM,5,35.721,42.832,18.243,96.796
3,Japanese Grand Prix,Williams,ALB,6,18,MEDIUM,6,35.804,43.07,18.433,97.307
3,Japanese Grand Prix,Williams,ALB,7,18,MEDIUM,7,36.081,43.171,18.293,97.545
3,Japanese Grand Prix,Williams,ALB,8,18,MEDIUM,8,35.891,43.078,18.468,97.437
3,Japanese Grand Prix,Williams,ALB,9,18,MEDIUM,9,35.852,43.091,18.269,97.212
3,Japanese Grand Prix,Williams,ALB,10,18,MEDIUM,10,35.788,43.127,18.32,97.235
3,Japanese Grand Prix,Williams,ALB,11,18,MEDIUM,11,35.97,42.814,18.244,97.028
3,Japanese Grand Prix,Williams,ALB,12,18,MEDIUM,12,35.943,42.878,18.237,97.058
3,Japanese Grand Prix,Williams,ALB,13,18,MEDIUM,13,35.851,42.676,18.206,96.733
3,Japanese Grand Prix,Williams,ALB,14,18,MEDIUM,14,35.921,42.896,18.329,97.146
3,Japanese Grand Prix,Williams,ALB,15,18,MEDIUM,15,35.916,42.768,18.264,96.948
3,Japanese Grand Prix,Williams,ALB,16,18,MEDIUM,16,35.857,42.795,18.227,96.879
3,Japanese Grand Prix,Williams,ALB,17,17,MEDIUM,17,35.894,42.691,18.195,96.78
3,Japanese Grand Prix,Williams,ALB,18,16,MEDIUM,18,35.912,42.701,18.379,96.992
3,Japanese Grand Prix,Williams,ALB,19,15,MEDIUM,19,35.81,42.515,18.267,96.592
3,Japanese Grand Prix,Williams,ALB,20,13,MEDIUM,20,35.793,42.772,18.247,96.812
3,Japanese Grand Prix,Williams,ALB,21,13,MEDIUM,21,35.615,42.544,18.258,96.417
3,Japanese Grand Prix,Williams,ALB,22,13,MEDIUM,22,46.562,57.576,27.509,131.647
3,Japanese Grand Prix,Williams,ALB,23,17,HARD,1,59.217,63.827,22.164,145.208
3,Japanese Grand Prix,Williams,ALB,24,17,HARD,2,37.861,58.086,24.345,120.292
3,Japanese Grand Prix,Williams,ALB,25,17,HARD,3,46.827,76.012,25.826,148.665
3,Japanese Grand Prix,Williams,ALB,26,17,HARD,4,52.919,64.95,29.911,147.78
3,Japanese Grand Prix,Williams,ALB,27,17,HARD,5,46.393,60.197,25.779,132.369
3,Japanese Grand Prix,Williams,ALB,28,17,HARD,6,35.823,42.815,18.222,96.86
3,Japanese Grand Prix,Williams,ALB,29,17,HARD,7,35.552,42.35,18.19,96.092
3,Japanese Grand Prix,Williams,ALB,30,17,HARD,8,36.217,42.383,18.162,96.762
3,Japanese Grand Prix,Williams,ALB,31,17,HARD,9,35.422,42.137,18.161,95.72
3,Japanese Grand Prix,Williams,ALB,32,17,HARD,10,35.605,42.195,18.109,95.909
3,Japanese Grand Prix,Williams,ALB,33,17,HARD,11,35.463,42.33,17.974,95.767
3,Japanese Grand Prix,Williams,ALB,34,17,HARD,12,35.411,42.141,18.046,95.598
3,Japanese Grand Prix,Williams,ALB,35,17,HARD,13,34.992,42.196,18.019,95.207
3,Japanese Grand Prix,Williams,ALB,36,17,HARD,14,35.008,42.054,18.076,95.138
3,Japanese Grand Prix,Williams,ALB,37,17,HARD,15,35.158,42.131,18.175,95.464
3,Japanese Grand Prix,Williams,ALB,38,17,HARD,16,34.896,42.013,18.177,95.086
3,Japanese Grand Prix,Williams,ALB,39,17,HARD,17,34.822,42.103,18.111,95.036
3,Japanese Grand Prix,Williams,ALB,40,17,HARD,18,34.929,41.929,18.111,94.969
3,Japanese Grand Prix,Williams,ALB,41,17,HARD,19,34.936,41.845,18.192,94.973
3,Japanese Grand Prix,Williams,ALB,42,17,HARD,20,35.227,42.229,18.244,95.7
3,Japanese Grand Prix,Williams,ALB,43,17,HARD,21,35.07,41.994,18.131,95.195
3,Japanese Grand Prix,Williams,ALB,44,17,HARD,22,34.97,42.028,18.265,95.263
3,Japanese Grand Prix,Williams,ALB,45,17,HARD,23,35.167,41.922,20.515,97.604
3,Japanese Grand Prix,Williams,ALB,46,18,SOFT,1,54.718,41.642,20.291,116.651
3,Japanese Grand Prix,Williams,ALB,47,19,SOFT,2,55.384,41.689,20.427,117.5
3,Japanese Grand Prix,Williams,ALB,48,20,SOFT,3,57.76,41.527,20.332,119.619
3,Japanese Grand Prix,Williams,ALB,49,20,SOFT,4,64.956,41.86,20.403,127.219
3,Japanese Grand Prix,Williams,ALB,50,20,MEDIUM,1,57.605,41.428,19.617,118.65
3,Japanese Grand Prix,Williams,ALB,51,20,MEDIUM,2,34.368,41.228,17.831,93.427
3,Japanese Grand Prix,Audi,HUL,1,19,MEDIUM,1,,44.711,18.748,106.149
3,Japanese Grand Prix,Audi,HUL,2,19,MEDIUM,2,36.377,43.395,18.247,98.019
3,Japanese Grand Prix,Audi,HUL,3,18,MEDIUM,3,35.342,43.085,18.103,96.53
3,Japanese Grand Prix,Audi,HUL,4,17,MEDIUM,4,35.458,42.956,18.218,96.632
3,Japanese Grand Prix,Audi,HUL,5,17,MEDIUM,5,35.878,42.815,18.165,96.858
3,Japanese Grand Prix,Audi,HUL,6,17,MEDIUM,6,35.81,43.183,18.529,97.522
3,Japanese Grand Prix,Audi,HUL,7,17,MEDIUM,7,35.921,43.264,18.239,97.424
3,Japanese Grand Prix,Audi,HUL,8,17,MEDIUM,8,35.857,43.083,18.209,97.149
3,Japanese Grand Prix,Audi,HUL,9,17,MEDIUM,9,35.547,42.961,18.187,96.695
3,Japanese Grand Prix,Audi,HUL,10,17,MEDIUM,10,35.919,42.869,18.155,96.943
3,Japanese Grand Prix,Audi,HUL,11,17,MEDIUM,11,35.53,42.718,18.139,96.387
3,Japanese Grand Prix,Audi,HUL,12,17,MEDIUM,12,35.449,43.604,18.344,97.397
3,Japanese Grand Prix,Audi,HUL,13,17,MEDIUM,13,35.919,42.797,18.256,96.972
3,Japanese Grand Prix,Audi,HUL,14,17,MEDIUM,14,35.422,42.945,18.123,96.49
3,Japanese Grand Prix,Audi,HUL,15,16,MEDIUM,15,34.972,42.559,18.247,95.778
3,Japanese Grand Prix,Audi,HUL,16,15,MEDIUM,16,35.508,42.688,18.081,96.277
3,Japanese Grand Prix,Audi,HUL,17,15,MEDIUM,17,35.354,42.76,18.057,96.171
3,Japanese Grand Prix,Audi,HUL,18,14,MEDIUM,18,35.423,42.448,18.166,96.037
3,Japanese Grand Prix,Audi,HUL,19,13,MEDIUM,19,35.308,42.305,17.962,95.575
3,Japanese Grand Prix,Audi,HUL,20,11,MEDIUM,20,35.318,42.304,18.033,95.655
3,Japanese Grand Prix,Audi,HUL,21,11,MEDIUM,21,35.319,42.622,18.003,95.944
3,Japanese Grand Prix,Audi,HUL,22,9,MEDIUM,22,42.684,57.513,24.402,124.599
3,Japanese Grand Prix,Audi,HUL,23,9,MEDIUM,23,44.305,57.94,27.174,129.419
3,Japanese Grand Prix,Audi,HUL,24,12,HARD,1,60.006,59.978,24.579,144.563
3,Japanese Grand Prix,Audi,HUL,25,12,HARD,2,48.372,74.454,27.625,
3,Japanese Grand Prix,Audi,HUL,26,12,HARD,3,53.085,65.462,29.0,147.547
3,Japanese Grand Prix,Audi,HUL,27,12,HARD,4,46.38,61.945,27.372,135.697
3,Japanese Grand Prix,Audi,HUL,28,12,HARD,5,35.452,42.571,18.352,96.375
3,Japanese Grand Prix,Audi,HUL,29,13,HARD,6,35.128,42.728,18.964,96.82
3,Japanese Grand Prix,Audi,HUL,30,14,HARD,7,36.353,42.063,17.826,96.242
3,Japanese Grand Prix,Audi,HUL,31,13,HARD,8,34.783,41.951,17.903,94.637
3,Japanese Grand Prix,Audi,HUL,32,13,HARD,9,34.861,42.073,17.971,94.905
3,Japanese Grand Prix,Audi,HUL,33,13,HARD,10,34.925,41.982,17.913,94.82
3,Japanese Grand Prix,Audi,HUL,34,13,HARD,11,35.006,42.061,17.96,95.027
3,Japanese Grand Prix,Audi,HUL,35,13,HARD,12,35.07,42.2,18.277,95.547
3,Japanese Grand Prix,Audi,HUL,36,13,HARD,13,35.193,42.064,18.129,95.386
3,Japanese Grand Prix,Audi,HUL,37,13,HARD,14,35.057,41.944,18.017,95.018
3,Japanese Grand Prix,Audi,HUL,38,12,HARD,15,34.717,41.852,18.262,94.831
3,Japanese Grand Prix,Audi,HUL,39,12,HARD,16,34.446,41.704,18.072,94.222
3,Japanese Grand Prix,Audi,HUL,40,12,HARD,17,34.639,41.566,17.927,94.132
3,Japanese Grand Prix,Audi,HUL,41,12,HARD,18,34.589,41.571,17.851,94.011
3,Japanese Grand Prix,Audi,HUL,42,12,HARD,19,34.694,41.708,17.81,94.212
3,Japanese Grand Prix,Audi,HUL,43,12,HARD,20,34.614,41.645,17.909,94.168
3,Japanese Grand Prix,Audi,HUL,44,12,HARD,21,34.621,41.787,18.018,94.426
3,Japanese Grand Prix,Audi,HUL,45,12,HARD,22,35.015,41.688,18.975,95.678
3,Japanese Grand Prix,Audi,HUL,46,12,HARD,23,36.004,42.339,18.036,96.379
3,Japanese Grand Prix,Audi,HUL,47,11,HARD,24,33.84,41.717,18.175,93.732
3,Japanese Grand Prix,Audi,HUL,48,11,HARD,25,34.615,41.62,17.902,94.137
3,Japanese Grand Prix,Audi,HUL,49,11,HARD,26,34.68,41.614,17.877,94.171
3,Japanese Grand Prix,Audi,HUL,50,11,HARD,27,34.538,41.7,17.939,94.177
3,Japanese Grand Prix,Audi,HUL,51,11,HARD,28,34.521,41.677,17.903,94.101
3,Japanese Grand Prix,Audi,HUL,52,11,HARD,29,34.555,41.508,17.79,93.853
3,Japanese Grand Prix,Audi,HUL,53,11,HARD,30,34.583,41.535,17.678,93.796
3,Japanese Grand Prix,Red Bull Racing,VER,1,10,MEDIUM,1,,43.038,18.111,101.273
3,Japanese Grand Prix,Red Bull Racing,VER,2,9,MEDIUM,2,35.473,42.663,18.492,96.628
3,Japanese Grand Prix,Red Bull Racing,VER,3,9,MEDIUM,3,35.305,42.498,18.051,95.854
3,Japanese Grand Prix,Red Bull Racing,VER,4,9,MEDIUM,4,35.056,42.81,18.001,95.867
3,Japanese Grand Prix,Red Bull Racing,VER,5,8,MEDIUM,5,35.458,42.643,18.821,96.922
3,Japanese Grand Prix,Red Bull Racing,VER,6,8,MEDIUM,6,35.563,42.653,18.335,96.551
3,Japanese Grand Prix,Red Bull Racing,VER,7,8,MEDIUM,7,35.268,42.598,18.201,96.067
3,Japanese Grand Prix,Red Bull Racing,VER,8,8,MEDIUM,8,35.14,42.393,18.192,95.725
3,Japanese Grand Prix,Red Bull Racing,VER,9,8,MEDIUM,9,35.198,42.48,18.17,95.848
3,Japanese Grand Prix,Red Bull Racing,VER,10,8,MEDIUM,10,35.185,42.363,18.179,95.727
3,Japanese Grand Prix,Red Bull Racing,VER,11,8,MEDIUM,11,35.108,42.365,18.157,95.63
3,Japanese Grand Prix,Red Bull Racing,VER,12,8,MEDIUM,12,35.114,42.493,18.092,95.699
3,Japanese Grand Prix,Red Bull Racing,VER,13,8,MEDIUM,13,35.148,42.377,18.23,95.755
3,Japanese Grand Prix,Red Bull Racing,VER,14,8,MEDIUM,14,35.216,42.33,18.227,95.773
3,Japanese Grand Prix,Red Bull Racing,VER,15,8,MEDIUM,15,35.161,42.323,18.168,95.652
3,Japanese Grand Prix,Red Bull Racing,VER,16,8,MEDIUM,16,35.182,42.293,18.112,95.587
3,Japanese Grand Prix,Red Bull Racing,VER,17,7,MEDIUM,17,35.183,42.225,18.127,95.535
3,Japanese Grand Prix,Red Bull Racing,VER,18,6,MEDIUM,18,35.281,42.174,18.153,95.608
3,Japanese Grand Prix,Red Bull Racing,VER,19,5,MEDIUM,19,35.158,42.259,18.17,95.587
3,Japanese Grand Prix,Red Bull Racing,VER,20,5,MEDIUM,20,35.168,42.207,18.225,95.6
3,Japanese Grand Prix,Red Bull Racing,VER,21,6,MEDIUM,21,35.756,42.291,18.077,96.124
3,Japanese Grand Prix,Red Bull Racing,VER,22,6,MEDIUM,22,38.435,58.973,24.348,121.756
3,Japanese Grand Prix,Red Bull Racing,VER,23,8,HARD,1,63.647,58.232,23.683,145.562
3,Japanese Grand Prix,Red Bull Racing,VER,24,8,HARD,2,48.199,73.008,24.806,146.013
3,Japanese Grand Prix,Red Bull Racing,VER,25,8,HARD,3,50.008,73.46,26.577,
3,Japanese Grand Prix,Red Bull Racing,VER,26,8,HARD,4,54.122,64.525,28.61,147.257
3,Japanese Grand Prix,Red Bull Racing,VER,27,8,HARD,5,47.819,63.631,27.774,139.224
3,Japanese Grand Prix,Red Bull Racing,VER,28,8,HARD,6,35.822,42.075,18.114,96.011
3,Japanese Grand Prix,Red Bull Racing,VER,29,8,HARD,7,34.434,41.754,17.953,94.141
3,Japanese Grand Prix,Red Bull Racing,VER,30,8,HARD,8,34.815,41.938,17.999,94.752
3,Japanese Grand Prix,Red Bull Racing,VER,31,8,HARD,9,34.448,41.837,18.01,94.295
3,Japanese Grand Prix,Red Bull Racing,VER,32,8,HARD,10,34.441,41.692,17.995,94.128
3,Japanese Grand Prix,Red Bull Racing,VER,33,8,HARD,11,34.545,41.563,17.817,93.925
3,Japanese Grand Prix,Red Bull Racing,VER,34,8,HARD,12,34.33,41.606,17.905,93.841
3,Japanese Grand Prix,Red Bull Racing,VER,35,8,HARD,13,34.372,41.535,17.954,93.861
3,Japanese Grand Prix,Red Bull Racing,VER,36,8,HARD,14,34.352,41.671,17.947,93.97
3,Japanese Grand Prix,Red Bull Racing,VER,37,8,HARD,15,34.399,41.527,17.926,93.852
3,Japanese Grand Prix,Red Bull Racing,VER,38,8,HARD,16,34.373,41.678,18.001,94.052
3,Japanese Grand Prix,Red Bull Racing,VER,39,8,HARD,17,34.307,41.796,18.036,94.139
3,Japanese Grand Prix,Red Bull Racing,VER,40,8,HARD,18,34.119,41.737,18.132,93.988
3,Japanese Grand Prix,Red Bull Racing,VER,41,8,HARD,19,34.037,41.637,17.878,93.552
3,Japanese Grand Prix,Red Bull Racing,VER,42,8,HARD,20,34.322,41.537,17.847,93.706
3,Japanese Grand Prix,Red Bull Racing,VER,43,8,HARD,21,34.453,41.674,18.02,94.147
3,Japanese Grand Prix,Red Bull Racing,VER,44,8,HARD,22,34.38,41.583,18.252,94.215
3,Japanese Grand Prix,Red Bull Racing,VER,45,8,HARD,23,34.581,41.61,18.155,94.346
3,Japanese Grand Prix,Red Bull Racing,VER,46,8,HARD,24,34.288,41.644,17.979,93.911
3,Japanese Grand Prix,Red Bull Racing,VER,47,8,HARD,25,34.46,41.453,17.973,93.886
3,Japanese Grand Prix,Red Bull Racing,VER,48,7,HARD,26,34.278,41.474,17.952,93.704
3,Japanese Grand Prix,Red Bull Racing,VER,49,8,HARD,27,35.253,41.84,17.95,95.043
3,Japanese Grand Prix,Red Bull Racing,VER,50,8,HARD,28,34.453,41.502,17.966,93.921
3,Japanese Grand Prix,Red Bull Racing,VER,51,8,HARD,29,34.374,41.584,17.887,93.845
3,Japanese Grand Prix,Red Bull Racing,VER,52,8,HARD,30,34.319,41.472,18.182,93.973
3,Japanese Grand Prix,Red Bull Racing,VER,53,8,HARD,31,34.43,41.581,17.996,94.007
3,Japanese Grand Prix,Racing Bulls,LAW,1,12,MEDIUM,1,,43.518,18.242,102.498
3,Japanese Grand Prix,Racing Bulls,LAW,2,12,MEDIUM,2,35.662,43.287,18.08,97.029
3,Japanese Grand Prix,Racing Bulls,LAW,3,12,MEDIUM,3,35.782,43.152,18.096,97.03
3,Japanese Grand Prix,Racing Bulls,LAW,4,12,MEDIUM,4,35.415,42.828,18.279,96.522
3,Japanese Grand Prix,Racing Bulls,LAW,5,12,MEDIUM,5,35.306,42.817,18.257,96.38
3,Japanese Grand Prix,Racing Bulls,LAW,6,12,MEDIUM,6,35.93,43.046,18.23,97.206
3,Japanese Grand Prix,Racing Bulls,LAW,7,12,MEDIUM,7,35.518,42.804,18.25,96.572
3,Japanese Grand Prix,Racing Bulls,LAW,8,12,MEDIUM,8,35.432,42.745,18.255,96.432
3,Japanese Grand Prix,Racing Bulls,LAW,9,12,MEDIUM,9,35.473,42.876,18.28,96.629
3,Japanese Grand Prix,Racing Bulls,LAW,10,12,MEDIUM,10,35.498,42.823,18.297,96.618
3,Japanese Grand Prix,Racing Bulls,LAW,11,12,MEDIUM,11,35.683,42.706,18.161,96.55
3,Japanese Grand Prix,Racing Bulls,LAW,12,12,MEDIUM,12,35.79,43.118,18.35,97.258
3,Japanese Grand Prix,Racing Bulls,LAW,13,12,MEDIUM,13,36.312,42.621,18.116,97.049
3,Japanese Grand Prix,Racing Bulls,LAW,14,12,MEDIUM,14,,42.781,18.278,97.013
3,Japanese Grand Prix,Racing Bulls,LAW,15,12,MEDIUM,15,35.735,42.811,18.18,96.726
3,Japanese Grand Prix,Racing Bulls,LAW,16,12,MEDIUM,16,35.828,42.818,18.176,96.822
3,Japanese Grand Prix,Racing Bulls,LAW,17,12,MEDIUM,17,35.843,42.716,18.161,96.72
3,Japanese Grand Prix,Racing Bulls,LAW,18,11,MEDIUM,18,35.879,42.537,18.188,96.604
3,Japanese Grand Prix,Racing Bulls,LAW,19,11,MEDIUM,19,35.815,42.626,18.275,96.716
3,Japanese Grand Prix,Racing Bulls,LAW,20,9,MEDIUM,20,35.66,42.435,18.347,96.442
3,Japanese Grand Prix,Racing Bulls,LAW,21,9,MEDIUM,21,35.509,42.408,18.263,96.18
3,Japanese Grand Prix,Racing Bulls,LAW,22,10,MEDIUM,22,41.836,58.157,26.321,126.314
3,Japanese Grand Prix,Racing Bulls,LAW,23,10,HARD,1,63.403,59.478,22.095,144.976
3,Japanese Grand Prix,Racing Bulls,LAW,24,9,HARD,2,38.812,60.958,25.726,125.496
3,Japanese Grand Prix,Racing Bulls,LAW,25,9,HARD,3,49.682,72.857,27.694,
3,Japanese Grand Prix,Racing Bulls,LAW,26,9,HARD,4,53.98,64.82,28.296,147.096
3,Japanese Grand Prix,Racing Bulls,LAW,27,9,HARD,5,47.777,62.67,27.6,138.047
3,Japanese Grand Prix,Racing Bulls,LAW,28,9,HARD,6,35.951,42.587,17.838,96.376
3,Japanese Grand Prix,Racing Bulls,LAW,29,9,HARD,7,34.933,42.068,17.924,94.925
3,Japanese Grand Prix,Racing Bulls,LAW,30,9,HARD,8,34.844,42.041,17.975,94.86
3,Japanese Grand Prix,Racing Bulls,LAW,31,9,HARD,9,34.75,41.936,18.03,94.716
3,Japanese Grand Prix,Racing Bulls,LAW,32,9,HARD,10,34.705,41.903,18.039,94.647
3,Japanese Grand Prix,Racing Bulls,LAW,33,9,HARD,11,34.796,41.974,18.003,94.773
3,Japanese Grand Prix,Racing Bulls,LAW,34,9,HARD,12,34.755,42.038,18.057,94.85
3,Japanese Grand Prix,Racing Bulls,LAW,35,9,HARD,13,34.732,41.99,18.277,94.999
3,Japanese Grand Prix,Racing Bulls,LAW,36,9,HARD,14,34.706,41.784,18.091,94.581
3,Japanese Grand Prix,Racing Bulls,LAW,37,9,HARD,15,34.715,41.969,18.254,94.938
3,Japanese Grand Prix,Racing Bulls,LAW,38,9,HARD,16,34.593,41.826,18.017,94.436
3,Japanese Grand Prix,Racing Bulls,LAW,39,9,HARD,17,34.592,41.87,18.064,94.526
3,Japanese Grand Prix,Racing Bulls,LAW,40,9,HARD,18,34.759,41.921,18.199,94.879
3,Japanese Grand Prix,Racing Bulls,LAW,41,9,HARD,19,34.761,41.874,18.161,94.796
3,Japanese Grand Prix,Racing Bulls,LAW,42,9,HARD,20,34.833,41.941,18.152,94.926
3,Japanese Grand Prix,Racing Bulls,LAW,43,9,HARD,21,34.826,41.847,18.197,94.87
3,Japanese Grand Prix,Racing Bulls,LAW,44,9,HARD,22,34.966,41.779,18.137,94.882
3,Japanese Grand Prix,Racing Bulls,LAW,45,9,HARD,23,34.847,41.817,18.13,94.794
3,Japanese Grand Prix,Racing Bulls,LAW,46,9,HARD,24,34.835,41.832,18.16,94.827
3,Japanese Grand Prix,Racing Bulls,LAW,47,9,HARD,25,34.978,41.895,18.082,94.955
3,Japanese Grand Prix,Racing Bulls,LAW,48,9,HARD,26,34.762,41.778,18.128,94.668
3,Japanese Grand Prix,Racing Bulls,LAW,49,9,HARD,27,34.886,41.726,18.089,94.701
3,Japanese Grand Prix,Racing Bulls,LAW,50,9,HARD,28,34.864,41.727,18.043,94.634
3,Japanese Grand Prix,Racing Bulls,LAW,51,9,HARD,29,34.717,41.585,18.039,94.341
3,Japanese Grand Prix,Racing Bulls,LAW,52,9,HARD,30,34.761,41.545,17.989,94.295
3,Japanese Grand Prix,Racing Bulls,LAW,53,9,HARD,31,34.632,41.733,17.865,94.23
3,Japanese Grand Prix,Haas F1 Team,OCO,1,11,MEDIUM,1,,43.267,18.305,101.913
3,Japanese Grand Prix,Haas F1 Team,OCO,2,11,MEDIUM,2,35.386,42.561,18.707,96.654
3,Japanese Grand Prix,Haas F1 Team,OCO,3,10,MEDIUM,3,35.745,42.33,18.019,96.094
3,Japanese Grand Prix,Haas F1 Team,OCO,4,10,MEDIUM,4,35.434,42.395,18.127,95.956
3,Japanese Grand Prix,Haas F1 Team,OCO,5,10,MEDIUM,5,35.492,42.449,18.805,96.746
3,Japanese Grand Prix,Haas F1 Team,OCO,6,9,MEDIUM,6,35.711,42.569,18.27,96.55
3,Japanese Grand Prix,Haas F1 Team,OCO,7,9,MEDIUM,7,35.524,42.604,18.16,96.288
3,Japanese Grand Prix,Haas F1 Team,OCO,8,9,MEDIUM,8,35.434,42.322,18.066,95.822
3,Japanese Grand Prix,Haas F1 Team,OCO,9,9,MEDIUM,9,35.423,42.669,18.265,96.357
3,Japanese Grand Prix,Haas F1 Team,OCO,10,9,MEDIUM,10,35.578,42.565,18.287,96.43
3,Japanese Grand Prix,Haas F1 Team,OCO,11,9,MEDIUM,11,35.581,42.633,18.262,96.476
3,Japanese Grand Prix,Haas F1 Team,OCO,12,9,MEDIUM,12,35.653,42.664,18.276,96.593
3,Japanese Grand Prix,Haas F1 Team,OCO,13,9,MEDIUM,13,35.759,42.592,18.408,96.759
3,Japanese Grand Prix,Haas F1 Team,OCO,14,9,MEDIUM,14,35.739,42.639,18.328,96.706
3,Japanese Grand Prix,Haas F1 Team,OCO,15,9,MEDIUM,15,35.693,42.586,18.329,96.608
3,Japanese Grand Prix,Haas F1 Team,OCO,16,9,MEDIUM,16,35.75,42.699,18.33,96.779
3,Japanese Grand Prix,Haas F1 Team,OCO,17,9,MEDIUM,17,35.687,42.719,19.051,97.457
3,Japanese Grand Prix,Haas F1 Team,OCO,18,9,MEDIUM,18,35.804,42.384,18.268,96.456
3,Japanese Grand Prix,Haas F1 Team,OCO,19,9,MEDIUM,19,35.524,42.361,21.014,98.899
3,Japanese Grand Prix,Haas F1 Team,OCO,20,14,HARD,1,56.587,41.917,18.415,116.919
3,Japanese Grand Prix,Haas F1 Team,OCO,21,14,HARD,2,34.854,42.212,22.006,99.072
3,Japanese Grand Prix,Haas F1 Team,OCO,22,14,HARD,3,49.401,53.717,22.564,125.682
3,Japanese Grand Prix,Haas F1 Team,OCO,23,12,HARD,4,45.337,59.938,22.713,127.988
3,Japanese Grand Prix,Haas F1 Team,OCO,24,11,HARD,5,38.04,62.059,24.338,124.437
3,Japanese Grand Prix,Haas F1 Team,OCO,25,11,HARD,6,49.613,73.53,27.467,
3,Japanese Grand Prix,Haas F1 Team,OCO,26,11,HARD,7,53.51,65.081,29.498,148.089
3,Japanese Grand Prix,Haas F1 Team,OCO,27,11,HARD,8,46.806,61.886,27.18,135.872
3,Japanese Grand Prix,Haas F1 Team,OCO,28,11,HARD,9,35.637,42.438,18.565,96.64
3,Japanese Grand Prix,Haas F1 Team,OCO,29,10,HARD,10,34.967,41.652,17.809,94.428
3,Japanese Grand Prix,Haas F1 Team,OCO,30,10,HARD,11,34.906,42.002,17.964,94.872
3,Japanese Grand Prix,Haas F1 Team,OCO,31,10,HARD,12,34.816,41.835,17.98,94.631
3,Japanese Grand Prix,Haas F1 Team,OCO,32,10,HARD,13,34.937,41.793,17.935,94.665
3,Japanese Grand Prix,Haas F1 Team,OCO,33,10,HARD,14,34.877,41.879,17.941,94.697
3,Japanese Grand Prix,Haas F1 Team,OCO,34,10,HARD,15,34.848,41.837,18.088,94.773
3,Japanese Grand Prix,Haas F1 Team,OCO,35,10,HARD,16,34.875,41.765,18.241,94.881
3,Japanese Grand Prix,Haas F1 Team,OCO,36,10,HARD,17,35.01,41.69,18.017,94.717
3,Japanese Grand Prix,Haas F1 Team,OCO,37,10,HARD,18,34.796,41.713,18.349,94.858
3,Japanese Grand Prix,Haas F1 Team,OCO,38,10,HARD,19,35.085,41.782,18.011,94.878
3,Japanese Grand Prix,Haas F1 Team,OCO,39,10,HARD,20,34.724,41.705,17.919,94.348
3,Japanese Grand Prix,Haas F1 Team,OCO,40,10,HARD,21,34.907,41.793,18.089,94.789
3,Japanese Grand Prix,Haas F1 Team,OCO,41,10,HARD,22,34.891,41.848,18.048,94.787
3,Japanese Grand Prix,Haas F1 Team,OCO,42,10,HARD,23,35.039,41.7,18.164,94.903
3,Japanese Grand Prix,Haas F1 Team,OCO,43,10,HARD,24,35.056,41.752,18.055,94.863
3,Japanese Grand Prix,Haas F1 Team,OCO,44,10,HARD,25,35.191,41.683,18.094,94.968
3,Japanese Grand Prix,Haas F1 Team,OCO,45,10,HARD,26,35.109,41.755,18.103,94.967
3,Japanese Grand Prix,Haas F1 Team,OCO,46,10,HARD,27,35.019,41.713,18.053,94.785
3,Japanese Grand Prix,Haas F1 Team,OCO,47,10,HARD,28,35.092,41.752,18.073,94.917
3,Japanese Grand Prix,Haas F1 Team,OCO,48,10,HARD,29,34.981,41.62,18.091,94.692
3,Japanese Grand Prix,Haas F1 Team,OCO,49,10,HARD,30,35.057,41.698,18.011,94.766
3,Japanese Grand Prix,Haas F1 Team,OCO,50,10,HARD,31,34.997,41.675,17.997,94.669
3,Japanese Grand Prix,Haas F1 Team,OCO,51,10,HARD,32,35.044,41.452,17.893,94.389
3,Japanese Grand Prix,Haas F1 Team,OCO,52,10,HARD,33,34.846,41.504,17.918,94.268
3,Japanese Grand Prix,Haas F1 Team,OCO,53,10,HARD,34,34.859,41.56,17.837,94.256
3,Japanese Grand Prix,Racing Bulls,LIN,1,9,MEDIUM,1,,43.187,18.012,100.66
3,Japanese Grand Prix,Racing Bulls,LIN,2,8,MEDIUM,2,35.265,42.825,18.084,96.174
3,Japanese Grand Prix,Racing Bulls,LIN,3,8,MEDIUM,3,35.347,42.792,18.094,96.233
3,Japanese Grand Prix,Racing Bulls,LIN,4,8,MEDIUM,4,35.296,42.736,18.007,96.039
3,Japanese Grand Prix,Racing Bulls,LIN,5,9,MEDIUM,5,35.528,43.293,19.232,98.053
3,Japanese Grand Prix,Racing Bulls,LIN,6,10,MEDIUM,6,36.77,42.663,18.056,97.489
3,Japanese Grand Prix,Racing Bulls,LIN,7,10,MEDIUM,7,35.836,42.575,17.979,96.39
3,Japanese Grand Prix,Racing Bulls,LIN,8,10,MEDIUM,8,35.615,42.431,18.037,96.083
3,Japanese Grand Prix,Racing Bulls,LIN,9,10,MEDIUM,9,35.568,42.811,18.011,96.39
3,Japanese Grand Prix,Racing Bulls,LIN,10,10,MEDIUM,10,35.732,42.676,18.083,96.491
3,Japanese Grand Prix,Racing Bulls,LIN,11,10,MEDIUM,11,36.015,42.75,18.374,97.139
3,Japanese Grand Prix,Racing Bulls,LIN,12,10,MEDIUM,12,36.17,44.055,18.484,98.709
3,Japanese Grand Prix,Racing Bulls,LIN,13,10,MEDIUM,13,35.425,42.63,18.187,96.242
3,Japanese Grand Prix,Racing Bulls,LIN,14,10,MEDIUM,14,35.72,42.676,18.138,96.534
3,Japanese Grand Prix,Racing Bulls,LIN,15,10,MEDIUM,15,35.76,42.641,18.888,97.289
3,Japanese Grand Prix,Racing Bulls,LIN,16,10,MEDIUM,16,35.876,42.795,18.152,96.823
3,Japanese Grand Prix,Racing Bulls,LIN,17,10,MEDIUM,17,35.749,42.723,18.08,96.552
3,Japanese Grand Prix,Racing Bulls,LIN,18,12,MEDIUM,18,35.797,42.533,20.866,99.196
3,Japanese Grand Prix,Racing Bulls,LIN,19,16,HARD,1,58.35,42.327,18.073,118.75
3,Japanese Grand Prix,Racing Bulls,LIN,20,16,HARD,2,35.291,42.231,17.942,95.464
3,Japanese Grand Prix,Racing Bulls,LIN,21,16,HARD,3,34.989,42.281,23.531,100.801
3,Japanese Grand Prix,Racing Bulls,LIN,22,16,HARD,4,45.829,56.145,24.795,126.769
3,Japanese Grand Prix,Racing Bulls,LIN,23,14,HARD,5,42.635,59.087,21.979,123.701
3,Japanese Grand Prix,Racing Bulls,LIN,24,14,HARD,6,40.377,59.903,24.885,125.165
3,Japanese Grand Prix,Racing Bulls,LIN,25,14,HARD,7,48.754,75.45,26.337,
3,Japanese Grand Prix,Racing Bulls,LIN,26,14,HARD,8,52.97,65.684,28.676,147.33
3,Japanese Grand Prix,Racing Bulls,LIN,27,14,HARD,9,46.921,60.601,27.085,134.607
3,Japanese Grand Prix,Racing Bulls,LIN,28,14,HARD,10,35.618,42.743,18.06,96.421
3,Japanese Grand Prix,Racing Bulls,LIN,29,14,HARD,11,35.954,42.283,18.168,96.405
3,Japanese Grand Prix,Racing Bulls,LIN,30,13,HARD,12,35.576,41.947,18.201,95.724
3,Japanese Grand Prix,Racing Bulls,LIN,31,14,HARD,13,35.809,42.126,18.027,95.962
3,Japanese Grand Prix,Racing Bulls,LIN,32,14,HARD,14,35.129,41.998,18.01,95.137
3,Japanese Grand Prix,Racing Bulls,LIN,33,14,HARD,15,35.082,42.064,18.014,95.16
3,Japanese Grand Prix,Racing Bulls,LIN,34,14,HARD,16,35.135,42.058,18.032,95.225
3,Japanese Grand Prix,Racing Bulls,LIN,35,14,HARD,17,35.135,42.177,18.09,95.402
3,Japanese Grand Prix,Racing Bulls,LIN,36,14,HARD,18,35.085,41.897,17.978,94.96
3,Japanese Grand Prix,Racing Bulls,LIN,37,14,HARD,19,34.979,41.911,17.97,94.86
3,Japanese Grand Prix,Racing Bulls,LIN,38,14,HARD,20,34.81,41.924,17.989,94.723
3,Japanese Grand Prix,Racing Bulls,LIN,39,14,HARD,21,35.136,41.882,18.078,95.096
3,Japanese Grand Prix,Racing Bulls,LIN,40,14,HARD,22,34.906,41.714,17.901,94.521
3,Japanese Grand Prix,Racing Bulls,LIN,41,14,HARD,23,35.025,41.888,17.94,94.853
3,Japanese Grand Prix,Racing Bulls,LIN,42,14,HARD,24,35.04,41.929,17.995,94.964
3,Japanese Grand Prix,Racing Bulls,LIN,43,14,HARD,25,34.963,41.894,18.028,94.885
3,Japanese Grand Prix,Racing Bulls,LIN,44,14,HARD,26,34.864,41.786,18.119,94.769
3,Japanese Grand Prix,Racing Bulls,LIN,45,14,HARD,27,34.901,41.829,18.003,94.733
3,Japanese Grand Prix,Racing Bulls,LIN,46,14,HARD,28,34.943,41.86,17.873,94.676
3,Japanese Grand Prix,Racing Bulls,LIN,47,14,HARD,29,35.031,41.799,17.886,94.716
3,Japanese Grand Prix,Racing Bulls,LIN,48,14,HARD,30,34.954,41.968,17.95,94.872
3,Japanese Grand Prix,Racing Bulls,LIN,49,14,HARD,31,35.134,42.023,18.072,95.229
3,Japanese Grand Prix,Racing Bulls,LIN,50,14,HARD,32,34.92,41.918,18.007,94.845
3,Japanese Grand Prix,Racing Bulls,LIN,51,14,HARD,33,34.881,41.792,17.927,94.6
3,Japanese Grand Prix,Racing Bulls,LIN,52,14,HARD,34,34.959,41.698,17.928,94.585
3,Japanese Grand Prix,Racing Bulls,LIN,53,14,HARD,35,34.946,41.569,17.799,94.314
3,Japanese Grand Prix,Alpine,COL,1,14,MEDIUM,1,,43.59,18.238,103.16
3,Japanese Grand Prix,Alpine,COL,2,14,MEDIUM,2,35.765,43.056,18.397,97.218
3,Japanese Grand Prix,Alpine,COL,3,13,MEDIUM,3,35.945,42.899,18.36,97.204
3,Japanese Grand Prix,Alpine,COL,4,13,MEDIUM,4,35.661,42.701,18.187,96.549
3,Japanese Grand Prix,Alpine,COL,5,13,MEDIUM,5,35.489,42.743,18.336,96.568
3,Japanese Grand Prix,Alpine,COL,6,13,MEDIUM,6,35.756,42.815,18.336,96.907
3,Japanese Grand Prix,Alpine,COL,7,13,MEDIUM,7,35.528,42.864,18.117,96.509
3,Japanese Grand Prix,Alpine,COL,8,13,MEDIUM,8,35.493,42.809,18.126,96.428
3,Japanese Grand Prix,Alpine,COL,9,13,MEDIUM,9,35.535,42.813,18.224,96.572
3,Japanese Grand Prix,Alpine,COL,10,13,MEDIUM,10,35.872,42.534,18.243,96.649
3,Japanese Grand Prix,Alpine,COL,11,13,MEDIUM,11,35.814,42.63,18.231,96.675
3,Japanese Grand Prix,Alpine,COL,12,13,MEDIUM,12,35.755,42.746,18.421,96.922
3,Japanese Grand Prix,Alpine,COL,13,13,MEDIUM,13,36.529,42.606,18.222,97.357
3,Japanese Grand Prix,Alpine,COL,14,13,MEDIUM,14,35.944,42.694,18.271,96.909
3,Japanese Grand Prix,Alpine,COL,15,13,MEDIUM,15,35.751,42.909,18.181,96.841
3,Japanese Grand Prix,Alpine,COL,16,13,MEDIUM,16,35.913,42.66,18.129,96.702
3,Japanese Grand Prix,Alpine,COL,17,14,MEDIUM,17,35.857,42.713,20.688,99.258
3,Japanese Grand Prix,Alpine,COL,18,17,HARD,1,55.731,42.861,18.293,116.885
3,Japanese Grand Prix,Alpine,COL,19,17,HARD,2,36.229,42.489,18.167,96.885
3,Japanese Grand Prix,Alpine,COL,20,17,HARD,3,35.278,42.354,17.992,95.624
3,Japanese Grand Prix,Alpine,COL,21,17,HARD,4,35.03,43.969,24.166,103.165
3,Japanese Grand Prix,Alpine,COL,22,17,HARD,5,45.289,56.565,24.713,126.567
3,Japanese Grand Prix,Alpine,COL,23,16,HARD,6,42.385,62.123,19.844,124.352
3,Japanese Grand Prix,Alpine,COL,24,16,HARD,7,38.766,60.008,24.782,123.556
3,Japanese Grand Prix,Alpine,COL,25,16,HARD,8,47.963,75.812,26.415,
3,Japanese Grand Prix,Alpine,COL,26,16,HARD,9,52.654,65.258,29.675,147.587
3,Japanese Grand Prix,Alpine,COL,27,16,HARD,10,46.779,60.139,26.452,133.37
3,Japanese Grand Prix,Alpine,COL,28,16,HARD,11,35.926,42.587,18.16,96.673
3,Japanese Grand Prix,Alpine,COL,29,16,HARD,12,35.587,42.386,18.199,96.172
3,Japanese Grand Prix,Alpine,COL,30,16,HARD,13,36.17,42.26,18.045,96.475
3,Japanese Grand Prix,Alpine,COL,31,16,HARD,14,35.415,42.206,18.301,95.922
3,Japanese Grand Prix,Alpine,COL,32,16,HARD,15,35.28,42.079,18.196,95.555
3,Japanese Grand Prix,Alpine,COL,33,16,HARD,16,35.322,42.392,17.958,95.672
3,Japanese Grand Prix,Alpine,COL,34,16,HARD,17,34.992,41.887,17.881,94.76
3,Japanese Grand Prix,Alpine,COL,35,16,HARD,18,34.962,42.209,17.987,95.158
3,Japanese Grand Prix,Alpine,COL,36,16,HARD,19,35.074,42.22,17.834,95.128
3,Japanese Grand Prix,Alpine,COL,37,16,HARD,20,35.119,41.867,17.966,94.952
3,Japanese Grand Prix,Alpine,COL,38,16,HARD,21,35.214,42.071,17.965,95.25
3,Japanese Grand Prix,Alpine,COL,39,16,HARD,22,35.077,42.124,17.932,95.133
3,Japanese Grand Prix,Alpine,COL,40,16,HARD,23,35.091,42.109,18.133,95.333
3,Japanese Grand Prix,Alpine,COL,41,16,HARD,24,34.744,41.851,17.917,94.512
3,Japanese Grand Prix,Alpine,COL,42,16,HARD,25,34.899,42.485,17.981,95.365
3,Japanese Grand Prix,Alpine,COL,43,16,HARD,26,34.735,41.938,18.073,94.746
3,Japanese Grand Prix,Alpine,COL,44,16,HARD,27,34.975,41.93,18.15,95.055
3,Japanese Grand Prix,Alpine,COL,45,16,HARD,28,35.19,41.998,18.17,95.358
3,Japanese Grand Prix,Alpine,COL,46,16,HARD,29,34.936,41.906,18.011,94.853
3,Japanese Grand Prix,Alpine,COL,47,16,HARD,30,34.917,41.905,17.978,94.8
3,Japanese Grand Prix,Alpine,COL,48,16,HARD,31,34.87,42.015,17.939,94.824
3,Japanese Grand Prix,Alpine,COL,49,16,HARD,32,34.987,42.001,18.055,95.043
3,Japanese Grand Prix,Alpine,COL,50,16,HARD,33,34.981,42.151,17.942,95.074
3,Japanese Grand Prix,Alpine,COL,51,16,HARD,34,35.231,42.103,17.951,95.285
3,Japanese Grand Prix,Alpine,COL,52,16,HARD,35,35.064,41.982,17.738,94.784
3,Japanese Grand Prix,Alpine,COL,53,16,HARD,36,35.012,41.857,17.816,94.685
3,Japanese Grand Prix,Ferrari,HAM,1,5,MEDIUM,1,,42.171,18.146,98.386
3,Japanese Grand Prix,Ferrari,HAM,2,6,MEDIUM,2,35.461,42.16,17.875,95.496
3,Japanese Grand Prix,Ferrari,HAM,3,6,MEDIUM,3,35.125,42.265,18.004,95.394
3,Japanese Grand Prix,Ferrari,HAM,4,6,MEDIUM,4,35.248,42.422,18.135,95.805
3,Japanese Grand Prix,Ferrari,HAM,5,6,MEDIUM,5,35.025,42.365,18.063,95.453
3,Japanese Grand Prix,Ferrari,HAM,6,6,MEDIUM,6,34.663,42.37,18.139,95.172
3,Japanese Grand Prix,Ferrari,HAM,7,6,MEDIUM,7,34.837,42.375,18.236,95.448
3,Japanese Grand Prix,Ferrari,HAM,8,6,MEDIUM,8,34.822,42.573,18.17,95.565
3,Japanese Grand Prix,Ferrari,HAM,9,6,MEDIUM,9,34.786,42.681,18.298,95.765
3,Japanese Grand Prix,Ferrari,HAM,10,6,MEDIUM,10,34.796,42.194,18.176,95.166
3,Japanese Grand Prix,Ferrari,HAM,11,6,MEDIUM,11,34.99,42.227,18.217,95.434
3,Japanese Grand Prix,Ferrari,HAM,12,6,MEDIUM,12,34.945,42.205,18.011,95.161
3,Japanese Grand Prix,Ferrari,HAM,13,6,MEDIUM,13,34.974,42.181,18.242,95.397
3,Japanese Grand Prix,Ferrari,HAM,14,6,MEDIUM,14,35.107,42.019,18.157,95.283
3,Japanese Grand Prix,Ferrari,HAM,15,6,MEDIUM,15,34.878,42.06,18.116,95.054
3,Japanese Grand Prix,Ferrari,HAM,16,5,MEDIUM,16,35.135,42.151,18.069,95.355
3,Japanese Grand Prix,Ferrari,HAM,17,4,MEDIUM,17,34.818,42.034,18.024,94.876
3,Japanese Grand Prix,Ferrari,HAM,18,4,MEDIUM,18,34.919,41.921,18.119,94.959
3,Japanese Grand Prix,Ferrari,HAM,19,3,MEDIUM,19,34.878,41.972,18.13,94.98
3,Japanese Grand Prix,Ferrari,HAM,20,3,MEDIUM,20,35.003,41.989,18.176,95.168
3,Japanese Grand Prix,Ferrari,HAM,21,3,MEDIUM,21,34.972,41.846,18.192,95.01
3,Japanese Grand Prix,Ferrari,HAM,22,2,MEDIUM,22,34.993,55.394,26.532,116.919
3,Japanese Grand Prix,Ferrari,HAM,23,4,HARD,1,64.944,62.009,30.437,
3,Japanese Grand Prix,Ferrari,HAM,24,4,HARD,2,51.017,71.609,24.933,147.559
3,Japanese Grand Prix,Ferrari,HAM,25,4,HARD,3,52.871,70.692,27.782,
3,Japanese Grand Prix,Ferrari,HAM,26,4,HARD,4,54.221,63.514,27.991,145.726
3,Japanese Grand Prix,Ferrari,HAM,27,4,HARD,5,49.74,65.341,28.675,143.756
3,Japanese Grand Prix,Ferrari,HAM,28,3,HARD,6,34.464,41.628,17.975,94.067
3,Japanese Grand Prix,Ferrari,HAM,29,3,HARD,7,34.268,41.627,17.847,93.742
3,Japanese Grand Prix,Ferrari,HAM,30,3,HARD,8,34.238,41.651,17.986,93.875
3,Japanese Grand Prix,Ferrari,HAM,31,3,HARD,9,34.176,41.591,17.903,93.67
3,Japanese Grand Prix,Ferrari,HAM,32,3,HARD,10,34.037,41.441,18.023,93.501
3,Japanese Grand Prix,Ferrari,HAM,33,3,HARD,11,33.991,41.566,17.967,93.524
3,Japanese Grand Prix,Ferrari,HAM,34,3,HARD,12,34.092,41.289,17.92,93.301
3,Japanese Grand Prix,Ferrari,HAM,35,3,HARD,13,34.127,41.533,18.036,93.696
3,Japanese Grand Prix,Ferrari,HAM,36,3,HARD,14,34.201,41.314,18.143,93.658
3,Japanese Grand Prix,Ferrari,HAM,37,3,HARD,15,34.165,41.814,17.955,93.934
3,Japanese Grand Prix,Ferrari,HAM,38,3,HARD,16,33.994,41.468,17.974,93.436
3,Japanese Grand Prix,Ferrari,HAM,39,3,HARD,17,34.167,41.376,18.033,93.576
3,Japanese Grand Prix,Ferrari,HAM,40,3,HARD,18,34.11,41.62,18.139,93.869
3,Japanese Grand Prix,Ferrari,HAM,41,3,HARD,19,34.44,41.609,18.128,94.177
3,Japanese Grand Prix,Ferrari,HAM,42,4,HARD,20,35.177,41.585,17.9,94.662
3,Japanese Grand Prix,Ferrari,HAM,43,5,HARD,21,35.047,41.379,17.933,94.359
3,Japanese Grand Prix,Ferrari,HAM,44,5,HARD,22,34.266,41.397,17.973,93.636
3,Japanese Grand Prix,Ferrari,HAM,45,5,HARD,23,34.167,41.343,17.985,93.495
3,Japanese Grand Prix,Ferrari,HAM,46,5,HARD,24,34.231,41.233,17.978,93.442
3,Japanese Grand Prix,Ferrari,HAM,47,6,HARD,25,34.378,41.393,18.905,94.676
3,Japanese Grand Prix,Ferrari,HAM,48,5,HARD,26,33.962,41.108,17.707,92.777
3,Japanese Grand Prix,Ferrari,HAM,49,5,HARD,27,34.368,41.301,18.198,93.867
3,Japanese Grand Prix,Ferrari,HAM,50,6,HARD,28,34.647,42.013,19.029,95.689
3,Japanese Grand Prix,Ferrari,HAM,51,6,HARD,29,33.992,41.784,19.151,94.927
3,Japanese Grand Prix,Ferrari,HAM,52,6,HARD,30,34.367,41.886,17.94,94.193
3,Japanese Grand Prix,Ferrari,HAM,53,6,HARD,31,34.115,41.518,18.036,93.669
3,Japanese Grand Prix,Audi,BOR,1,13,MEDIUM,1,,43.476,18.277,102.93
3,Japanese Grand Prix,Audi,BOR,2,13,MEDIUM,2,35.531,42.947,18.68,97.158
3,Japanese Grand Prix,Audi,BOR,3,15,MEDIUM,3,36.703,43.978,18.243,98.924
3,Japanese Grand Prix,Audi,BOR,4,15,MEDIUM,4,35.653,43.147,18.214,97.014
3,Japanese Grand Prix,Audi,BOR,5,15,MEDIUM,5,35.349,42.992,18.272,96.613
3,Japanese Grand Prix,Audi,BOR,6,15,MEDIUM,6,35.528,42.906,18.217,96.651
3,Japanese Grand Prix,Audi,BOR,7,14,MEDIUM,7,35.083,42.828,18.235,96.146
3,Japanese Grand Prix,Audi,BOR,8,14,MEDIUM,8,35.591,42.793,18.229,96.613
3,Japanese Grand Prix,Audi,BOR,9,14,MEDIUM,9,35.389,42.735,18.109,96.233
3,Japanese Grand Prix,Audi,BOR,10,14,MEDIUM,10,35.551,42.682,18.03,96.263
3,Japanese Grand Prix,Audi,BOR,11,14,MEDIUM,11,35.865,42.752,18.197,96.814
3,Japanese Grand Prix,Audi,BOR,12,14,MEDIUM,12,35.609,42.938,18.195,96.742
3,Japanese Grand Prix,Audi,BOR,13,14,MEDIUM,13,36.159,42.993,18.241,97.393
3,Japanese Grand Prix,Audi,BOR,14,14,MEDIUM,14,35.793,42.953,18.136,96.882
3,Japanese Grand Prix,Audi,BOR,15,14,MEDIUM,15,35.516,42.895,18.097,96.508
3,Japanese Grand Prix,Audi,BOR,16,14,MEDIUM,16,35.988,42.981,18.288,97.257
3,Japanese Grand Prix,Audi,BOR,17,13,MEDIUM,17,35.66,42.788,18.396,96.844
3,Japanese Grand Prix,Audi,BOR,18,13,MEDIUM,18,35.496,42.77,18.316,96.582
3,Japanese Grand Prix,Audi,BOR,19,12,MEDIUM,19,35.668,42.654,18.239,96.561
3,Japanese Grand Prix,Audi,BOR,20,10,MEDIUM,20,35.447,42.435,18.14,96.022
3,Japanese Grand Prix,Audi,BOR,21,10,MEDIUM,21,35.313,42.618,17.894,95.825
3,Japanese Grand Prix,Audi,BOR,22,11,MEDIUM,22,42.345,57.023,27.027,126.395
3,Japanese Grand Prix,Audi,BOR,23,11,HARD,1,62.972,59.222,23.376,145.57
3,Japanese Grand Prix,Audi,BOR,24,10,HARD,2,38.667,61.172,24.656,124.495
3,Japanese Grand Prix,Audi,BOR,25,10,HARD,3,49.93,72.806,28.018,
3,Japanese Grand Prix,Audi,BOR,26,10,HARD,4,53.562,64.953,28.501,147.016
3,Japanese Grand Prix,Audi,BOR,27,10,HARD,5,47.242,62.918,27.321,137.481
3,Japanese Grand Prix,Audi,BOR,28,10,HARD,6,35.763,43.013,18.131,96.907
3,Japanese Grand Prix,Audi,BOR,29,11,HARD,7,35.706,42.636,18.27,96.612
3,Japanese Grand Prix,Audi,BOR,30,11,HARD,8,35.069,42.254,18.201,95.524
3,Japanese Grand Prix,Audi,BOR,31,11,HARD,9,34.796,42.219,18.165,95.18
3,Japanese Grand Prix,Audi,BOR,32,11,HARD,10,34.786,42.144,18.063,94.993
3,Japanese Grand Prix,Audi,BOR,33,11,HARD,11,34.497,42.127,18.267,94.891
3,Japanese Grand Prix,Audi,BOR,34,11,HARD,12,34.588,42.316,18.189,95.093
3,Japanese Grand Prix,Audi,BOR,35,11,HARD,13,34.651,42.588,18.528,95.767
3,Japanese Grand Prix,Audi,BOR,36,12,HARD,14,35.323,42.145,18.008,95.476
3,Japanese Grand Prix,Audi,BOR,37,12,HARD,15,34.831,42.126,18.086,95.043
3,Japanese Grand Prix,Audi,BOR,38,13,HARD,16,34.612,42.044,19.231,95.887
3,Japanese Grand Prix,Audi,BOR,39,13,HARD,17,34.554,42.02,18.067,94.641
3,Japanese Grand Prix,Audi,BOR,40,13,HARD,18,34.6,41.773,17.791,94.164
3,Japanese Grand Prix,Audi,BOR,41,13,HARD,19,34.653,41.96,18.051,94.664
3,Japanese Grand Prix,Audi,BOR,42,13,HARD,20,34.79,42.048,18.183,95.021
3,Japanese Grand Prix,Audi,BOR,43,13,HARD,21,34.812,42.163,18.168,95.143
3,Japanese Grand Prix,Audi,BOR,44,13,HARD,22,34.795,42.162,18.056,95.013
3,Japanese Grand Prix,Audi,BOR,45,13,HARD,23,34.843,41.943,18.108,94.894
3,Japanese Grand Prix,Audi,BOR,46,13,HARD,24,34.809,42.066,17.911,94.786
3,Japanese Grand Prix,Audi,BOR,47,13,HARD,25,34.86,41.865,17.997,94.722
3,Japanese Grand Prix,Audi,BOR,48,13,HARD,26,34.765,41.735,17.778,94.278
3,Japanese Grand Prix,Audi,BOR,49,13,HARD,27,35.011,41.994,18.05,95.055
3,Japanese Grand Prix,Audi,BOR,50,13,HARD,28,34.842,41.851,17.893,94.586
3,Japanese Grand Prix,Audi,BOR,51,13,HARD,29,34.733,41.724,17.873,94.33
3,Japanese Grand Prix,Audi,BOR,52,13,HARD,30,34.806,42.147,18.049,95.002
3,Japanese Grand Prix,Audi,BOR,53,13,HARD,31,34.853,42.06,18.21,95.123
3,Japanese Grand Prix,Williams,SAI,1,15,MEDIUM,1,,43.831,18.356,103.908
3,Japanese Grand Prix,Williams,SAI,2,16,MEDIUM,2,36.606,43.083,18.109,97.798
3,Japanese Grand Prix,Williams,SAI,3,16,MEDIUM,3,36.168,43.519,18.194,97.881
3,Japanese Grand Prix,Williams,SAI,4,16,MEDIUM,4,36.109,42.996,18.285,97.39
3,Japanese Grand Prix,Williams,SAI,5,16,MEDIUM,5,35.749,42.798,18.173,96.72
3,Japanese Grand Prix,Williams,SAI,6,16,MEDIUM,6,35.966,43.259,18.458,97.683
3,Japanese Grand Prix,Williams,SAI,7,16,MEDIUM,7,35.877,43.114,18.371,97.362
3,Japanese Grand Prix,Williams,SAI,8,16,MEDIUM,8,35.793,42.856,18.244,96.893
3,Japanese Grand Prix,Williams,SAI,9,16,MEDIUM,9,35.646,42.962,18.24,96.848
3,Japanese Grand Prix,Williams,SAI,10,16,MEDIUM,10,35.784,42.737,18.24,96.761
3,Japanese Grand Prix,Williams,SAI,11,16,MEDIUM,11,35.621,42.656,18.212,96.489
3,Japanese Grand Prix,Williams,SAI,12,16,MEDIUM,12,35.856,43.242,18.276,97.374
3,Japanese Grand Prix,Williams,SAI,13,16,MEDIUM,13,35.851,42.778,18.264,96.893
3,Japanese Grand Prix,Williams,SAI,14,16,MEDIUM,14,35.771,42.618,18.642,97.031
3,Japanese Grand Prix,Williams,SAI,15,17,MEDIUM,15,36.621,42.84,18.286,97.747
3,Japanese Grand Prix,Williams,SAI,16,17,MEDIUM,16,35.85,42.579,18.128,96.557
3,Japanese Grand Prix,Williams,SAI,17,16,MEDIUM,17,35.955,42.742,18.217,96.914
3,Japanese Grand Prix,Williams,SAI,18,15,MEDIUM,18,35.859,42.634,18.275,96.768
3,Japanese Grand Prix,Williams,SAI,19,14,MEDIUM,19,35.678,42.653,18.262,96.593
3,Japanese Grand Prix,Williams,SAI,20,12,MEDIUM,20,35.716,42.514,18.23,96.46
3,Japanese Grand Prix,Williams,SAI,21,12,MEDIUM,21,35.651,42.584,18.255,96.49
3,Japanese Grand Prix,Williams,SAI,22,12,MEDIUM,22,45.526,56.168,25.177,126.871
3,Japanese Grand Prix,Williams,SAI,23,15,HARD,1,62.647,62.077,21.613,146.337
3,Japanese Grand Prix,Williams,SAI,24,15,HARD,2,38.186,59.551,25.148,122.885
3,Japanese Grand Prix,Williams,SAI,25,15,HARD,3,48.023,75.761,26.518,
3,Japanese Grand Prix,Williams,SAI,26,15,HARD,4,52.569,65.349,29.826,147.744
3,Japanese Grand Prix,Williams,SAI,27,15,HARD,5,46.224,59.998,27.246,133.468
3,Japanese Grand Prix,Williams,SAI,28,15,HARD,6,35.828,42.618,18.087,96.533
3,Japanese Grand Prix,Williams,SAI,29,15,HARD,7,35.712,42.58,18.135,96.427
3,Japanese Grand Prix,Williams,SAI,30,15,HARD,8,36.039,42.123,17.972,96.134
3,Japanese Grand Prix,Williams,SAI,31,15,HARD,9,35.494,42.382,18.245,96.121
3,Japanese Grand Prix,Williams,SAI,32,15,HARD,10,35.249,42.18,18.154,95.583
3,Japanese Grand Prix,Williams,SAI,33,15,HARD,11,35.121,42.062,17.911,95.094
3,Japanese Grand Prix,Williams,SAI,34,15,HARD,12,35.11,42.027,18.001,95.138
3,Japanese Grand Prix,Williams,SAI,35,15,HARD,13,34.969,42.119,17.997,95.085
3,Japanese Grand Prix,Williams,SAI,36,15,HARD,14,35.041,41.875,17.987,94.903
3,Japanese Grand Prix,Williams,SAI,37,15,HARD,15,35.103,41.869,18.02,94.992
3,Japanese Grand Prix,Williams,SAI,38,15,HARD,16,34.883,41.694,17.937,94.514
3,Japanese Grand Prix,Williams,SAI,39,15,HARD,17,35.146,42.018,18.013,95.177
3,Japanese Grand Prix,Williams,SAI,40,15,HARD,18,35.058,41.928,17.94,94.926
3,Japanese Grand Prix,Williams,SAI,41,15,HARD,19,35.056,42.032,17.976,95.064
3,Japanese Grand Prix,Williams,SAI,42,15,HARD,20,35.004,42.007,18.06,95.071
3,Japanese Grand Prix,Williams,SAI,43,15,HARD,21,35.171,41.982,18.093,95.246
3,Japanese Grand Prix,Williams,SAI,44,15,HARD,22,35.049,41.858,18.147,95.054
3,Japanese Grand Prix,Williams,SAI,45,15,HARD,23,35.142,41.847,18.028,95.017
3,Japanese Grand Prix,Williams,SAI,46,15,HARD,24,35.025,42.169,18.113,95.307
3,Japanese Grand Prix,Williams,SAI,47,15,HARD,25,34.992,41.913,18.065,94.97
3,Japanese Grand Prix,Williams,SAI,48,15,HARD,26,35.043,41.931,18.047,95.021
3,Japanese Grand Prix,Williams,SAI,49,15,HARD,27,35.061,41.895,18.137,95.093
3,Japanese Grand Prix,Williams,SAI,50,15,HARD,28,35.137,42.003,18.078,95.218
3,Japanese Grand Prix,Williams,SAI,51,15,HARD,29,35.142,42.04,18.174,95.356
3,Japanese Grand Prix,Williams,SAI,52,15,HARD,30,34.997,41.652,18.012,94.661
3,Japanese Grand Prix,Williams,SAI,53,15,HARD,31,34.85,41.785,17.904,94.539
3,Japanese Grand Prix,Red Bull Racing,HAD,1,8,MEDIUM,1,,42.839,18.232,100.293
3,Japanese Grand Prix,Red Bull Racing,HAD,2,10,MEDIUM,2,36.047,43.462,18.752,98.261
3,Japanese Grand Prix,Red Bull Racing,HAD,3,11,MEDIUM,3,36.171,42.961,18.061,97.193
3,Japanese Grand Prix,Red Bull Racing,HAD,4,11,MEDIUM,4,35.16,42.698,18.159,96.017
3,Japanese Grand Prix,Red Bull Racing,HAD,5,11,MEDIUM,5,35.105,42.92,18.338,96.363
3,Japanese Grand Prix,Red Bull Racing,HAD,6,11,MEDIUM,6,36.216,42.765,18.124,97.105
3,Japanese Grand Prix,Red Bull Racing,HAD,7,11,MEDIUM,7,35.53,42.893,17.97,96.393
3,Japanese Grand Prix,Red Bull Racing,HAD,8,11,MEDIUM,8,35.488,42.535,18.18,96.203
3,Japanese Grand Prix,Red Bull Racing,HAD,9,11,MEDIUM,9,35.656,42.803,18.046,96.505
3,Japanese Grand Prix,Red Bull Racing,HAD,10,11,MEDIUM,10,35.411,42.759,18.064,96.234
3,Japanese Grand Prix,Red Bull Racing,HAD,11,11,MEDIUM,11,35.9,42.684,18.357,96.941
3,Japanese Grand Prix,Red Bull Racing,HAD,12,11,MEDIUM,12,35.917,44.159,18.616,98.692
3,Japanese Grand Prix,Red Bull Racing,HAD,13,11,MEDIUM,13,35.804,42.529,18.131,96.464
3,Japanese Grand Prix,Red Bull Racing,HAD,14,11,MEDIUM,14,35.786,42.746,18.14,96.672
3,Japanese Grand Prix,Red Bull Racing,HAD,15,11,MEDIUM,15,35.487,42.508,18.782,96.777
3,Japanese Grand Prix,Red Bull Racing,HAD,16,11,MEDIUM,16,36.191,42.796,18.217,97.204
3,Japanese Grand Prix,Red Bull Racing,HAD,17,11,MEDIUM,17,35.677,43.05,18.258,96.985
3,Japanese Grand Prix,Red Bull Racing,HAD,18,10,MEDIUM,18,35.463,42.597,18.234,96.294
3,Japanese Grand Prix,Red Bull Racing,HAD,19,10,MEDIUM,19,35.269,42.287,20.179,97.735
3,Japanese Grand Prix,Red Bull Racing,HAD,20,15,HARD,1,55.858,42.136,17.967,115.961
3,Japanese Grand Prix,Red Bull Racing,HAD,21,15,HARD,2,34.752,42.074,23.107,99.933
3,Japanese Grand Prix,Red Bull Racing,HAD,22,15,HARD,3,48.061,53.186,24.463,125.71
3,Japanese Grand Prix,Red Bull Racing,HAD,23,13,HARD,4,44.816,59.174,23.65,127.64
3,Japanese Grand Prix,Red Bull Racing,HAD,24,13,HARD,5,40.42,59.471,25.051,124.942
3,Japanese Grand Prix,Red Bull Racing,HAD,25,13,HARD,6,48.526,74.831,27.058,
3,Japanese Grand Prix,Red Bull Racing,HAD,26,13,HARD,7,53.032,65.585,28.625,147.242
3,Japanese Grand Prix,Red Bull Racing,HAD,27,13,HARD,8,47.153,60.737,27.235,135.125
3,Japanese Grand Prix,Red Bull Racing,HAD,28,13,HARD,9,35.656,42.542,18.178,96.376
3,Japanese Grand Prix,Red Bull Racing,HAD,29,12,HARD,10,35.504,42.255,18.291,96.05
3,Japanese Grand Prix,Red Bull Racing,HAD,30,12,HARD,11,34.998,42.274,18.213,95.485
3,Japanese Grand Prix,Red Bull Racing,HAD,31,12,HARD,12,34.806,42.341,18.108,95.255
3,Japanese Grand Prix,Red Bull Racing,HAD,32,12,HARD,13,34.712,42.247,18.027,94.986
3,Japanese Grand Prix,Red Bull Racing,HAD,33,12,HARD,14,34.541,41.979,18.198,94.718
3,Japanese Grand Prix,Red Bull Racing,HAD,34,12,HARD,15,34.668,42.276,18.201,95.145
3,Japanese Grand Prix,Red Bull Racing,HAD,35,12,HARD,16,34.547,42.667,18.426,95.64
3,Japanese Grand Prix,Red Bull Racing,HAD,36,11,HARD,17,34.064,41.85,18.046,93.96
3,Japanese Grand Prix,Red Bull Racing,HAD,37,11,HARD,18,34.566,42.031,18.04,94.637
3,Japanese Grand Prix,Red Bull Racing,HAD,38,11,HARD,19,34.536,41.945,17.985,94.466
3,Japanese Grand Prix,Red Bull Racing,HAD,39,11,HARD,20,34.622,41.962,17.974,94.558
3,Japanese Grand Prix,Red Bull Racing,HAD,40,11,HARD,21,34.446,41.955,17.96,94.361
3,Japanese Grand Prix,Red Bull Racing,HAD,41,11,HARD,22,34.69,41.833,17.959,94.482
3,Japanese Grand Prix,Red Bull Racing,HAD,42,11,HARD,23,34.716,41.85,17.977,94.543
3,Japanese Grand Prix,Red Bull Racing,HAD,43,11,HARD,24,34.822,42.037,18.013,94.872
3,Japanese Grand Prix,Red Bull Racing,HAD,44,11,HARD,25,34.488,41.8,18.088,94.376
3,Japanese Grand Prix,Red Bull Racing,HAD,45,11,HARD,26,34.864,42.531,18.519,95.914
3,Japanese Grand Prix,Red Bull Racing,HAD,46,11,HARD,27,35.779,42.284,18.049,96.112
3,Japanese Grand Prix,Red Bull Racing,HAD,47,12,HARD,28,35.312,42.0,18.054,95.366
3,Japanese Grand Prix,Red Bull Racing,HAD,48,12,HARD,29,34.98,42.001,17.991,94.972
3,Japanese Grand Prix,Red Bull Racing,HAD,49,12,HARD,30,34.902,42.085,17.959,94.946
3,Japanese Grand Prix,Red Bull Racing,HAD,50,12,HARD,31,34.902,41.884,17.988,94.774
3,Japanese Grand Prix,Red Bull Racing,HAD,51,12,HARD,32,34.472,41.749,17.905,94.126
3,Japanese Grand Prix,Red Bull Racing,HAD,52,12,HARD,33,34.683,41.713,17.905,94.301
3,Japanese Grand Prix,Red Bull Racing,HAD,53,12,HARD,34,34.419,41.801,17.617,93.837
3,Japanese Grand Prix,Mercedes,RUS,1,4,MEDIUM,1,,42.185,18.12,97.823
3,Japanese Grand Prix,Mercedes,RUS,2,4,MEDIUM,2,34.783,42.088,17.999,94.87
3,Japanese Grand Prix,Mercedes,RUS,3,3,MEDIUM,3,34.607,41.961,17.901,94.469
3,Japanese Grand Prix,Mercedes,RUS,4,2,MEDIUM,4,34.436,42.195,18.141,94.772
3,Japanese Grand Prix,Mercedes,RUS,5,2,MEDIUM,5,34.451,42.108,18.151,94.71
3,Japanese Grand Prix,Mercedes,RUS,6,2,MEDIUM,6,34.456,42.072,18.268,94.796
3,Japanese Grand Prix,Mercedes,RUS,7,2,MEDIUM,7,34.482,42.048,18.211,94.741
3,Japanese Grand Prix,Mercedes,RUS,8,1,MEDIUM,8,34.77,42.117,18.156,95.043
3,Japanese Grand Prix,Mercedes,RUS,9,2,MEDIUM,9,35.533,42.332,18.177,96.042
3,Japanese Grand Prix,Mercedes,RUS,10,2,MEDIUM,10,34.609,42.201,18.126,94.936
3,Japanese Grand Prix,Mercedes,RUS,11,2,MEDIUM,11,34.769,42.341,18.222,95.332
3,Japanese Grand Prix,Mercedes,RUS,12,2,MEDIUM,12,34.843,42.145,18.09,95.078
3,Japanese Grand Prix,Mercedes,RUS,13,2,MEDIUM,13,34.86,42.196,18.193,95.249
3,Japanese Grand Prix,Mercedes,RUS,14,2,MEDIUM,14,34.618,42.273,18.21,95.101
3,Japanese Grand Prix,Mercedes,RUS,15,2,MEDIUM,15,34.763,42.185,18.2,95.148
3,Japanese Grand Prix,Mercedes,RUS,16,2,MEDIUM,16,34.914,42.194,18.145,95.253
3,Japanese Grand Prix,Mercedes,RUS,17,2,MEDIUM,17,34.748,42.094,18.191,95.033
3,Japanese Grand Prix,Mercedes,RUS,18,1,MEDIUM,18,34.72,42.014,18.054,94.788
3,Japanese Grand Prix,Mercedes,RUS,19,1,MEDIUM,19,34.88,41.951,18.156,94.987
3,Japanese Grand Prix,Mercedes,RUS,20,1,MEDIUM,20,34.585,41.875,18.063,94.523
3,Japanese Grand Prix,Mercedes,RUS,21,2,MEDIUM,21,34.583,41.632,20.29,96.505
3,Japanese Grand Prix,Mercedes,RUS,22,5,HARD,1,55.328,59.963,23.972,139.263
3,Japanese Grand Prix,Mercedes,RUS,23,3,HARD,2,43.996,64.079,30.029,138.104
3,Japanese Grand Prix,Mercedes,RUS,24,3,HARD,3,51.175,71.465,26.432,149.072
3,Japanese Grand Prix,Mercedes,RUS,25,3,HARD,4,51.128,72.548,26.889,
3,Japanese Grand Prix,Mercedes,RUS,26,3,HARD,5,54.414,63.952,26.391,144.757
3,Japanese Grand Prix,Mercedes,RUS,27,3,HARD,6,50.756,66.065,28.919,145.74
3,Japanese Grand Prix,Mercedes,RUS,28,4,HARD,7,35.424,41.895,17.923,95.242
3,Japanese Grand Prix,Mercedes,RUS,29,4,HARD,8,33.919,41.836,17.962,93.717
3,Japanese Grand Prix,Mercedes,RUS,30,4,HARD,9,33.938,41.724,17.95,93.612
3,Japanese Grand Prix,Mercedes,RUS,31,4,HARD,10,34.028,41.902,17.975,93.905
3,Japanese Grand Prix,Mercedes,RUS,32,4,HARD,11,33.931,41.545,17.929,93.405
3,Japanese Grand Prix,Mercedes,RUS,33,4,HARD,12,33.804,41.766,17.93,93.5
3,Japanese Grand Prix,Mercedes,RUS,34,4,HARD,13,34.014,41.605,17.866,93.485
3,Japanese Grand Prix,Mercedes,RUS,35,4,HARD,14,33.81,41.623,17.903,93.336
3,Japanese Grand Prix,Mercedes,RUS,36,4,HARD,15,34.147,41.53,17.996,93.673
3,Japanese Grand Prix,Mercedes,RUS,37,5,HARD,16,34.018,42.917,17.873,94.808
3,Japanese Grand Prix,Mercedes,RUS,38,5,HARD,17,34.004,41.656,17.867,93.527
3,Japanese Grand Prix,Mercedes,RUS,39,5,HARD,18,33.847,41.71,17.897,93.454
3,Japanese Grand Prix,Mercedes,RUS,40,5,HARD,19,33.965,41.732,17.964,93.661
3,Japanese Grand Prix,Mercedes,RUS,41,5,HARD,20,34.04,42.182,17.969,94.191
3,Japanese Grand Prix,Mercedes,RUS,42,5,HARD,21,34.295,41.822,17.914,94.031
3,Japanese Grand Prix,Mercedes,RUS,43,4,HARD,22,33.743,41.267,17.887,92.897
3,Japanese Grand Prix,Mercedes,RUS,44,4,HARD,23,33.855,41.297,17.901,93.053
3,Japanese Grand Prix,Mercedes,RUS,45,4,HARD,24,34.007,41.291,17.976,93.274
3,Japanese Grand Prix,Mercedes,RUS,46,4,HARD,25,33.932,41.317,17.897,93.146
3,Japanese Grand Prix,Mercedes,RUS,47,4,HARD,26,34.003,41.236,17.937,93.176
3,Japanese Grand Prix,Mercedes,RUS,48,4,HARD,27,33.952,41.302,17.792,93.046
3,Japanese Grand Prix,Mercedes,RUS,49,4,HARD,28,33.998,41.433,17.923,93.354
3,Japanese Grand Prix,Mercedes,RUS,50,3,HARD,29,34.23,41.327,17.66,93.217
3,Japanese Grand Prix,Mercedes,RUS,51,4,HARD,30,35.005,41.347,17.736,94.088
3,Japanese Grand Prix,Mercedes,RUS,52,4,HARD,31,33.943,41.21,17.957,93.11
3,Japanese Grand Prix,Mercedes,RUS,53,4,HARD,32,33.932,41.039,17.578,92.549
3,Japanese Grand Prix,Cadillac,BOT,1,21,HARD,1,,45.366,18.503,107.837
3,Japanese Grand Prix,Cadillac,BOT,2,22,HARD,2,36.952,43.767,18.639,99.358
3,Japanese Grand Prix,Cadillac,BOT,3,22,HARD,3,36.764,43.112,18.435,98.311
3,Japanese Grand Prix,Cadillac,BOT,4,22,HARD,4,36.706,43.152,18.626,98.484
3,Japanese Grand Prix,Cadillac,BOT,5,22,HARD,5,36.69,43.311,18.494,98.495
3,Japanese Grand Prix,Cadillac,BOT,6,22,HARD,6,36.574,43.362,18.691,98.627
3,Japanese Grand Prix,Cadillac,BOT,7,22,HARD,7,36.609,43.339,18.537,98.485
3,Japanese Grand Prix,Cadillac,BOT,8,22,HARD,8,36.752,43.395,18.511,98.658
3,Japanese Grand Prix,Cadillac,BOT,9,22,HARD,9,36.687,43.525,18.611,98.823
3,Japanese Grand Prix,Cadillac,BOT,10,22,HARD,10,36.567,43.759,18.509,98.835
3,Japanese Grand Prix,Cadillac,BOT,11,22,HARD,11,36.731,43.629,18.509,98.869
3,Japanese Grand Prix,Cadillac,BOT,12,22,HARD,12,36.77,43.785,18.717,99.272
3,Japanese Grand Prix,Cadillac,BOT,13,22,HARD,13,36.684,43.54,18.49,98.714
3,Japanese Grand Prix,Cadillac,BOT,14,22,HARD,14,36.923,43.71,18.814,99.447
3,Japanese Grand Prix,Cadillac,BOT,15,22,HARD,15,36.748,43.568,18.635,98.951
3,Japanese Grand Prix,Cadillac,BOT,16,22,HARD,16,36.547,43.269,18.604,98.42
3,Japanese Grand Prix,Cadillac,BOT,17,22,HARD,17,36.694,43.541,18.892,99.127
3,Japanese Grand Prix,Cadillac,BOT,18,22,HARD,18,39.204,44.025,18.784,102.013
3,Japanese Grand Prix,Cadillac,BOT,19,22,HARD,19,36.686,43.598,21.659,101.943
3,Japanese Grand Prix,Cadillac,BOT,20,22,MEDIUM,1,59.093,42.812,18.384,120.289
3,Japanese Grand Prix,Cadillac,BOT,21,21,MEDIUM,2,35.738,62.073,22.166,119.977
3,Japanese Grand Prix,Cadillac,BOT,22,21,MEDIUM,3,45.306,65.533,29.519,140.358
3,Japanese Grand Prix,Cadillac,BOT,23,21,MEDIUM,4,51.875,71.195,26.757,149.827
3,Japanese Grand Prix,Cadillac,BOT,24,21,MEDIUM,5,51.808,71.819,27.289,
3,Japanese Grand Prix,Cadillac,BOT,25,21,MEDIUM,6,52.035,45.873,18.488,116.396
3,Japanese Grand Prix,Cadillac,BOT,26,21,MEDIUM,7,36.37,44.253,18.756,99.379
3,Japanese Grand Prix,Cadillac,BOT,27,21,MEDIUM,8,36.337,43.07,18.746,98.153
3,Japanese Grand Prix,Cadillac,BOT,28,21,MEDIUM,9,35.705,43.043,18.415,97.163
3,Japanese Grand Prix,Cadillac,BOT,29,21,MEDIUM,10,35.9,42.797,18.506,97.203
3,Japanese Grand Prix,Cadillac,BOT,30,21,MEDIUM,11,35.942,42.901,18.526,97.369
3,Japanese Grand Prix,Cadillac,BOT,31,20,MEDIUM,12,35.799,42.826,18.487,97.112
3,Japanese Grand Prix,Cadillac,BOT,32,20,MEDIUM,13,35.752,42.895,18.495,97.142
3,Japanese Grand Prix,Cadillac,BOT,33,20,MEDIUM,14,35.784,42.86,18.428,97.072
3,Japanese Grand Prix,Cadillac,BOT,34,20,MEDIUM,15,35.681,42.895,18.483,97.059
3,Japanese Grand Prix,Cadillac,BOT,35,20,MEDIUM,16,35.654,42.961,18.554,97.169
3,Japanese Grand Prix,Cadillac,BOT,36,20,MEDIUM,17,35.803,42.745,18.642,97.19
3,Japanese Grand Prix,Cadillac,BOT,37,20,MEDIUM,18,35.672,42.675,18.531,96.878
3,Japanese Grand Prix,Cadillac,BOT,38,20,MEDIUM,19,35.693,42.674,18.486,96.853
3,Japanese Grand Prix,Cadillac,BOT,39,20,MEDIUM,20,35.851,42.572,18.497,96.92
3,Japanese Grand Prix,Cadillac,BOT,40,20,MEDIUM,21,35.678,42.711,18.53,96.919
3,Japanese Grand Prix,Cadillac,BOT,41,20,MEDIUM,22,35.814,42.579,18.344,96.737
3,Japanese Grand Prix,Cadillac,BOT,42,20,MEDIUM,23,35.666,42.539,18.426,96.631
3,Japanese Grand Prix,Cadillac,BOT,43,20,MEDIUM,24,35.88,42.572,18.407,96.859
3,Japanese Grand Prix,Cadillac,BOT,44,20,MEDIUM,25,35.795,42.481,18.571,96.847
3,Japanese Grand Prix,Cadillac,BOT,45,20,MEDIUM,26,37.539,42.782,18.568,98.889
3,Japanese Grand Prix,Cadillac,BOT,46,20,MEDIUM,27,35.779,42.592,18.45,96.821
3,Japanese Grand Prix,Cadillac,BOT,47,20,MEDIUM,28,36.817,47.843,21.991,106.651
3,Japanese Grand Prix,Cadillac,BOT,48,19,MEDIUM,29,36.063,42.548,18.455,97.066
3,Japanese Grand Prix,Cadillac,BOT,49,19,MEDIUM,30,35.553,44.272,19.393,99.218
3,Japanese Grand Prix,Cadillac,BOT,50,19,MEDIUM,31,35.977,42.654,18.175,96.806
3,Japanese Grand Prix,Cadillac,BOT,51,19,MEDIUM,32,36.231,42.639,18.347,97.217
3,Japanese Grand Prix,Cadillac,BOT,52,19,MEDIUM,33,35.731,42.27,18.268,96.269
3,Japanese Grand Prix,McLaren,PIA,1,1,MEDIUM,1,,41.939,18.112,95.268
3,Japanese Grand Prix,McLaren,PIA,2,1,MEDIUM,2,34.349,42.319,18.281,94.949
3,Japanese Grand Prix,McLaren,PIA,3,1,MEDIUM,3,34.51,42.299,18.19,94.999
3,Japanese Grand Prix,McLaren,PIA,4,1,MEDIUM,4,34.595,42.378,18.163,95.136
3,Japanese Grand Prix,McLaren,PIA,5,1,MEDIUM,5,34.698,42.189,18.237,95.124
3,Japanese Grand Prix,McLaren,PIA,6,1,MEDIUM,6,34.75,42.041,18.318,95.109
3,Japanese Grand Prix,McLaren,PIA,7,1,MEDIUM,7,34.677,42.099,18.302,95.078
3,Japanese Grand Prix,McLaren,PIA,8,2,MEDIUM,8,34.664,42.178,18.973,95.815
3,Japanese Grand Prix,McLaren,PIA,9,1,MEDIUM,9,34.579,42.047,18.167,94.793
3,Japanese Grand Prix,McLaren,PIA,10,1,MEDIUM,10,34.906,42.079,18.126,95.111
3,Japanese Grand Prix,McLaren,PIA,11,1,MEDIUM,11,34.898,42.258,18.263,95.419
3,Japanese Grand Prix,McLaren,PIA,12,1,MEDIUM,12,34.982,41.999,18.127,95.108
3,Japanese Grand Prix,McLaren,PIA,13,1,MEDIUM,13,34.656,42.081,18.119,94.856
3,Japanese Grand Prix,McLaren,PIA,14,1,MEDIUM,14,34.746,42.149,18.2,95.095
3,Japanese Grand Prix,McLaren,PIA,15,1,MEDIUM,15,34.666,42.047,18.192,94.905
3,Japanese Grand Prix,McLaren,PIA,16,1,MEDIUM,16,34.712,41.994,18.179,94.885
3,Japanese Grand Prix,McLaren,PIA,17,1,MEDIUM,17,34.71,42.102,18.104,94.916
3,Japanese Grand Prix,McLaren,PIA,18,2,MEDIUM,18,34.808,41.961,20.558,97.327
3,Japanese Grand Prix,McLaren,PIA,19,6,HARD,1,54.877,41.678,17.982,114.537
3,Japanese Grand Prix,McLaren,PIA,20,6,HARD,2,34.54,41.948,18.286,94.774
3,Japanese Grand Prix,McLaren,PIA,21,5,HARD,3,34.223,41.834,17.953,94.01
3,Japanese Grand Prix,McLaren,PIA,22,3,HARD,4,34.448,60.223,24.301,118.972
3,Japanese Grand Prix,McLaren,PIA,23,2,HARD,5,45.225,63.564,30.122,138.911
3,Japanese Grand Prix,McLaren,PIA,24,2,HARD,6,50.924,71.587,26.783,149.294
3,Japanese Grand Prix,McLaren,PIA,25,2,HARD,7,51.457,71.673,27.252,
3,Japanese Grand Prix,McLaren,PIA,26,2,HARD,8,54.935,63.66,26.787,145.382
3,Japanese Grand Prix,McLaren,PIA,27,2,HARD,9,49.755,67.419,28.9,146.074
3,Japanese Grand Prix,McLaren,PIA,28,2,HARD,10,34.687,41.607,18.02,94.314
3,Japanese Grand Prix,McLaren,PIA,29,2,HARD,11,34.162,41.491,18.014,93.667
3,Japanese Grand Prix,McLaren,PIA,30,2,HARD,12,34.171,41.504,18.024,93.699
3,Japanese Grand Prix,McLaren,PIA,31,2,HARD,13,34.117,41.379,17.914,93.41
3,Japanese Grand Prix,McLaren,PIA,32,2,HARD,14,34.092,41.588,17.925,93.605
3,Japanese Grand Prix,McLaren,PIA,33,2,HARD,15,33.973,41.471,18.04,93.484
3,Japanese Grand Prix,McLaren,PIA,34,2,HARD,16,33.983,41.44,17.978,93.401
3,Japanese Grand Prix,McLaren,PIA,35,2,HARD,17,34.01,41.429,18.07,93.509
3,Japanese Grand Prix,McLaren,PIA,36,2,HARD,18,34.037,41.413,17.961,93.411
3,Japanese Grand Prix,McLaren,PIA,37,2,HARD,19,34.143,41.53,18.035,93.708
3,Japanese Grand Prix,McLaren,PIA,38,2,HARD,20,34.06,41.632,18.02,93.712
3,Japanese Grand Prix,McLaren,PIA,39,2,HARD,21,34.091,41.454,17.922,93.467
3,Japanese Grand Prix,McLaren,PIA,40,2,HARD,22,33.973,41.488,18.008,93.469
3,Japanese Grand Prix,McLaren,PIA,41,2,HARD,23,34.144,41.495,18.125,93.764
3,Japanese Grand Prix,McLaren,PIA,42,2,HARD,24,34.093,41.428,17.992,93.513
3,Japanese Grand Prix,McLaren,PIA,43,2,HARD,25,34.075,41.509,17.934,93.518
3,Japanese Grand Prix,McLaren,PIA,44,2,HARD,26,34.012,41.389,18.03,93.431
3,Japanese Grand Prix,McLaren,PIA,45,2,HARD,27,34.114,41.348,18.061,93.523
3,Japanese Grand Prix,McLaren,PIA,46,2,HARD,28,34.061,41.333,17.935,93.329
3,Japanese Grand Prix,McLaren,PIA,47,2,HARD,29,34.033,41.308,17.856,93.197
3,Japanese Grand Prix,McLaren,PIA,48,2,HARD,30,34.061,41.467,17.843,93.371
3,Japanese Grand Prix,McLaren,PIA,49,2,HARD,31,33.887,41.221,17.888,92.996
3,Japanese Grand Prix,McLaren,PIA,50,2,HARD,32,34.063,41.329,17.874,93.266
3,Japanese Grand Prix,McLaren,PIA,51,2,HARD,33,34.227,41.683,17.916,93.826
3,Japanese Grand Prix,McLaren,PIA,52,2,HARD,34,33.922,41.214,17.876,93.012
3,Japanese Grand Prix,McLaren,PIA,53,2,HARD,35,34.027,41.299,17.968,93.294
3,Japanese Grand Prix,Haas F1 Team,BEA,1,16,MEDIUM,1,,44.063,18.181,104.406
3,Japanese Grand Prix,Haas F1 Team,BEA,2,15,MEDIUM,2,35.357,42.813,18.232,96.402
3,Japanese Grand Prix,Haas F1 Team,BEA,3,14,MEDIUM,3,35.971,43.452,18.197,97.62
3,Japanese Grand Prix,Haas F1 Team,BEA,4,14,MEDIUM,4,35.617,42.79,18.256,96.663
3,Japanese Grand Prix,Haas F1 Team,BEA,5,14,MEDIUM,5,35.611,42.83,18.406,96.847
3,Japanese Grand Prix,Haas F1 Team,BEA,6,14,MEDIUM,6,35.624,42.887,18.403,96.914
3,Japanese Grand Prix,Haas F1 Team,BEA,7,15,MEDIUM,7,36.232,42.92,18.268,97.42
3,Japanese Grand Prix,Haas F1 Team,BEA,8,15,MEDIUM,8,35.633,42.568,18.09,96.291
3,Japanese Grand Prix,Haas F1 Team,BEA,9,15,MEDIUM,9,35.6,42.612,18.082,96.294
3,Japanese Grand Prix,Haas F1 Team,BEA,10,15,MEDIUM,10,35.806,42.842,18.116,96.764
3,Japanese Grand Prix,Haas F1 Team,BEA,11,15,MEDIUM,11,35.755,43.708,18.327,97.79
3,Japanese Grand Prix,Haas F1 Team,BEA,12,15,MEDIUM,12,35.897,42.843,18.388,97.128
3,Japanese Grand Prix,Haas F1 Team,BEA,13,15,MEDIUM,13,35.712,42.709,18.343,96.764
3,Japanese Grand Prix,Haas F1 Team,BEA,14,15,MEDIUM,14,35.672,42.701,18.272,96.645
3,Japanese Grand Prix,Haas F1 Team,BEA,15,15,MEDIUM,15,35.622,42.581,18.421,96.624
3,Japanese Grand Prix,Haas F1 Team,BEA,16,16,MEDIUM,16,35.528,42.582,20.677,98.787
3,Japanese Grand Prix,Haas F1 Team,BEA,17,19,HARD,1,57.139,41.84,18.469,117.448
3,Japanese Grand Prix,Haas F1 Team,BEA,18,19,HARD,2,35.006,42.424,18.624,96.054
3,Japanese Grand Prix,Haas F1 Team,BEA,19,18,HARD,3,35.345,42.252,18.308,95.905
3,Japanese Grand Prix,Haas F1 Team,BEA,20,18,HARD,4,35.253,42.31,18.041,95.604
3,Japanese Grand Prix,Haas F1 Team,BEA,21,,HARD,5,,,,
4,Miami Grand Prix,McLaren,NOR,1,3,MEDIUM,1,,34.453,25.729,98.115
4,Miami Grand Prix,McLaren,NOR,2,3,MEDIUM,2,32.593,34.6,25.577,92.77
4,Miami Grand Prix,McLaren,NOR,3,3,MEDIUM,3,32.816,34.702,25.745,93.263
4,Miami Grand Prix,McLaren,NOR,4,3,MEDIUM,4,33.089,34.864,25.861,93.814
4,Miami Grand Prix,McLaren,NOR,5,3,MEDIUM,5,32.883,35.214,25.745,93.842
4,Miami Grand Prix,McLaren,NOR,6,2,MEDIUM,6,40.675,51.989,37.686,130.35
4,Miami Grand Prix,McLaren,NOR,7,2,MEDIUM,7,41.553,54.69,41.599,137.842
4,Miami Grand Prix,McLaren,NOR,8,2,MEDIUM,8,50.043,54.546,37.81,142.399
4,Miami Grand Prix,McLaren,NOR,9,2,MEDIUM,9,48.536,55.467,43.623,147.626
4,Miami Grand Prix,McLaren,NOR,10,2,MEDIUM,10,48.549,55.495,35.075,139.119
4,Miami Grand Prix,McLaren,NOR,11,2,MEDIUM,11,47.831,47.757,55.27,
4,Miami Grand Prix,McLaren,NOR,12,2,MEDIUM,12,32.418,34.694,25.444,92.556
4,Miami Grand Prix,McLaren,NOR,13,1,MEDIUM,13,32.681,34.671,25.542,92.894
4,Miami Grand Prix,McLaren,NOR,14,1,MEDIUM,14,32.324,34.849,25.621,92.794
4,Miami Grand Prix,McLaren,NOR,15,1,MEDIUM,15,32.39,34.976,25.621,92.987
4,Miami Grand Prix,McLaren,NOR,16,1,MEDIUM,16,32.306,34.906,25.658,92.87
4,Miami Grand Prix,McLaren,NOR,17,1,MEDIUM,17,32.405,35.03,25.659,93.094
4,Miami Grand Prix,McLaren,NOR,18,1,MEDIUM,18,32.364,35.022,25.654,93.04
4,Miami Grand Prix,McLaren,NOR,19,1,MEDIUM,19,32.283,35.061,25.664,93.008
4,Miami Grand Prix,McLaren,NOR,20,1,MEDIUM,20,32.444,35.079,25.67,93.193
4,Miami Grand Prix,McLaren,NOR,21,1,MEDIUM,21,32.334,34.827,25.72,92.881
4,Miami Grand Prix,McLaren,NOR,22,1,MEDIUM,22,32.369,34.868,25.811,93.048
4,Miami Grand Prix,McLaren,NOR,23,1,MEDIUM,23,32.291,35.073,25.734,93.098
4,Miami Grand Prix,McLaren,NOR,24,1,MEDIUM,24,32.353,35.069,25.671,93.093
4,Miami Grand Prix,McLaren,NOR,25,1,MEDIUM,25,32.476,35.253,25.655,93.384
4,Miami Grand Prix,McLaren,NOR,26,1,MEDIUM,26,32.397,34.932,25.73,93.059
4,Miami Grand Prix,McLaren,NOR,27,1,MEDIUM,27,32.644,35.079,30.781,98.504
4,Miami Grand Prix,McLaren,NOR,28,3,HARD,1,46.898,34.483,25.772,107.153
4,Miami Grand Prix,McLaren,NOR,29,2,HARD,2,32.814,34.969,25.668,93.451
4,Miami Grand Prix,McLaren,NOR,30,2,HARD,3,32.402,34.47,25.375,92.247
4,Miami Grand Prix,McLaren,NOR,31,2,HARD,4,32.221,34.432,25.416,92.069
4,Miami Grand Prix,McLaren,NOR,32,2,HARD,5,32.204,34.587,25.364,92.155
4,Miami Grand Prix,McLaren,NOR,33,2,HARD,6,31.956,34.58,25.455,91.991
4,Miami Grand Prix,McLaren,NOR,34,2,HARD,7,32.266,34.684,25.37,92.32
4,Miami Grand Prix,McLaren,NOR,35,2,HARD,8,31.893,34.8,25.176,91.869
4,Miami Grand Prix,McLaren,NOR,36,2,HARD,9,32.166,34.835,25.325,92.326
4,Miami Grand Prix,McLaren,NOR,37,2,HARD,10,32.206,34.813,25.372,92.391
4,Miami Grand Prix,McLaren,NOR,38,2,HARD,11,32.187,34.915,25.281,92.383
4,Miami Grand Prix,McLaren,NOR,39,2,HARD,12,32.544,34.824,25.289,92.657
4,Miami Grand Prix,McLaren,NOR,40,2,HARD,13,32.468,34.753,25.419,92.64
4,Miami Grand Prix,McLaren,NOR,41,2,HARD,14,32.599,34.767,25.31,92.676
4,Miami Grand Prix,McLaren,NOR,42,2,HARD,15,32.325,34.922,25.415,92.662
4,Miami Grand Prix,McLaren,NOR,43,2,HARD,16,32.159,34.897,25.435,92.491
4,Miami Grand Prix,McLaren,NOR,44,2,HARD,17,32.378,34.747,25.466,92.591
4,Miami Grand Prix,McLaren,NOR,45,2,HARD,18,32.091,34.829,25.549,92.469
4,Miami Grand Prix,McLaren,NOR,46,2,HARD,19,32.259,34.78,25.676,92.715
4,Miami Grand Prix,McLaren,NOR,47,2,HARD,20,32.136,34.698,25.401,92.235
4,Miami Grand Prix,McLaren,NOR,48,2,HARD,21,32.189,34.767,25.442,92.398
4,Miami Grand Prix,McLaren,NOR,49,2,HARD,22,32.263,34.571,25.435,92.269
4,Miami Grand Prix,McLaren,NOR,50,2,HARD,23,32.249,34.72,25.459,92.428
4,Miami Grand Prix,McLaren,NOR,51,2,HARD,24,32.203,34.802,25.389,92.394
4,Miami Grand Prix,McLaren,NOR,52,2,HARD,25,32.159,35.004,25.301,92.464
4,Miami Grand Prix,McLaren,NOR,53,2,HARD,26,32.57,34.784,25.384,92.738
4,Miami Grand Prix,McLaren,NOR,54,2,HARD,27,31.961,34.654,25.423,92.038
4,Miami Grand Prix,McLaren,NOR,55,2,HARD,28,32.37,34.848,25.275,92.493
4,Miami Grand Prix,McLaren,NOR,56,2,HARD,29,32.413,34.893,25.543,92.849
4,Miami Grand Prix,McLaren,NOR,57,2,HARD,30,32.345,34.947,26.182,93.474
4,Miami Grand Prix,Alpine,GAS,1,12,MEDIUM,1,,37.363,26.123,105.243
4,Miami Grand Prix,Alpine,GAS,2,11,MEDIUM,2,34.166,35.189,26.221,95.576
4,Miami Grand Prix,Alpine,GAS,3,11,MEDIUM,3,33.854,35.291,25.901,95.046
4,Miami Grand Prix,Alpine,GAS,4,11,MEDIUM,4,33.93,35.021,25.905,94.856
4,Miami Grand Prix,Alpine,GAS,5,,MEDIUM,5,,,,
4,Miami Grand Prix,Cadillac,PER,1,17,MEDIUM,1,,37.85,26.42,107.924
4,Miami Grand Prix,Cadillac,PER,2,17,MEDIUM,2,34.763,36.096,25.924,96.783
4,Miami Grand Prix,Cadillac,PER,3,18,MEDIUM,3,34.616,36.358,26.035,97.009
4,Miami Grand Prix,Cadillac,PER,4,18,MEDIUM,4,34.425,35.585,26.297,96.307
4,Miami Grand Prix,Cadillac,PER,5,14,MEDIUM,5,34.235,35.829,26.764,96.828
4,Miami Grand Prix,Cadillac,PER,6,14,MEDIUM,6,44.577,51.251,38.849,134.677
4,Miami Grand Prix,Cadillac,PER,7,13,MEDIUM,7,39.402,48.06,41.431,128.893
4,Miami Grand Prix,Cadillac,PER,8,13,MEDIUM,8,42.953,57.7,40.796,141.449
4,Miami Grand Prix,Cadillac,PER,9,13,MEDIUM,9,44.365,58.947,39.811,143.123
4,Miami Grand Prix,Cadillac,PER,10,13,MEDIUM,10,46.616,58.783,34.773,140.172
4,Miami Grand Prix,Cadillac,PER,11,13,MEDIUM,11,46.572,45.727,50.107,142.406
4,Miami Grand Prix,Cadillac,PER,12,13,MEDIUM,12,33.776,36.869,26.306,96.951
4,Miami Grand Prix,Cadillac,PER,13,15,MEDIUM,13,34.553,35.995,26.057,96.605
4,Miami Grand Prix,Cadillac,PER,14,15,MEDIUM,14,34.885,35.611,26.075,96.571
4,Miami Grand Prix,Cadillac,PER,15,15,MEDIUM,15,34.085,35.75,26.379,96.214
4,Miami Grand Prix,Cadillac,PER,16,15,MEDIUM,16,34.233,35.989,26.182,96.404
4,Miami Grand Prix,Cadillac,PER,17,15,MEDIUM,17,34.134,35.977,26.325,96.436
4,Miami Grand Prix,Cadillac,PER,18,15,MEDIUM,18,34.039,36.051,26.468,96.558
4,Miami Grand Prix,Cadillac,PER,19,15,MEDIUM,19,34.08,35.893,26.432,96.405
4,Miami Grand Prix,Cadillac,PER,20,15,MEDIUM,20,34.125,36.033,26.34,96.498
4,Miami Grand Prix,Cadillac,PER,21,15,MEDIUM,21,34.131,36.094,26.295,96.52
4,Miami Grand Prix,Cadillac,PER,22,15,MEDIUM,22,33.943,35.882,26.43,96.255
4,Miami Grand Prix,Cadillac,PER,23,15,MEDIUM,23,34.193,36.081,26.343,96.617
4,Miami Grand Prix,Cadillac,PER,24,15,MEDIUM,24,33.973,36.086,26.294,96.353
4,Miami Grand Prix,Cadillac,PER,25,15,MEDIUM,25,34.042,36.314,26.376,96.732
4,Miami Grand Prix,Cadillac,PER,26,15,MEDIUM,26,33.963,35.878,26.437,96.278
4,Miami Grand Prix,Cadillac,PER,27,15,MEDIUM,27,33.927,35.978,26.48,96.385
4,Miami Grand Prix,Cadillac,PER,28,15,MEDIUM,28,34.169,36.368,26.382,96.919
4,Miami Grand Prix,Cadillac,PER,29,15,MEDIUM,29,34.077,36.082,32.123,102.282
4,Miami Grand Prix,Cadillac,PER,30,16,HARD,1,48.761,35.174,25.918,109.853
4,Miami Grand Prix,Cadillac,PER,31,16,HARD,2,32.995,35.639,26.261,94.895
4,Miami Grand Prix,Cadillac,PER,32,16,HARD,3,33.465,35.692,26.222,95.379
4,Miami Grand Prix,Cadillac,PER,33,16,HARD,4,33.134,35.651,26.226,95.011
4,Miami Grand Prix,Cadillac,PER,34,16,HARD,5,33.417,35.695,26.2,95.312
4,Miami Grand Prix,Cadillac,PER,35,16,HARD,6,33.576,35.946,26.126,95.648
4,Miami Grand Prix,Cadillac,PER,36,16,HARD,7,33.519,36.116,28.227,97.862
4,Miami Grand Prix,Cadillac,PER,37,16,HARD,8,33.724,35.673,26.336,95.733
4,Miami Grand Prix,Cadillac,PER,38,16,HARD,9,33.559,35.875,26.105,95.539
4,Miami Grand Prix,Cadillac,PER,39,16,HARD,10,33.769,35.878,26.182,95.829
4,Miami Grand Prix,Cadillac,PER,40,16,HARD,11,33.602,36.429,27.139,97.17
4,Miami Grand Prix,Cadillac,PER,41,16,HARD,12,33.548,37.053,26.749,97.35
4,Miami Grand Prix,Cadillac,PER,42,15,HARD,13,33.682,36.926,26.07,96.678
4,Miami Grand Prix,Cadillac,PER,43,15,HARD,14,33.711,37.059,26.409,97.179
4,Miami Grand Prix,Cadillac,PER,44,15,HARD,15,33.8,35.652,26.105,95.557
4,Miami Grand Prix,Cadillac,PER,45,15,HARD,16,33.806,36.619,25.951,96.376
4,Miami Grand Prix,Cadillac,PER,46,15,HARD,17,33.554,36.47,26.385,96.409
4,Miami Grand Prix,Cadillac,PER,47,15,HARD,18,34.222,36.034,26.636,96.892
4,Miami Grand Prix,Cadillac,PER,48,15,HARD,19,34.132,36.058,26.444,96.634
4,Miami Grand Prix,Cadillac,PER,49,15,HARD,20,34.011,36.14,26.736,96.887
4,Miami Grand Prix,Cadillac,PER,50,15,HARD,21,34.657,35.626,26.273,96.556
4,Miami Grand Prix,Cadillac,PER,51,16,HARD,22,33.688,35.833,26.79,96.311
4,Miami Grand Prix,Cadillac,PER,52,16,HARD,23,34.02,35.861,25.933,95.814
4,Miami Grand Prix,Cadillac,PER,53,16,HARD,24,33.675,35.6,26.081,95.356
4,Miami Grand Prix,Cadillac,PER,54,16,HARD,25,33.566,35.719,26.217,95.502
4,Miami Grand Prix,Cadillac,PER,55,16,HARD,26,33.514,35.681,26.055,95.25
4,Miami Grand Prix,Cadillac,PER,56,16,HARD,27,33.597,35.613,26.04,95.25
4,Miami Grand Prix,Mercedes,ANT,1,2,MEDIUM,1,,34.209,25.71,97.243
4,Miami Grand Prix,Mercedes,ANT,2,2,MEDIUM,2,32.563,34.481,25.892,92.936
4,Miami Grand Prix,Mercedes,ANT,3,2,MEDIUM,3,32.814,34.577,25.833,93.224
4,Miami Grand Prix,Mercedes,ANT,4,1,MEDIUM,4,32.729,35.095,25.762,93.586
4,Miami Grand Prix,Mercedes,ANT,5,2,MEDIUM,5,32.893,35.572,26.137,94.602
4,Miami Grand Prix,Mercedes,ANT,6,3,MEDIUM,6,41.747,51.819,38.527,132.093
4,Miami Grand Prix,Mercedes,ANT,7,3,MEDIUM,7,40.592,55.122,41.387,137.101
4,Miami Grand Prix,Mercedes,ANT,8,3,MEDIUM,8,50.121,54.811,37.696,142.628
4,Miami Grand Prix,Mercedes,ANT,9,3,MEDIUM,9,48.055,56.357,43.608,148.02
4,Miami Grand Prix,Mercedes,ANT,10,3,MEDIUM,10,48.165,55.71,34.896,138.771
4,Miami Grand Prix,Mercedes,ANT,11,3,MEDIUM,11,48.216,47.879,54.069,
4,Miami Grand Prix,Mercedes,ANT,12,3,MEDIUM,12,32.726,34.667,25.65,93.043
4,Miami Grand Prix,Mercedes,ANT,13,2,MEDIUM,13,32.789,34.815,25.466,93.07
4,Miami Grand Prix,Mercedes,ANT,14,2,MEDIUM,14,33.294,34.303,25.717,93.314
4,Miami Grand Prix,Mercedes,ANT,15,2,MEDIUM,15,32.618,34.662,25.9,93.18
4,Miami Grand Prix,Mercedes,ANT,16,2,MEDIUM,16,32.887,34.798,25.973,93.658
4,Miami Grand Prix,Mercedes,ANT,17,2,MEDIUM,17,32.586,34.57,25.897,93.053
4,Miami Grand Prix,Mercedes,ANT,18,2,MEDIUM,18,32.549,34.76,25.935,93.244
4,Miami Grand Prix,Mercedes,ANT,19,2,MEDIUM,19,32.774,34.648,25.923,93.345
4,Miami Grand Prix,Mercedes,ANT,20,2,MEDIUM,20,32.577,34.549,25.885,93.011
4,Miami Grand Prix,Mercedes,ANT,21,2,MEDIUM,21,32.71,34.534,25.905,93.149
4,Miami Grand Prix,Mercedes,ANT,22,2,MEDIUM,22,32.5,34.488,25.791,92.779
4,Miami Grand Prix,Mercedes,ANT,23,2,MEDIUM,23,32.513,34.581,25.9,92.994
4,Miami Grand Prix,Mercedes,ANT,24,2,MEDIUM,24,32.418,34.518,25.866,92.802
4,Miami Grand Prix,Mercedes,ANT,25,2,MEDIUM,25,32.423,34.87,25.775,93.068
4,Miami Grand Prix,Mercedes,ANT,26,2,MEDIUM,26,32.448,34.563,30.873,97.884
4,Miami Grand Prix,Mercedes,ANT,27,4,HARD,1,46.283,34.093,25.225,105.601
4,Miami Grand Prix,Mercedes,ANT,28,2,HARD,2,32.308,34.583,26.023,92.914
4,Miami Grand Prix,Mercedes,ANT,29,1,HARD,3,32.558,33.975,25.798,92.331
4,Miami Grand Prix,Mercedes,ANT,30,1,HARD,4,32.108,34.411,25.691,92.21
4,Miami Grand Prix,Mercedes,ANT,31,1,HARD,5,31.992,34.515,25.751,92.258
4,Miami Grand Prix,Mercedes,ANT,32,1,HARD,6,32.068,34.325,25.653,92.046
4,Miami Grand Prix,Mercedes,ANT,33,1,HARD,7,32.066,34.475,25.572,92.113
4,Miami Grand Prix,Mercedes,ANT,34,1,HARD,8,31.959,34.466,25.543,91.968
4,Miami Grand Prix,Mercedes,ANT,35,1,HARD,9,32.212,34.578,25.697,92.487
4,Miami Grand Prix,Mercedes,ANT,36,1,HARD,10,32.185,34.587,25.582,92.354
4,Miami Grand Prix,Mercedes,ANT,37,1,HARD,11,32.188,34.704,25.591,92.483
4,Miami Grand Prix,Mercedes,ANT,38,1,HARD,12,32.221,34.621,25.581,92.423
4,Miami Grand Prix,Mercedes,ANT,39,1,HARD,13,32.232,34.598,25.552,92.382
4,Miami Grand Prix,Mercedes,ANT,40,1,HARD,14,32.548,34.608,25.722,92.878
4,Miami Grand Prix,Mercedes,ANT,41,1,HARD,15,32.274,34.579,25.478,92.331
4,Miami Grand Prix,Mercedes,ANT,42,1,HARD,16,32.173,34.72,25.603,92.496
4,Miami Grand Prix,Mercedes,ANT,43,1,HARD,17,32.087,34.567,25.532,92.186
4,Miami Grand Prix,Mercedes,ANT,44,1,HARD,18,32.144,34.561,25.506,92.211
4,Miami Grand Prix,Mercedes,ANT,45,1,HARD,19,32.121,34.66,25.618,92.399
4,Miami Grand Prix,Mercedes,ANT,46,1,HARD,20,32.103,34.801,25.627,92.531
4,Miami Grand Prix,Mercedes,ANT,47,1,HARD,21,32.714,34.489,25.579,92.782
4,Miami Grand Prix,Mercedes,ANT,48,1,HARD,22,32.149,34.682,25.546,92.377
4,Miami Grand Prix,Mercedes,ANT,49,1,HARD,23,32.084,34.65,25.509,92.243
4,Miami Grand Prix,Mercedes,ANT,50,1,HARD,24,32.102,34.587,25.408,92.097
4,Miami Grand Prix,Mercedes,ANT,51,1,HARD,25,32.144,34.714,25.56,92.418
4,Miami Grand Prix,Mercedes,ANT,52,1,HARD,26,32.267,34.588,25.572,92.427
4,Miami Grand Prix,Mercedes,ANT,53,1,HARD,27,32.07,34.676,25.608,92.354
4,Miami Grand Prix,Mercedes,ANT,54,1,HARD,28,32.04,34.599,25.347,91.986
4,Miami Grand Prix,Mercedes,ANT,55,1,HARD,29,32.376,34.451,25.52,92.347
4,Miami Grand Prix,Mercedes,ANT,56,1,HARD,30,32.122,34.808,25.656,92.586
4,Miami Grand Prix,Mercedes,ANT,57,1,HARD,31,32.418,34.81,25.864,93.092
4,Miami Grand Prix,Aston Martin,ALO,1,20,MEDIUM,1,,38.503,27.007,109.952
4,Miami Grand Prix,Aston Martin,ALO,2,20,MEDIUM,2,34.472,35.834,26.321,96.627
4,Miami Grand Prix,Aston Martin,ALO,3,20,MEDIUM,3,34.435,35.967,26.103,96.505
4,Miami Grand Prix,Aston Martin,ALO,4,20,MEDIUM,4,34.101,36.003,26.346,96.45
4,Miami Grand Prix,Aston Martin,ALO,5,17,MEDIUM,5,33.915,36.24,29.987,100.142
4,Miami Grand Prix,Aston Martin,ALO,6,17,MEDIUM,6,44.673,51.274,39.235,135.182
4,Miami Grand Prix,Aston Martin,ALO,7,17,MEDIUM,7,39.034,49.822,41.1,129.956
4,Miami Grand Prix,Aston Martin,ALO,8,17,MEDIUM,8,40.614,59.926,41.841,142.381
4,Miami Grand Prix,Aston Martin,ALO,9,17,MEDIUM,9,40.463,63.484,38.282,142.229
4,Miami Grand Prix,Aston Martin,ALO,10,17,MEDIUM,10,44.824,60.795,34.576,140.195
4,Miami Grand Prix,Aston Martin,ALO,11,17,MEDIUM,11,44.428,48.072,45.315,137.815
4,Miami Grand Prix,Aston Martin,ALO,12,17,MEDIUM,12,34.086,36.435,26.279,96.8
4,Miami Grand Prix,Aston Martin,ALO,13,17,MEDIUM,13,34.305,35.916,26.128,96.349
4,Miami Grand Prix,Aston Martin,ALO,14,17,MEDIUM,14,34.407,35.928,26.147,96.482
4,Miami Grand Prix,Aston Martin,ALO,15,17,MEDIUM,15,35.336,36.016,26.283,97.635
4,Miami Grand Prix,Aston Martin,ALO,16,17,MEDIUM,16,33.918,35.931,26.294,96.143
4,Miami Grand Prix,Aston Martin,ALO,17,17,MEDIUM,17,33.761,36.262,26.43,96.453
4,Miami Grand Prix,Aston Martin,ALO,18,17,MEDIUM,18,34.132,36.336,26.471,96.939
4,Miami Grand Prix,Aston Martin,ALO,19,17,MEDIUM,19,34.232,36.064,26.54,96.836
4,Miami Grand Prix,Aston Martin,ALO,20,16,MEDIUM,20,33.989,35.784,26.448,96.221
4,Miami Grand Prix,Aston Martin,ALO,21,16,MEDIUM,21,33.714,36.197,26.65,96.561
4,Miami Grand Prix,Aston Martin,ALO,22,16,MEDIUM,22,33.715,36.016,26.563,96.294
4,Miami Grand Prix,Aston Martin,ALO,23,16,MEDIUM,23,33.654,36.078,26.654,96.386
4,Miami Grand Prix,Aston Martin,ALO,24,16,MEDIUM,24,33.735,36.178,26.753,96.666
4,Miami Grand Prix,Aston Martin,ALO,25,16,MEDIUM,25,33.469,36.274,26.734,96.477
4,Miami Grand Prix,Aston Martin,ALO,26,16,MEDIUM,26,33.537,35.955,26.777,96.269
4,Miami Grand Prix,Aston Martin,ALO,27,16,MEDIUM,27,33.539,35.912,26.62,96.071
4,Miami Grand Prix,Aston Martin,ALO,28,16,MEDIUM,28,33.452,35.977,26.556,95.985
4,Miami Grand Prix,Aston Martin,ALO,29,14,MEDIUM,29,33.629,35.917,26.534,96.08
4,Miami Grand Prix,Aston Martin,ALO,30,14,MEDIUM,30,33.74,35.868,26.583,96.191
4,Miami Grand Prix,Aston Martin,ALO,31,14,MEDIUM,31,33.697,35.938,26.755,96.39
4,Miami Grand Prix,Aston Martin,ALO,32,14,MEDIUM,32,33.567,35.876,26.892,96.335
4,Miami Grand Prix,Aston Martin,ALO,33,15,MEDIUM,33,33.582,36.656,26.47,96.708
4,Miami Grand Prix,Aston Martin,ALO,34,15,MEDIUM,34,33.555,35.827,26.262,95.644
4,Miami Grand Prix,Aston Martin,ALO,35,15,MEDIUM,35,33.832,36.031,26.68,96.543
4,Miami Grand Prix,Aston Martin,ALO,36,15,MEDIUM,36,33.604,36.152,26.695,96.451
4,Miami Grand Prix,Aston Martin,ALO,37,15,MEDIUM,37,33.619,36.103,26.836,96.558
4,Miami Grand Prix,Aston Martin,ALO,38,15,MEDIUM,38,33.803,36.135,26.932,96.87
4,Miami Grand Prix,Aston Martin,ALO,39,15,MEDIUM,39,33.528,35.997,26.869,96.394
4,Miami Grand Prix,Aston Martin,ALO,40,15,MEDIUM,40,35.001,35.835,26.881,97.717
4,Miami Grand Prix,Aston Martin,ALO,41,15,MEDIUM,41,33.744,36.309,31.736,101.789
4,Miami Grand Prix,Aston Martin,ALO,42,16,SOFT,1,47.823,35.177,26.347,109.347
4,Miami Grand Prix,Aston Martin,ALO,43,16,SOFT,2,33.03,35.525,26.995,95.55
4,Miami Grand Prix,Aston Martin,ALO,44,16,SOFT,3,32.733,35.079,25.7,93.512
4,Miami Grand Prix,Aston Martin,ALO,45,16,SOFT,4,33.059,35.618,25.917,94.594
4,Miami Grand Prix,Aston Martin,ALO,46,16,SOFT,5,33.197,36.452,26.74,96.389
4,Miami Grand Prix,Aston Martin,ALO,47,16,SOFT,6,33.84,36.147,26.204,96.191
4,Miami Grand Prix,Aston Martin,ALO,48,16,SOFT,7,34.601,36.054,26.11,96.765
4,Miami Grand Prix,Aston Martin,ALO,49,16,SOFT,8,34.196,36.34,27.141,97.677
4,Miami Grand Prix,Aston Martin,ALO,50,16,SOFT,9,34.269,35.73,26.117,96.116
4,Miami Grand Prix,Aston Martin,ALO,51,15,SOFT,10,33.589,35.796,25.774,95.159
4,Miami Grand Prix,Aston Martin,ALO,52,15,SOFT,11,33.052,35.804,26.235,95.091
4,Miami Grand Prix,Aston Martin,ALO,53,15,SOFT,12,32.89,35.866,26.259,95.015
4,Miami Grand Prix,Aston Martin,ALO,54,15,SOFT,13,32.731,36.012,26.227,94.97
4,Miami Grand Prix,Aston Martin,ALO,55,15,SOFT,14,32.754,35.922,26.268,94.944
4,Miami Grand Prix,Aston Martin,ALO,56,15,SOFT,15,32.89,35.877,26.479,95.246
4,Miami Grand Prix,Ferrari,LEC,1,1,MEDIUM,1,,34.486,26.068,96.094
4,Miami Grand Prix,Ferrari,LEC,2,1,MEDIUM,2,32.306,34.696,26.034,93.036
4,Miami Grand Prix,Ferrari,LEC,3,1,MEDIUM,3,32.59,34.697,26.07,93.357
4,Miami Grand Prix,Ferrari,LEC,4,2,MEDIUM,4,32.82,35.26,26.65,94.73
4,Miami Grand Prix,Ferrari,LEC,5,1,MEDIUM,5,33.187,34.271,26.239,93.697
4,Miami Grand Prix,Ferrari,LEC,6,1,MEDIUM,6,39.229,52.226,38.008,129.463
4,Miami Grand Prix,Ferrari,LEC,7,1,MEDIUM,7,41.184,55.067,41.763,138.014
4,Miami Grand Prix,Ferrari,LEC,8,1,MEDIUM,8,49.733,53.527,39.548,142.808
4,Miami Grand Prix,Ferrari,LEC,9,1,MEDIUM,9,47.881,55.025,44.578,147.484
4,Miami Grand Prix,Ferrari,LEC,10,1,MEDIUM,10,48.254,54.401,36.107,138.762
4,Miami Grand Prix,Ferrari,LEC,11,1,MEDIUM,11,48.092,48.067,55.734,
4,Miami Grand Prix,Ferrari,LEC,12,1,MEDIUM,12,32.29,34.628,25.96,92.878
4,Miami Grand Prix,Ferrari,LEC,13,3,MEDIUM,13,32.533,35.784,26.064,94.381
4,Miami Grand Prix,Ferrari,LEC,14,3,MEDIUM,14,32.501,35.49,25.753,93.744
4,Miami Grand Prix,Ferrari,LEC,15,3,MEDIUM,15,32.977,34.789,25.794,93.56
4,Miami Grand Prix,Ferrari,LEC,16,3,MEDIUM,16,33.073,34.727,25.736,93.536
4,Miami Grand Prix,Ferrari,LEC,17,3,MEDIUM,17,34.048,35.517,25.892,95.457
4,Miami Grand Prix,Ferrari,LEC,18,3,MEDIUM,18,32.874,34.835,25.983,93.692
4,Miami Grand Prix,Ferrari,LEC,19,3,MEDIUM,19,32.757,34.899,25.883,93.539
4,Miami Grand Prix,Ferrari,LEC,20,3,MEDIUM,20,32.831,34.98,25.878,93.689
4,Miami Grand Prix,Ferrari,LEC,21,5,MEDIUM,21,32.83,34.697,30.977,98.504
4,Miami Grand Prix,Ferrari,LEC,22,11,HARD,1,48.356,35.418,25.201,108.975
4,Miami Grand Prix,Ferrari,LEC,23,10,HARD,2,32.676,34.841,26.369,93.886
4,Miami Grand Prix,Ferrari,LEC,24,9,HARD,3,32.758,35.473,25.357,93.588
4,Miami Grand Prix,Ferrari,LEC,25,9,HARD,4,32.642,34.901,25.443,92.986
4,Miami Grand Prix,Ferrari,LEC,26,8,HARD,5,32.807,35.61,25.488,93.905
4,Miami Grand Prix,Ferrari,LEC,27,8,HARD,6,32.69,34.645,25.587,92.922
4,Miami Grand Prix,Ferrari,LEC,28,7,HARD,7,32.567,34.436,25.649,92.652
4,Miami Grand Prix,Ferrari,LEC,29,6,HARD,8,32.732,34.512,25.542,92.786
4,Miami Grand Prix,Ferrari,LEC,30,6,HARD,9,33.182,34.743,25.491,93.416
4,Miami Grand Prix,Ferrari,LEC,31,4,HARD,10,32.711,34.453,25.781,92.945
4,Miami Grand Prix,Ferrari,LEC,32,4,HARD,11,32.55,34.623,25.822,92.995
4,Miami Grand Prix,Ferrari,LEC,33,4,HARD,12,32.527,34.697,25.851,93.075
4,Miami Grand Prix,Ferrari,LEC,34,4,HARD,13,32.48,34.729,25.762,92.971
4,Miami Grand Prix,Ferrari,LEC,35,4,HARD,14,32.362,34.904,25.727,92.993
4,Miami Grand Prix,Ferrari,LEC,36,4,HARD,15,32.476,34.717,25.686,92.879
4,Miami Grand Prix,Ferrari,LEC,37,4,HARD,16,32.388,35.012,25.755,93.155
4,Miami Grand Prix,Ferrari,LEC,38,4,HARD,17,32.393,34.915,25.685,92.993
4,Miami Grand Prix,Ferrari,LEC,39,4,HARD,18,32.401,34.698,25.656,92.755
4,Miami Grand Prix,Ferrari,LEC,40,4,HARD,19,32.366,34.653,25.748,92.767
4,Miami Grand Prix,Ferrari,LEC,41,4,HARD,20,32.341,34.73,25.615,92.686
4,Miami Grand Prix,Ferrari,LEC,42,4,HARD,21,32.45,34.911,25.681,93.042
4,Miami Grand Prix,Ferrari,LEC,43,4,HARD,22,32.264,34.738,25.61,92.612
4,Miami Grand Prix,Ferrari,LEC,44,4,HARD,23,32.323,34.622,25.57,92.515
4,Miami Grand Prix,Ferrari,LEC,45,4,HARD,24,32.502,34.867,25.505,92.874
4,Miami Grand Prix,Ferrari,LEC,46,4,HARD,25,32.72,34.919,25.829,93.468
4,Miami Grand Prix,Ferrari,LEC,47,3,HARD,26,33.285,34.361,26.032,93.678
4,Miami Grand Prix,Ferrari,LEC,48,3,HARD,27,32.22,34.846,25.826,92.892
4,Miami Grand Prix,Ferrari,LEC,49,3,HARD,28,32.36,34.61,25.764,92.734
4,Miami Grand Prix,Ferrari,LEC,50,3,HARD,29,32.222,34.621,25.723,92.566
4,Miami Grand Prix,Ferrari,LEC,51,3,HARD,30,32.062,34.705,25.811,92.578
4,Miami Grand Prix,Ferrari,LEC,52,3,HARD,31,32.144,34.812,25.623,92.579
4,Miami Grand Prix,Ferrari,LEC,53,3,HARD,32,32.17,34.722,25.787,92.679
4,Miami Grand Prix,Ferrari,LEC,54,3,HARD,33,32.188,34.697,25.782,92.667
4,Miami Grand Prix,Ferrari,LEC,55,3,HARD,34,32.136,35.017,25.788,92.941
4,Miami Grand Prix,Ferrari,LEC,56,4,HARD,35,32.217,35.405,26.589,94.211
4,Miami Grand Prix,Ferrari,LEC,57,6,HARD,36,41.346,40.868,27.62,109.834
4,Miami Grand Prix,Aston Martin,STR,1,16,MEDIUM,1,,38.092,26.585,107.631
4,Miami Grand Prix,Aston Martin,STR,2,16,MEDIUM,2,34.568,36.011,25.99,96.569
4,Miami Grand Prix,Aston Martin,STR,3,17,MEDIUM,3,34.324,36.037,26.658,97.019
4,Miami Grand Prix,Aston Martin,STR,4,17,MEDIUM,4,34.128,35.764,26.526,96.418
4,Miami Grand Prix,Aston Martin,STR,5,16,MEDIUM,5,33.807,37.093,28.294,99.194
4,Miami Grand Prix,Aston Martin,STR,6,16,MEDIUM,6,45.722,51.938,39.062,136.722
4,Miami Grand Prix,Aston Martin,STR,7,15,MEDIUM,7,38.383,48.857,41.265,128.505
4,Miami Grand Prix,Aston Martin,STR,8,15,MEDIUM,8,41.308,59.376,40.774,141.458
4,Miami Grand Prix,Aston Martin,STR,9,15,MEDIUM,9,42.959,60.632,39.056,142.647
4,Miami Grand Prix,Aston Martin,STR,10,15,MEDIUM,10,45.681,59.716,33.779,139.176
4,Miami Grand Prix,Aston Martin,STR,11,15,MEDIUM,11,46.719,46.079,48.372,141.17
4,Miami Grand Prix,Aston Martin,STR,12,16,MEDIUM,12,34.243,36.78,26.419,97.442
4,Miami Grand Prix,Aston Martin,STR,13,16,MEDIUM,13,34.162,35.757,26.166,96.085
4,Miami Grand Prix,Aston Martin,STR,14,16,MEDIUM,14,34.558,35.87,26.154,96.582
4,Miami Grand Prix,Aston Martin,STR,15,18,MEDIUM,15,34.239,36.064,30.65,100.953
4,Miami Grand Prix,Aston Martin,STR,16,18,MEDIUM,16,34.067,36.17,26.737,96.974
4,Miami Grand Prix,Aston Martin,STR,17,18,MEDIUM,17,33.661,36.11,26.6,96.371
4,Miami Grand Prix,Aston Martin,STR,18,18,MEDIUM,18,33.809,36.077,26.653,96.539
4,Miami Grand Prix,Aston Martin,STR,19,18,MEDIUM,19,33.863,36.318,26.841,97.022
4,Miami Grand Prix,Aston Martin,STR,20,18,MEDIUM,20,33.896,36.208,26.747,96.851
4,Miami Grand Prix,Aston Martin,STR,21,18,MEDIUM,21,33.888,36.193,31.362,101.443
4,Miami Grand Prix,Aston Martin,STR,22,18,SOFT,4,48.548,35.778,26.203,110.529
4,Miami Grand Prix,Aston Martin,STR,23,17,SOFT,5,33.294,36.086,26.01,95.39
4,Miami Grand Prix,Aston Martin,STR,24,17,SOFT,6,33.858,36.545,26.738,97.141
4,Miami Grand Prix,Aston Martin,STR,25,17,SOFT,7,33.309,36.026,26.586,95.921
4,Miami Grand Prix,Aston Martin,STR,26,17,SOFT,8,33.577,35.856,26.591,96.024
4,Miami Grand Prix,Aston Martin,STR,27,17,SOFT,9,33.286,35.845,26.687,95.818
4,Miami Grand Prix,Aston Martin,STR,28,17,SOFT,10,33.275,35.903,26.764,95.942
4,Miami Grand Prix,Aston Martin,STR,29,17,SOFT,11,33.29,35.863,26.62,95.773
4,Miami Grand Prix,Aston Martin,STR,30,17,SOFT,12,33.513,35.585,26.407,95.505
4,Miami Grand Prix,Aston Martin,STR,31,17,SOFT,13,33.281,35.645,26.506,95.432
4,Miami Grand Prix,Aston Martin,STR,32,17,SOFT,14,33.349,35.696,26.556,95.601
4,Miami Grand Prix,Aston Martin,STR,33,17,SOFT,15,33.156,35.638,26.409,95.203
4,Miami Grand Prix,Aston Martin,STR,34,17,SOFT,16,33.385,35.928,26.536,95.849
4,Miami Grand Prix,Aston Martin,STR,35,17,SOFT,17,33.348,38.795,26.37,98.513
4,Miami Grand Prix,Aston Martin,STR,36,17,SOFT,18,33.5,35.993,26.525,96.018
4,Miami Grand Prix,Aston Martin,STR,37,17,SOFT,19,33.507,35.922,31.595,101.024
4,Miami Grand Prix,Aston Martin,STR,38,17,SOFT,1,47.841,35.496,26.21,109.547
4,Miami Grand Prix,Aston Martin,STR,39,17,SOFT,2,33.264,35.512,26.336,95.112
4,Miami Grand Prix,Aston Martin,STR,40,17,SOFT,3,33.199,35.501,26.258,94.958
4,Miami Grand Prix,Aston Martin,STR,41,17,SOFT,4,33.211,35.579,26.354,95.144
4,Miami Grand Prix,Aston Martin,STR,42,17,SOFT,5,33.272,35.65,26.402,95.324
4,Miami Grand Prix,Aston Martin,STR,43,17,SOFT,6,33.036,35.704,26.485,95.225
4,Miami Grand Prix,Aston Martin,STR,44,17,SOFT,7,35.224,35.799,26.356,97.379
4,Miami Grand Prix,Aston Martin,STR,45,17,SOFT,8,33.012,35.556,26.252,94.82
4,Miami Grand Prix,Aston Martin,STR,46,17,SOFT,9,33.029,35.699,26.446,95.174
4,Miami Grand Prix,Aston Martin,STR,47,17,SOFT,10,33.078,35.754,26.383,95.215
4,Miami Grand Prix,Aston Martin,STR,48,17,SOFT,11,32.987,35.72,26.428,95.135
4,Miami Grand Prix,Aston Martin,STR,49,17,SOFT,12,32.974,35.77,26.354,95.098
4,Miami Grand Prix,Aston Martin,STR,50,17,SOFT,13,33.096,35.724,26.367,95.187
4,Miami Grand Prix,Aston Martin,STR,51,17,SOFT,14,32.923,35.69,26.278,94.891
4,Miami Grand Prix,Aston Martin,STR,52,17,SOFT,15,32.821,35.703,26.235,94.759
4,Miami Grand Prix,Aston Martin,STR,53,17,SOFT,16,32.95,35.644,26.217,94.811
4,Miami Grand Prix,Aston Martin,STR,54,17,SOFT,17,32.926,35.582,26.298,94.806
4,Miami Grand Prix,Aston Martin,STR,55,17,SOFT,18,32.944,35.626,27.579,96.149
4,Miami Grand Prix,Aston Martin,STR,56,17,SOFT,19,33.623,35.444,25.649,94.716
4,Miami Grand Prix,Williams,ALB,1,10,MEDIUM,1,,36.586,26.418,104.983
4,Miami Grand Prix,Williams,ALB,2,10,MEDIUM,2,33.896,35.234,26.274,95.404
4,Miami Grand Prix,Williams,ALB,3,10,MEDIUM,3,33.763,35.17,25.999,94.932
4,Miami Grand Prix,Williams,ALB,4,10,MEDIUM,4,33.744,35.219,25.807,94.77
4,Miami Grand Prix,Williams,ALB,5,9,MEDIUM,5,33.837,35.798,26.253,95.888
4,Miami Grand Prix,Williams,ALB,6,9,MEDIUM,6,41.435,49.604,44.288,135.327
4,Miami Grand Prix,Williams,ALB,7,8,MEDIUM,7,36.259,49.483,42.228,127.97
4,Miami Grand Prix,Williams,ALB,8,8,MEDIUM,8,46.479,57.298,40.903,144.68
4,Miami Grand Prix,Williams,ALB,9,8,MEDIUM,9,44.037,57.731,41.747,143.515
4,Miami Grand Prix,Williams,ALB,10,8,MEDIUM,10,47.224,57.169,35.719,140.112
4,Miami Grand Prix,Williams,ALB,11,8,MEDIUM,11,46.281,47.048,51.847,145.176
4,Miami Grand Prix,Williams,ALB,12,8,MEDIUM,12,33.695,35.604,25.907,95.206
4,Miami Grand Prix,Williams,ALB,13,8,MEDIUM,13,33.662,35.118,25.773,94.553
4,Miami Grand Prix,Williams,ALB,14,8,MEDIUM,14,33.205,35.073,25.883,94.161
4,Miami Grand Prix,Williams,ALB,15,9,MEDIUM,15,33.462,36.126,25.882,95.47
4,Miami Grand Prix,Williams,ALB,16,9,MEDIUM,16,33.854,35.354,26.037,95.245
4,Miami Grand Prix,Williams,ALB,17,10,MEDIUM,17,34.501,35.289,26.034,95.824
4,Miami Grand Prix,Williams,ALB,18,10,MEDIUM,18,33.781,35.369,26.039,95.189
4,Miami Grand Prix,Williams,ALB,19,10,MEDIUM,19,33.663,35.309,26.007,94.979
4,Miami Grand Prix,Williams,ALB,20,10,MEDIUM,20,33.784,35.397,26.031,95.212
4,Miami Grand Prix,Williams,ALB,21,9,MEDIUM,21,33.615,35.3,25.964,94.879
4,Miami Grand Prix,Williams,ALB,22,8,MEDIUM,22,33.59,35.238,25.972,94.8
4,Miami Grand Prix,Williams,ALB,23,8,MEDIUM,23,33.777,35.328,25.992,95.097
4,Miami Grand Prix,Williams,ALB,24,10,MEDIUM,24,33.612,36.142,26.147,95.901
4,Miami Grand Prix,Williams,ALB,25,10,MEDIUM,25,33.722,35.303,26.094,95.119
4,Miami Grand Prix,Williams,ALB,26,10,MEDIUM,26,33.571,35.358,26.035,94.964
4,Miami Grand Prix,Williams,ALB,27,11,MEDIUM,27,33.673,35.145,30.946,99.764
4,Miami Grand Prix,Williams,ALB,28,12,HARD,1,47.468,34.621,25.709,107.798
4,Miami Grand Prix,Williams,ALB,29,12,HARD,2,33.21,34.972,25.693,93.875
4,Miami Grand Prix,Williams,ALB,30,12,HARD,3,33.258,34.81,25.716,93.784
4,Miami Grand Prix,Williams,ALB,31,12,HARD,4,33.142,34.87,25.825,93.837
4,Miami Grand Prix,Williams,ALB,32,10,HARD,5,33.232,35.097,25.865,94.194
4,Miami Grand Prix,Williams,ALB,33,10,HARD,6,33.293,35.104,25.843,94.24
4,Miami Grand Prix,Williams,ALB,34,10,HARD,7,33.363,35.117,25.953,94.433
4,Miami Grand Prix,Williams,ALB,35,10,HARD,8,33.302,35.247,25.747,94.296
4,Miami Grand Prix,Williams,ALB,36,10,HARD,9,33.172,35.251,25.778,94.201
4,Miami Grand Prix,Williams,ALB,37,10,HARD,10,33.091,35.38,26.014,94.485
4,Miami Grand Prix,Williams,ALB,38,10,HARD,11,33.305,35.117,26.018,94.44
4,Miami Grand Prix,Williams,ALB,39,10,HARD,12,33.28,35.029,26.028,94.337
4,Miami Grand Prix,Williams,ALB,40,10,HARD,13,33.306,35.169,25.964,94.439
4,Miami Grand Prix,Williams,ALB,41,10,HARD,14,33.2,35.07,25.902,94.172
4,Miami Grand Prix,Williams,ALB,42,10,HARD,15,33.177,35.213,25.976,94.366
4,Miami Grand Prix,Williams,ALB,43,10,HARD,16,33.084,35.28,25.926,94.29
4,Miami Grand Prix,Williams,ALB,44,10,HARD,17,33.002,35.108,26.029,94.139
4,Miami Grand Prix,Williams,ALB,45,10,HARD,18,33.156,35.091,26.063,94.31
4,Miami Grand Prix,Williams,ALB,46,10,HARD,19,33.156,35.034,26.009,94.199
4,Miami Grand Prix,Williams,ALB,47,10,HARD,20,33.21,34.971,26.38,94.561
4,Miami Grand Prix,Williams,ALB,48,10,HARD,21,33.382,34.917,26.026,94.325
4,Miami Grand Prix,Williams,ALB,49,10,HARD,22,33.228,34.959,25.993,94.18
4,Miami Grand Prix,Williams,ALB,50,10,HARD,23,33.295,35.014,26.047,94.356
4,Miami Grand Prix,Williams,ALB,51,10,HARD,24,33.227,35.131,26.049,94.407
4,Miami Grand Prix,Williams,ALB,52,10,HARD,25,33.118,35.169,26.0,94.287
4,Miami Grand Prix,Williams,ALB,53,10,HARD,26,33.294,35.164,25.893,94.351
4,Miami Grand Prix,Williams,ALB,54,10,HARD,27,33.296,34.963,25.994,94.253
4,Miami Grand Prix,Williams,ALB,55,10,HARD,28,33.208,35.015,25.886,94.109
4,Miami Grand Prix,Williams,ALB,56,10,HARD,29,33.13,35.053,25.98,94.163
4,Miami Grand Prix,Williams,ALB,57,10,HARD,30,33.156,35.255,25.887,94.298
4,Miami Grand Prix,Audi,HUL,1,22,MEDIUM,1,,37.861,32.305,114.251
4,Miami Grand Prix,Audi,HUL,2,22,MEDIUM,1,58.859,35.18,26.235,120.274
4,Miami Grand Prix,Audi,HUL,3,22,MEDIUM,2,33.374,35.066,26.49,94.93
4,Miami Grand Prix,Audi,HUL,4,22,MEDIUM,3,33.228,34.897,26.398,94.523
4,Miami Grand Prix,Audi,HUL,5,20,MEDIUM,4,33.252,36.287,39.948,109.487
4,Miami Grand Prix,Audi,HUL,6,19,MEDIUM,5,38.954,49.759,46.437,135.15
4,Miami Grand Prix,Audi,HUL,7,19,MEDIUM,6,37.13,43.74,90.511,
4,Miami Grand Prix,Red Bull Racing,VER,1,9,MEDIUM,1,,36.327,27.361,104.911
4,Miami Grand Prix,Red Bull Racing,VER,2,8,MEDIUM,2,32.94,34.738,25.786,93.464
4,Miami Grand Prix,Red Bull Racing,VER,3,8,MEDIUM,3,32.585,34.865,25.789,93.239
4,Miami Grand Prix,Red Bull Racing,VER,4,8,MEDIUM,4,32.735,34.937,25.864,93.536
4,Miami Grand Prix,Red Bull Racing,VER,5,8,MEDIUM,5,32.98,35.12,25.99,94.09
4,Miami Grand Prix,Red Bull Racing,VER,6,8,MEDIUM,6,42.754,52.183,46.011,140.948
4,Miami Grand Prix,Red Bull Racing,VER,7,16,HARD,1,52.723,49.164,40.767,142.654
4,Miami Grand Prix,Red Bull Racing,VER,8,16,HARD,2,41.268,60.077,40.594,141.939
4,Miami Grand Prix,Red Bull Racing,VER,9,16,HARD,3,42.138,62.696,37.749,142.583
4,Miami Grand Prix,Red Bull Racing,VER,10,16,HARD,4,45.957,60.071,34.144,140.172
4,Miami Grand Prix,Red Bull Racing,VER,11,16,HARD,5,46.07,45.171,48.202,139.443
4,Miami Grand Prix,Red Bull Racing,VER,12,14,HARD,6,33.534,36.532,25.718,95.784
4,Miami Grand Prix,Red Bull Racing,VER,13,12,HARD,7,32.983,34.8,25.777,93.56
4,Miami Grand Prix,Red Bull Racing,VER,14,12,HARD,8,32.814,35.007,25.809,93.63
4,Miami Grand Prix,Red Bull Racing,VER,15,10,HARD,9,32.814,35.278,25.46,93.552
4,Miami Grand Prix,Red Bull Racing,VER,16,10,HARD,10,33.054,35.238,25.826,94.118
4,Miami Grand Prix,Red Bull Racing,VER,17,9,HARD,11,33.113,34.995,25.691,93.799
4,Miami Grand Prix,Red Bull Racing,VER,18,8,HARD,12,32.704,35.093,25.873,93.67
4,Miami Grand Prix,Red Bull Racing,VER,19,8,HARD,13,32.522,34.966,25.893,93.381
4,Miami Grand Prix,Red Bull Racing,VER,20,8,HARD,14,33.11,34.996,25.756,93.862
4,Miami Grand Prix,Red Bull Racing,VER,21,6,HARD,15,32.489,35.035,25.817,93.341
4,Miami Grand Prix,Red Bull Racing,VER,22,5,HARD,16,32.626,34.9,25.798,93.324
4,Miami Grand Prix,Red Bull Racing,VER,23,5,HARD,17,32.468,35.03,25.857,93.355
4,Miami Grand Prix,Red Bull Racing,VER,24,5,HARD,18,32.616,34.806,25.688,93.11
4,Miami Grand Prix,Red Bull Racing,VER,25,5,HARD,19,32.632,35.306,25.561,93.499
4,Miami Grand Prix,Red Bull Racing,VER,26,4,HARD,20,32.748,35.404,25.692,93.844
4,Miami Grand Prix,Red Bull Racing,VER,27,3,HARD,21,32.604,34.898,25.97,93.472
4,Miami Grand Prix,Red Bull Racing,VER,28,1,HARD,22,32.682,34.989,26.107,93.778
4,Miami Grand Prix,Red Bull Racing,VER,29,3,HARD,23,32.511,35.479,26.36,94.35
4,Miami Grand Prix,Red Bull Racing,VER,30,3,HARD,24,33.217,35.019,25.936,94.172
4,Miami Grand Prix,Red Bull Racing,VER,31,3,HARD,25,32.645,34.792,25.844,93.281
4,Miami Grand Prix,Red Bull Racing,VER,32,3,HARD,26,32.659,34.932,25.991,93.582
4,Miami Grand Prix,Red Bull Racing,VER,33,3,HARD,27,32.559,34.999,25.984,93.542
4,Miami Grand Prix,Red Bull Racing,VER,34,3,HARD,28,32.505,35.076,25.881,93.462
4,Miami Grand Prix,Red Bull Racing,VER,35,3,HARD,29,32.522,34.937,25.991,93.45
4,Miami Grand Prix,Red Bull Racing,VER,36,3,HARD,30,32.448,35.032,25.874,93.354
4,Miami Grand Prix,Red Bull Racing,VER,37,3,HARD,31,32.275,34.857,25.981,93.113
4,Miami Grand Prix,Red Bull Racing,VER,38,3,HARD,32,32.46,34.804,25.884,93.148
4,Miami Grand Prix,Red Bull Racing,VER,39,3,HARD,33,32.419,34.793,25.956,93.168
4,Miami Grand Prix,Red Bull Racing,VER,40,3,HARD,34,32.504,34.933,26.068,93.505
4,Miami Grand Prix,Red Bull Racing,VER,41,3,HARD,35,32.602,35.135,26.038,93.775
4,Miami Grand Prix,Red Bull Racing,VER,42,3,HARD,36,32.465,34.912,26.005,93.382
4,Miami Grand Prix,Red Bull Racing,VER,43,3,HARD,37,32.505,35.118,26.116,93.739
4,Miami Grand Prix,Red Bull Racing,VER,44,3,HARD,38,32.412,35.029,26.21,93.651
4,Miami Grand Prix,Red Bull Racing,VER,45,3,HARD,39,32.439,34.922,26.087,93.448
4,Miami Grand Prix,Red Bull Racing,VER,46,3,HARD,40,32.459,35.079,26.155,93.693
4,Miami Grand Prix,Red Bull Racing,VER,47,4,HARD,41,33.212,35.883,25.888,94.983
4,Miami Grand Prix,Red Bull Racing,VER,48,5,HARD,42,32.932,35.271,26.165,94.368
4,Miami Grand Prix,Red Bull Racing,VER,49,5,HARD,43,33.206,35.187,26.007,94.4
4,Miami Grand Prix,Red Bull Racing,VER,50,5,HARD,44,32.683,35.044,25.865,93.592
4,Miami Grand Prix,Red Bull Racing,VER,51,5,HARD,45,32.724,35.058,26.113,93.895
4,Miami Grand Prix,Red Bull Racing,VER,52,5,HARD,46,32.572,35.269,26.09,93.931
4,Miami Grand Prix,Red Bull Racing,VER,53,5,HARD,47,32.605,35.153,26.115,93.873
4,Miami Grand Prix,Red Bull Racing,VER,54,5,HARD,48,32.642,35.278,26.323,94.243
4,Miami Grand Prix,Red Bull Racing,VER,55,5,HARD,49,33.478,35.839,26.556,95.873
4,Miami Grand Prix,Red Bull Racing,VER,56,6,HARD,50,32.976,35.948,26.653,95.577
4,Miami Grand Prix,Red Bull Racing,VER,57,5,HARD,51,33.098,35.275,26.241,94.614
4,Miami Grand Prix,Racing Bulls,LAW,1,8,MEDIUM,1,,36.127,25.913,102.841
4,Miami Grand Prix,Racing Bulls,LAW,2,9,MEDIUM,2,33.722,36.87,26.487,97.079
4,Miami Grand Prix,Racing Bulls,LAW,3,9,MEDIUM,3,33.437,35.147,26.23,94.814
4,Miami Grand Prix,Racing Bulls,LAW,4,9,MEDIUM,4,33.415,35.368,26.401,95.184
4,Miami Grand Prix,Racing Bulls,LAW,5,19,MEDIUM,5,34.619,35.83,52.403,122.852
4,Miami Grand Prix,Racing Bulls,LAW,6,20,MEDIUM,6,50.513,49.357,63.212,
4,Miami Grand Prix,Haas F1 Team,OCO,1,13,MEDIUM,1,,37.375,25.924,105.5
4,Miami Grand Prix,Haas F1 Team,OCO,2,14,MEDIUM,2,35.371,36.014,26.083,97.468
4,Miami Grand Prix,Haas F1 Team,OCO,3,14,MEDIUM,3,34.036,35.311,25.834,95.181
4,Miami Grand Prix,Haas F1 Team,OCO,4,14,MEDIUM,4,34.01,35.389,26.065,95.464
4,Miami Grand Prix,Haas F1 Team,OCO,5,12,MEDIUM,5,33.823,35.446,26.037,95.306
4,Miami Grand Prix,Haas F1 Team,OCO,6,12,MEDIUM,6,45.536,48.146,41.659,135.341
4,Miami Grand Prix,Haas F1 Team,OCO,7,11,MEDIUM,7,37.501,48.15,43.255,128.906
4,Miami Grand Prix,Haas F1 Team,OCO,8,11,MEDIUM,8,45.215,58.318,40.368,143.901
4,Miami Grand Prix,Haas F1 Team,OCO,9,11,MEDIUM,9,44.659,58.107,40.389,143.155
4,Miami Grand Prix,Haas F1 Team,OCO,10,11,MEDIUM,10,47.124,57.919,34.937,139.98
4,Miami Grand Prix,Haas F1 Team,OCO,11,11,MEDIUM,11,47.089,46.108,50.943,144.14
4,Miami Grand Prix,Haas F1 Team,OCO,12,11,MEDIUM,12,33.691,35.613,25.909,95.213
4,Miami Grand Prix,Haas F1 Team,OCO,13,11,MEDIUM,13,33.916,35.39,25.764,95.07
4,Miami Grand Prix,Haas F1 Team,OCO,14,11,MEDIUM,14,33.69,35.293,25.879,94.862
4,Miami Grand Prix,Haas F1 Team,OCO,15,12,MEDIUM,15,34.035,35.537,26.093,95.665
4,Miami Grand Prix,Haas F1 Team,OCO,16,12,MEDIUM,16,33.716,35.456,26.024,95.196
4,Miami Grand Prix,Haas F1 Team,OCO,17,12,MEDIUM,17,33.727,35.455,25.945,95.127
4,Miami Grand Prix,Haas F1 Team,OCO,18,12,MEDIUM,18,33.745,35.535,25.946,95.226
4,Miami Grand Prix,Haas F1 Team,OCO,19,12,MEDIUM,19,33.522,35.479,25.965,94.966
4,Miami Grand Prix,Haas F1 Team,OCO,20,12,MEDIUM,20,33.664,35.576,25.97,95.21
4,Miami Grand Prix,Haas F1 Team,OCO,21,11,MEDIUM,21,33.593,35.607,25.917,95.117
4,Miami Grand Prix,Haas F1 Team,OCO,22,12,MEDIUM,22,33.604,36.195,26.371,96.17
4,Miami Grand Prix,Haas F1 Team,OCO,23,12,MEDIUM,23,33.681,35.441,25.879,95.001
4,Miami Grand Prix,Haas F1 Team,OCO,24,12,MEDIUM,24,33.823,35.486,25.904,95.213
4,Miami Grand Prix,Haas F1 Team,OCO,25,12,MEDIUM,25,33.702,35.717,25.984,95.403
4,Miami Grand Prix,Haas F1 Team,OCO,26,11,MEDIUM,26,33.447,35.522,26.042,95.011
4,Miami Grand Prix,Haas F1 Team,OCO,27,10,MEDIUM,27,33.665,35.687,26.117,95.469
4,Miami Grand Prix,Haas F1 Team,OCO,28,10,MEDIUM,28,33.831,35.598,26.039,95.468
4,Miami Grand Prix,Haas F1 Team,OCO,29,9,MEDIUM,29,33.511,35.71,26.305,95.526
4,Miami Grand Prix,Haas F1 Team,OCO,30,9,MEDIUM,30,33.602,35.655,26.136,95.393
4,Miami Grand Prix,Haas F1 Team,OCO,31,10,MEDIUM,31,33.441,35.398,31.497,100.336
4,Miami Grand Prix,Haas F1 Team,OCO,32,13,HARD,1,48.709,34.877,25.868,109.454
4,Miami Grand Prix,Haas F1 Team,OCO,33,12,HARD,2,32.71,35.083,25.919,93.712
4,Miami Grand Prix,Haas F1 Team,OCO,34,12,HARD,3,32.781,35.359,25.911,94.051
4,Miami Grand Prix,Haas F1 Team,OCO,35,12,HARD,4,32.718,35.265,25.887,93.87
4,Miami Grand Prix,Haas F1 Team,OCO,36,12,HARD,5,32.911,35.358,25.981,94.25
4,Miami Grand Prix,Haas F1 Team,OCO,37,12,HARD,6,32.983,35.361,26.017,94.361
4,Miami Grand Prix,Haas F1 Team,OCO,38,12,HARD,7,33.133,35.425,25.98,94.538
4,Miami Grand Prix,Haas F1 Team,OCO,39,12,HARD,8,33.03,35.406,25.993,94.429
4,Miami Grand Prix,Haas F1 Team,OCO,40,12,HARD,9,33.158,35.392,25.914,94.464
4,Miami Grand Prix,Haas F1 Team,OCO,41,12,HARD,10,33.009,35.514,25.926,94.449
4,Miami Grand Prix,Haas F1 Team,OCO,42,12,HARD,11,33.019,35.555,26.015,94.589
4,Miami Grand Prix,Haas F1 Team,OCO,43,12,HARD,12,33.189,35.412,25.991,94.592
4,Miami Grand Prix,Haas F1 Team,OCO,44,12,HARD,13,33.04,35.515,25.972,94.527
4,Miami Grand Prix,Haas F1 Team,OCO,45,12,HARD,14,32.99,35.607,26.209,94.806
4,Miami Grand Prix,Haas F1 Team,OCO,46,13,HARD,15,33.245,36.421,25.989,95.655
4,Miami Grand Prix,Haas F1 Team,OCO,47,13,HARD,16,33.415,35.406,25.73,94.551
4,Miami Grand Prix,Haas F1 Team,OCO,48,13,HARD,17,33.311,35.213,25.736,94.26
4,Miami Grand Prix,Haas F1 Team,OCO,49,13,HARD,18,33.033,35.459,25.767,94.259
4,Miami Grand Prix,Haas F1 Team,OCO,50,13,HARD,19,33.093,37.155,26.431,96.679
4,Miami Grand Prix,Haas F1 Team,OCO,51,13,HARD,20,33.859,35.306,25.688,94.853
4,Miami Grand Prix,Haas F1 Team,OCO,52,13,HARD,21,33.152,35.399,25.888,94.439
4,Miami Grand Prix,Haas F1 Team,OCO,53,13,HARD,22,33.012,35.513,25.902,94.427
4,Miami Grand Prix,Haas F1 Team,OCO,54,13,HARD,23,33.026,35.308,25.79,94.124
4,Miami Grand Prix,Haas F1 Team,OCO,55,13,HARD,24,32.967,35.547,25.902,94.416
4,Miami Grand Prix,Haas F1 Team,OCO,56,13,HARD,25,33.071,35.469,25.867,94.407
4,Miami Grand Prix,Racing Bulls,LIN,1,15,MEDIUM,1,,37.844,26.021,106.549
4,Miami Grand Prix,Racing Bulls,LIN,2,15,MEDIUM,2,34.996,35.818,25.926,96.74
4,Miami Grand Prix,Racing Bulls,LIN,3,15,MEDIUM,3,34.525,35.732,25.953,96.21
4,Miami Grand Prix,Racing Bulls,LIN,4,15,MEDIUM,4,33.944,35.655,26.056,95.655
4,Miami Grand Prix,Racing Bulls,LIN,5,13,MEDIUM,5,33.677,36.382,27.064,97.123
4,Miami Grand Prix,Racing Bulls,LIN,6,13,MEDIUM,6,44.482,48.237,41.489,134.208
4,Miami Grand Prix,Racing Bulls,LIN,7,12,MEDIUM,7,37.857,48.28,42.568,128.705
4,Miami Grand Prix,Racing Bulls,LIN,8,12,MEDIUM,8,44.134,58.493,40.361,142.988
4,Miami Grand Prix,Racing Bulls,LIN,9,12,MEDIUM,9,44.502,58.409,40.285,143.196
4,Miami Grand Prix,Racing Bulls,LIN,10,12,MEDIUM,10,46.754,58.795,35.395,140.944
4,Miami Grand Prix,Racing Bulls,LIN,11,12,MEDIUM,11,45.924,45.661,51.108,142.693
4,Miami Grand Prix,Racing Bulls,LIN,12,12,MEDIUM,12,33.856,36.82,26.1,96.776
4,Miami Grand Prix,Racing Bulls,LIN,13,13,MEDIUM,13,33.598,36.345,25.763,95.706
4,Miami Grand Prix,Racing Bulls,LIN,14,13,MEDIUM,14,33.496,35.842,25.895,95.233
4,Miami Grand Prix,Racing Bulls,LIN,15,13,MEDIUM,15,33.968,36.037,26.159,96.164
4,Miami Grand Prix,Racing Bulls,LIN,16,13,MEDIUM,16,33.648,35.857,26.312,95.817
4,Miami Grand Prix,Racing Bulls,LIN,17,13,MEDIUM,17,33.668,35.841,26.441,95.95
4,Miami Grand Prix,Racing Bulls,LIN,18,13,MEDIUM,18,33.705,35.777,26.458,95.94
4,Miami Grand Prix,Racing Bulls,LIN,19,14,MEDIUM,19,33.711,36.688,26.466,96.865
4,Miami Grand Prix,Racing Bulls,LIN,20,14,MEDIUM,20,34.424,35.772,26.226,96.422
4,Miami Grand Prix,Racing Bulls,LIN,21,14,MEDIUM,21,34.202,35.567,26.243,96.012
4,Miami Grand Prix,Racing Bulls,LIN,22,14,MEDIUM,22,34.124,35.53,26.299,95.953
4,Miami Grand Prix,Racing Bulls,LIN,23,14,MEDIUM,23,33.978,35.373,26.347,95.698
4,Miami Grand Prix,Racing Bulls,LIN,24,14,MEDIUM,24,33.953,35.552,26.386,95.891
4,Miami Grand Prix,Racing Bulls,LIN,25,14,MEDIUM,25,33.888,35.68,26.47,96.038
4,Miami Grand Prix,Racing Bulls,LIN,26,14,MEDIUM,26,33.84,35.591,26.404,95.835
4,Miami Grand Prix,Racing Bulls,LIN,27,13,MEDIUM,27,33.771,35.8,26.499,96.07
4,Miami Grand Prix,Racing Bulls,LIN,28,14,MEDIUM,28,33.437,35.694,31.792,100.923
4,Miami Grand Prix,Racing Bulls,LIN,29,16,HARD,1,47.962,35.117,25.948,109.027
4,Miami Grand Prix,Racing Bulls,LIN,30,15,HARD,2,32.711,35.166,26.181,94.058
4,Miami Grand Prix,Racing Bulls,LIN,31,15,HARD,3,32.902,35.173,26.1,94.175
4,Miami Grand Prix,Racing Bulls,LIN,32,15,HARD,4,33.105,35.231,26.042,94.378
4,Miami Grand Prix,Racing Bulls,LIN,33,14,HARD,5,33.427,35.369,26.275,95.071
4,Miami Grand Prix,Racing Bulls,LIN,34,14,HARD,6,33.2,35.599,26.224,95.023
4,Miami Grand Prix,Racing Bulls,LIN,35,14,HARD,7,32.987,35.51,26.367,94.864
4,Miami Grand Prix,Racing Bulls,LIN,36,14,HARD,8,33.1,35.574,26.189,94.863
4,Miami Grand Prix,Racing Bulls,LIN,37,14,HARD,9,33.09,35.633,26.335,95.058
4,Miami Grand Prix,Racing Bulls,LIN,38,14,HARD,10,33.054,35.359,26.316,94.729
4,Miami Grand Prix,Racing Bulls,LIN,39,14,HARD,11,32.963,35.428,26.157,94.548
4,Miami Grand Prix,Racing Bulls,LIN,40,14,HARD,12,33.038,35.381,26.262,94.681
4,Miami Grand Prix,Racing Bulls,LIN,41,14,HARD,13,32.956,35.391,26.329,94.676
4,Miami Grand Prix,Racing Bulls,LIN,42,14,HARD,14,33.025,35.39,26.095,94.51
4,Miami Grand Prix,Racing Bulls,LIN,43,14,HARD,15,33.056,35.481,26.149,94.686
4,Miami Grand Prix,Racing Bulls,LIN,44,14,HARD,16,36.742,35.518,26.157,98.417
4,Miami Grand Prix,Racing Bulls,LIN,45,14,HARD,17,32.977,35.471,26.15,94.598
4,Miami Grand Prix,Racing Bulls,LIN,46,14,HARD,18,33.285,35.354,25.939,94.578
4,Miami Grand Prix,Racing Bulls,LIN,47,14,HARD,19,33.286,35.476,25.817,94.579
4,Miami Grand Prix,Racing Bulls,LIN,48,14,HARD,20,33.095,36.076,26.187,95.358
4,Miami Grand Prix,Racing Bulls,LIN,49,14,HARD,21,33.278,35.525,26.015,94.818
4,Miami Grand Prix,Racing Bulls,LIN,50,14,HARD,22,33.198,35.331,26.076,94.605
4,Miami Grand Prix,Racing Bulls,LIN,51,14,HARD,23,33.016,35.47,26.067,94.553
4,Miami Grand Prix,Racing Bulls,LIN,52,14,HARD,24,33.06,35.245,25.993,94.298
4,Miami Grand Prix,Racing Bulls,LIN,53,14,HARD,25,32.961,38.4,25.982,97.343
4,Miami Grand Prix,Racing Bulls,LIN,54,14,HARD,26,33.526,35.336,25.97,94.832
4,Miami Grand Prix,Racing Bulls,LIN,55,14,HARD,27,33.071,35.335,26.076,94.482
4,Miami Grand Prix,Racing Bulls,LIN,56,14,HARD,28,35.663,40.132,29.147,104.942
4,Miami Grand Prix,Alpine,COL,1,7,MEDIUM,1,,35.479,26.585,101.556
4,Miami Grand Prix,Alpine,COL,2,7,MEDIUM,2,33.119,35.025,25.969,94.113
4,Miami Grand Prix,Alpine,COL,3,7,MEDIUM,3,33.077,35.266,26.117,94.46
4,Miami Grand Prix,Alpine,COL,4,7,MEDIUM,4,33.1,35.171,26.068,94.339
4,Miami Grand Prix,Alpine,COL,5,7,MEDIUM,5,33.038,35.262,26.436,94.736
4,Miami Grand Prix,Alpine,COL,6,7,MEDIUM,6,42.236,51.997,41.94,136.173
4,Miami Grand Prix,Alpine,COL,7,7,MEDIUM,7,36.807,53.545,41.644,131.996
4,Miami Grand Prix,Alpine,COL,8,7,MEDIUM,8,47.528,56.998,38.601,143.127
4,Miami Grand Prix,Alpine,COL,9,7,MEDIUM,9,45.832,58.158,42.376,146.366
4,Miami Grand Prix,Alpine,COL,10,7,MEDIUM,10,47.025,57.22,33.888,138.133
4,Miami Grand Prix,Alpine,COL,11,7,MEDIUM,11,48.18,47.122,51.977,147.279
4,Miami Grand Prix,Alpine,COL,12,7,MEDIUM,12,33.645,35.491,25.998,95.134
4,Miami Grand Prix,Alpine,COL,13,7,MEDIUM,13,33.068,35.319,25.859,94.246
4,Miami Grand Prix,Alpine,COL,14,7,MEDIUM,14,32.931,35.12,25.89,93.941
4,Miami Grand Prix,Alpine,COL,15,7,MEDIUM,15,32.941,35.36,25.823,94.124
4,Miami Grand Prix,Alpine,COL,16,7,MEDIUM,16,32.925,35.235,25.977,94.137
4,Miami Grand Prix,Alpine,COL,17,7,MEDIUM,17,33.163,35.345,25.892,94.4
4,Miami Grand Prix,Alpine,COL,18,7,MEDIUM,18,33.282,35.335,26.037,94.654
4,Miami Grand Prix,Alpine,COL,19,7,MEDIUM,19,33.058,35.452,25.995,94.505
4,Miami Grand Prix,Alpine,COL,20,7,MEDIUM,20,33.15,35.425,26.016,94.591
4,Miami Grand Prix,Alpine,COL,21,7,MEDIUM,21,33.899,35.27,25.798,94.967
4,Miami Grand Prix,Alpine,COL,22,6,MEDIUM,22,33.198,35.177,25.9,94.275
4,Miami Grand Prix,Alpine,COL,23,6,MEDIUM,23,32.804,35.273,25.932,94.009
4,Miami Grand Prix,Alpine,COL,24,6,MEDIUM,24,32.907,35.347,25.949,94.203
4,Miami Grand Prix,Alpine,COL,25,6,MEDIUM,25,32.884,35.367,25.986,94.237
4,Miami Grand Prix,Alpine,COL,26,6,MEDIUM,26,32.766,35.252,25.973,93.991
4,Miami Grand Prix,Alpine,COL,27,5,MEDIUM,27,32.961,35.272,26.042,94.275
4,Miami Grand Prix,Alpine,COL,28,5,MEDIUM,28,32.939,35.293,26.159,94.391
4,Miami Grand Prix,Alpine,COL,29,4,MEDIUM,29,32.946,35.329,26.048,94.323
4,Miami Grand Prix,Alpine,COL,30,4,MEDIUM,30,32.873,35.332,25.987,94.192
4,Miami Grand Prix,Alpine,COL,31,7,MEDIUM,31,32.855,35.16,31.417,99.432
4,Miami Grand Prix,Alpine,COL,32,8,HARD,1,48.074,34.879,25.773,108.726
4,Miami Grand Prix,Alpine,COL,33,8,HARD,2,32.531,34.849,25.655,93.035
4,Miami Grand Prix,Alpine,COL,34,8,HARD,3,32.333,34.947,25.79,93.07
4,Miami Grand Prix,Alpine,COL,35,8,HARD,4,32.394,34.993,25.775,93.162
4,Miami Grand Prix,Alpine,COL,36,8,HARD,5,32.462,35.088,25.791,93.341
4,Miami Grand Prix,Alpine,COL,37,8,HARD,6,32.709,35.189,25.858,93.756
4,Miami Grand Prix,Alpine,COL,38,8,HARD,7,32.588,35.219,25.917,93.724
4,Miami Grand Prix,Alpine,COL,39,8,HARD,8,32.65,35.135,25.932,93.717
4,Miami Grand Prix,Alpine,COL,40,8,HARD,9,32.566,35.219,25.949,93.734
4,Miami Grand Prix,Alpine,COL,41,8,HARD,10,32.636,35.344,25.823,93.803
4,Miami Grand Prix,Alpine,COL,42,8,HARD,11,32.697,35.298,25.864,93.859
4,Miami Grand Prix,Alpine,COL,43,8,HARD,12,32.498,35.182,25.736,93.416
4,Miami Grand Prix,Alpine,COL,44,8,HARD,13,32.541,35.173,25.67,93.384
4,Miami Grand Prix,Alpine,COL,45,8,HARD,14,32.704,35.293,25.954,93.951
4,Miami Grand Prix,Alpine,COL,46,8,HARD,15,32.605,35.272,25.735,93.612
4,Miami Grand Prix,Alpine,COL,47,8,HARD,16,32.408,35.119,25.805,93.332
4,Miami Grand Prix,Alpine,COL,48,8,HARD,17,32.644,35.271,25.806,93.721
4,Miami Grand Prix,Alpine,COL,49,8,HARD,18,32.431,35.249,25.7,93.38
4,Miami Grand Prix,Alpine,COL,50,8,HARD,19,32.703,35.503,25.97,94.176
4,Miami Grand Prix,Alpine,COL,51,8,HARD,20,32.746,35.302,25.727,93.775
4,Miami Grand Prix,Alpine,COL,52,8,HARD,21,32.407,35.574,25.81,93.791
4,Miami Grand Prix,Alpine,COL,53,8,HARD,22,32.418,35.341,25.769,93.528
4,Miami Grand Prix,Alpine,COL,54,8,HARD,23,32.361,35.101,25.842,93.304
4,Miami Grand Prix,Alpine,COL,55,8,HARD,24,32.504,35.172,25.659,93.335
4,Miami Grand Prix,Alpine,COL,56,8,HARD,25,32.271,35.086,25.702,93.059
4,Miami Grand Prix,Alpine,COL,57,8,HARD,26,32.432,35.27,25.446,93.148
4,Miami Grand Prix,Ferrari,HAM,1,6,MEDIUM,1,,35.479,25.471,100.683
4,Miami Grand Prix,Ferrari,HAM,2,6,MEDIUM,2,32.78,35.071,25.694,93.545
4,Miami Grand Prix,Ferrari,HAM,3,6,MEDIUM,3,32.999,35.048,25.742,93.789
4,Miami Grand Prix,Ferrari,HAM,4,6,MEDIUM,4,33.103,35.127,25.741,93.971
4,Miami Grand Prix,Ferrari,HAM,5,6,MEDIUM,5,33.02,35.272,25.892,94.184
4,Miami Grand Prix,Ferrari,HAM,6,6,MEDIUM,6,41.582,54.703,38.741,135.026
4,Miami Grand Prix,Ferrari,HAM,7,6,MEDIUM,7,36.947,55.983,41.34,134.27
4,Miami Grand Prix,Ferrari,HAM,8,6,MEDIUM,8,48.68,56.568,37.611,142.859
4,Miami Grand Prix,Ferrari,HAM,9,6,MEDIUM,9,47.245,57.573,42.382,147.2
4,Miami Grand Prix,Ferrari,HAM,10,6,MEDIUM,10,47.441,57.12,33.329,137.89
4,Miami Grand Prix,Ferrari,HAM,11,6,MEDIUM,11,49.037,46.595,52.636,148.268
4,Miami Grand Prix,Ferrari,HAM,12,6,MEDIUM,12,33.883,35.081,25.762,94.726
4,Miami Grand Prix,Ferrari,HAM,13,6,MEDIUM,13,33.028,35.102,25.624,93.754
4,Miami Grand Prix,Ferrari,HAM,14,6,MEDIUM,14,32.776,35.07,25.708,93.554
4,Miami Grand Prix,Ferrari,HAM,15,6,MEDIUM,15,32.951,35.081,25.745,93.777
4,Miami Grand Prix,Ferrari,HAM,16,6,MEDIUM,16,32.944,35.012,25.749,93.705
4,Miami Grand Prix,Ferrari,HAM,17,6,MEDIUM,17,33.038,35.293,25.674,94.005
4,Miami Grand Prix,Ferrari,HAM,18,6,MEDIUM,18,33.188,35.201,25.843,94.232
4,Miami Grand Prix,Ferrari,HAM,19,6,MEDIUM,19,33.086,35.19,25.748,94.024
4,Miami Grand Prix,Ferrari,HAM,20,5,MEDIUM,20,33.108,35.284,25.825,94.217
4,Miami Grand Prix,Ferrari,HAM,21,4,MEDIUM,21,33.075,35.275,25.847,94.197
4,Miami Grand Prix,Ferrari,HAM,22,4,MEDIUM,22,33.027,35.208,25.932,94.167
4,Miami Grand Prix,Ferrari,HAM,23,4,MEDIUM,23,32.873,35.15,25.903,93.926
4,Miami Grand Prix,Ferrari,HAM,24,4,MEDIUM,24,32.839,35.313,25.905,94.057
4,Miami Grand Prix,Ferrari,HAM,25,4,MEDIUM,25,32.872,35.445,25.873,94.19
4,Miami Grand Prix,Ferrari,HAM,26,5,MEDIUM,26,32.723,35.577,26.684,94.984
4,Miami Grand Prix,Ferrari,HAM,27,6,MEDIUM,27,33.188,35.201,31.007,99.396
4,Miami Grand Prix,Ferrari,HAM,28,8,HARD,1,47.745,34.578,25.546,107.869
4,Miami Grand Prix,Ferrari,HAM,29,8,HARD,2,32.276,34.769,25.631,92.676
4,Miami Grand Prix,Ferrari,HAM,30,8,HARD,3,32.284,34.838,25.59,92.712
4,Miami Grand Prix,Ferrari,HAM,31,8,HARD,4,32.326,34.851,25.687,92.864
4,Miami Grand Prix,Ferrari,HAM,32,7,HARD,5,32.479,34.874,25.768,93.121
4,Miami Grand Prix,Ferrari,HAM,33,7,HARD,6,32.395,34.831,25.754,92.98
4,Miami Grand Prix,Ferrari,HAM,34,7,HARD,7,32.498,34.994,25.682,93.174
4,Miami Grand Prix,Ferrari,HAM,35,7,HARD,8,32.464,34.927,25.548,92.939
4,Miami Grand Prix,Ferrari,HAM,36,7,HARD,9,32.603,35.035,26.031,93.669
4,Miami Grand Prix,Ferrari,HAM,37,7,HARD,10,32.806,35.528,26.469,94.803
4,Miami Grand Prix,Ferrari,HAM,38,7,HARD,11,32.751,35.043,25.758,93.552
4,Miami Grand Prix,Ferrari,HAM,39,7,HARD,12,32.35,35.057,25.691,93.098
4,Miami Grand Prix,Ferrari,HAM,40,7,HARD,13,32.52,35.215,25.716,93.451
4,Miami Grand Prix,Ferrari,HAM,41,7,HARD,14,32.498,35.061,25.724,93.283
4,Miami Grand Prix,Ferrari,HAM,42,7,HARD,15,32.407,35.066,25.764,93.237
4,Miami Grand Prix,Ferrari,HAM,43,7,HARD,16,32.487,34.988,25.654,93.129
4,Miami Grand Prix,Ferrari,HAM,44,7,HARD,17,32.477,35.037,25.379,92.893
4,Miami Grand Prix,Ferrari,HAM,45,7,HARD,18,32.469,34.995,25.665,93.129
4,Miami Grand Prix,Ferrari,HAM,46,7,HARD,19,32.768,34.791,25.576,93.135
4,Miami Grand Prix,Ferrari,HAM,47,7,HARD,20,32.489,35.128,25.723,93.34
4,Miami Grand Prix,Ferrari,HAM,48,7,HARD,21,32.536,35.194,25.845,93.575
4,Miami Grand Prix,Ferrari,HAM,49,7,HARD,22,32.612,35.194,25.829,93.635
4,Miami Grand Prix,Ferrari,HAM,50,7,HARD,23,32.646,35.17,25.69,93.506
4,Miami Grand Prix,Ferrari,HAM,51,7,HARD,24,32.477,35.335,25.758,93.57
4,Miami Grand Prix,Ferrari,HAM,52,7,HARD,25,33.098,35.721,25.815,94.634
4,Miami Grand Prix,Ferrari,HAM,53,7,HARD,26,33.03,35.476,25.796,94.302
4,Miami Grand Prix,Ferrari,HAM,54,7,HARD,27,32.72,35.605,26.005,94.33
4,Miami Grand Prix,Ferrari,HAM,55,7,HARD,28,32.834,35.641,25.832,94.307
4,Miami Grand Prix,Ferrari,HAM,56,7,HARD,29,32.834,35.64,26.093,94.567
4,Miami Grand Prix,Ferrari,HAM,57,7,HARD,30,32.821,36.114,26.015,94.95
4,Miami Grand Prix,Audi,BOR,1,18,MEDIUM,1,,37.806,26.906,109.249
4,Miami Grand Prix,Audi,BOR,2,19,MEDIUM,2,33.955,36.04,26.804,96.799
4,Miami Grand Prix,Audi,BOR,3,19,MEDIUM,3,33.959,36.089,26.336,96.384
4,Miami Grand Prix,Audi,BOR,4,19,MEDIUM,4,34.18,35.664,26.689,96.533
4,Miami Grand Prix,Audi,BOR,5,15,MEDIUM,5,33.897,36.094,27.288,97.279
4,Miami Grand Prix,Audi,BOR,6,15,MEDIUM,6,45.499,50.475,39.521,135.495
4,Miami Grand Prix,Audi,BOR,7,14,MEDIUM,7,39.016,48.186,41.568,128.77
4,Miami Grand Prix,Audi,BOR,8,14,MEDIUM,8,41.904,58.134,40.713,140.751
4,Miami Grand Prix,Audi,BOR,9,14,MEDIUM,9,44.019,58.609,39.99,142.618
4,Miami Grand Prix,Audi,BOR,10,14,MEDIUM,10,46.963,58.869,34.942,140.774
4,Miami Grand Prix,Audi,BOR,11,14,MEDIUM,11,46.105,45.16,50.239,141.504
4,Miami Grand Prix,Audi,BOR,12,15,MEDIUM,12,33.726,36.792,26.642,97.16
4,Miami Grand Prix,Audi,BOR,13,14,MEDIUM,13,33.996,35.113,26.44,95.549
4,Miami Grand Prix,Audi,BOR,14,14,MEDIUM,14,34.078,35.269,26.46,95.807
4,Miami Grand Prix,Audi,BOR,15,14,MEDIUM,15,33.653,35.555,26.514,95.722
4,Miami Grand Prix,Audi,BOR,16,14,MEDIUM,16,33.546,35.495,26.444,95.485
4,Miami Grand Prix,Audi,BOR,17,14,MEDIUM,17,33.644,35.456,26.393,95.493
4,Miami Grand Prix,Audi,BOR,18,14,MEDIUM,18,33.675,35.746,26.422,95.843
4,Miami Grand Prix,Audi,BOR,19,13,MEDIUM,19,33.708,35.457,26.628,95.793
4,Miami Grand Prix,Audi,BOR,20,13,MEDIUM,20,33.58,35.773,26.436,95.789
4,Miami Grand Prix,Audi,BOR,21,13,MEDIUM,21,33.331,35.428,26.391,95.15
4,Miami Grand Prix,Audi,BOR,22,13,MEDIUM,22,33.261,35.468,26.32,95.049
4,Miami Grand Prix,Audi,BOR,23,13,MEDIUM,23,33.213,35.117,26.323,94.653
4,Miami Grand Prix,Audi,BOR,24,13,MEDIUM,24,33.352,35.389,26.255,94.996
4,Miami Grand Prix,Audi,BOR,25,13,MEDIUM,25,33.263,35.735,26.003,95.001
4,Miami Grand Prix,Audi,BOR,26,13,MEDIUM,26,33.422,35.448,26.041,94.911
4,Miami Grand Prix,Audi,BOR,27,12,MEDIUM,27,33.419,35.312,26.521,95.252
4,Miami Grand Prix,Audi,BOR,28,11,MEDIUM,28,33.525,35.434,26.014,94.973
4,Miami Grand Prix,Audi,BOR,29,10,MEDIUM,29,33.452,35.513,26.058,95.023
4,Miami Grand Prix,Audi,BOR,30,10,MEDIUM,30,33.372,35.441,26.213,95.026
4,Miami Grand Prix,Audi,BOR,31,9,MEDIUM,31,33.319,35.41,26.475,95.204
4,Miami Grand Prix,Audi,BOR,32,12,MEDIUM,32,33.276,35.196,32.0,100.472
4,Miami Grand Prix,Audi,BOR,33,13,HARD,1,48.591,34.416,25.822,108.829
4,Miami Grand Prix,Audi,BOR,34,13,HARD,2,32.64,35.155,25.764,93.559
4,Miami Grand Prix,Audi,BOR,35,13,HARD,3,32.803,35.163,25.936,93.902
4,Miami Grand Prix,Audi,BOR,36,13,HARD,4,32.445,35.269,25.876,93.59
4,Miami Grand Prix,Audi,BOR,37,13,HARD,5,32.519,35.301,25.925,93.745
4,Miami Grand Prix,Audi,BOR,38,13,HARD,6,32.665,35.359,25.908,93.932
4,Miami Grand Prix,Audi,BOR,39,13,HARD,7,32.807,35.188,25.96,93.955
4,Miami Grand Prix,Audi,BOR,40,13,HARD,8,32.782,35.369,25.884,94.035
4,Miami Grand Prix,Audi,BOR,41,13,HARD,9,32.707,35.255,25.677,93.639
4,Miami Grand Prix,Audi,BOR,42,13,HARD,10,32.881,35.15,26.011,94.042
4,Miami Grand Prix,Audi,BOR,43,13,HARD,11,33.27,35.409,26.059,94.738
4,Miami Grand Prix,Audi,BOR,44,13,HARD,12,33.011,35.519,25.98,94.51
4,Miami Grand Prix,Audi,BOR,45,13,HARD,13,32.871,35.523,26.033,94.427
4,Miami Grand Prix,Audi,BOR,46,12,HARD,14,33.407,35.2,26.256,94.863
4,Miami Grand Prix,Audi,BOR,47,12,HARD,15,32.954,35.407,25.81,94.171
4,Miami Grand Prix,Audi,BOR,48,12,HARD,16,32.777,35.278,25.786,93.841
4,Miami Grand Prix,Audi,BOR,49,12,HARD,17,32.715,35.814,25.741,94.27
4,Miami Grand Prix,Audi,BOR,50,12,HARD,18,32.755,35.723,25.931,94.409
4,Miami Grand Prix,Audi,BOR,51,12,HARD,19,32.917,36.526,26.3,95.743
4,Miami Grand Prix,Audi,BOR,52,12,HARD,20,33.624,35.369,25.758,94.751
4,Miami Grand Prix,Audi,BOR,53,12,HARD,21,32.707,35.332,25.815,93.854
4,Miami Grand Prix,Audi,BOR,54,12,HARD,22,32.656,35.259,25.811,93.726
4,Miami Grand Prix,Audi,BOR,55,12,HARD,23,32.653,35.061,25.786,93.5
4,Miami Grand Prix,Audi,BOR,56,12,HARD,24,32.882,35.313,25.893,94.088
4,Miami Grand Prix,Williams,SAI,1,11,MEDIUM,1,,36.562,27.239,105.235
4,Miami Grand Prix,Williams,SAI,2,12,MEDIUM,2,34.802,35.03,26.057,95.889
4,Miami Grand Prix,Williams,SAI,3,12,MEDIUM,3,34.279,35.056,25.96,95.295
4,Miami Grand Prix,Williams,SAI,4,12,MEDIUM,4,34.167,34.955,25.722,94.844
4,Miami Grand Prix,Williams,SAI,5,10,MEDIUM,5,34.299,35.643,26.739,96.681
4,Miami Grand Prix,Williams,SAI,6,10,MEDIUM,6,43.913,47.461,42.927,134.301
4,Miami Grand Prix,Williams,SAI,7,9,MEDIUM,7,37.028,49.207,42.189,128.424
4,Miami Grand Prix,Williams,SAI,8,9,MEDIUM,8,46.192,57.307,41.159,144.658
4,Miami Grand Prix,Williams,SAI,9,9,MEDIUM,9,44.337,57.019,41.934,143.29
4,Miami Grand Prix,Williams,SAI,10,9,MEDIUM,10,47.092,57.138,36.009,140.239
4,Miami Grand Prix,Williams,SAI,11,9,MEDIUM,11,46.368,46.694,51.301,144.363
4,Miami Grand Prix,Williams,SAI,12,9,MEDIUM,12,33.837,35.506,25.818,95.161
4,Miami Grand Prix,Williams,SAI,13,9,MEDIUM,13,33.952,35.201,25.731,94.884
4,Miami Grand Prix,Williams,SAI,14,9,MEDIUM,14,33.339,34.981,25.658,93.978
4,Miami Grand Prix,Williams,SAI,15,8,MEDIUM,15,33.518,34.855,25.85,94.223
4,Miami Grand Prix,Williams,SAI,16,8,MEDIUM,16,33.601,35.206,25.96,94.767
4,Miami Grand Prix,Williams,SAI,17,8,MEDIUM,17,33.444,35.308,26.067,94.819
4,Miami Grand Prix,Williams,SAI,18,9,MEDIUM,18,34.208,35.321,25.934,95.463
4,Miami Grand Prix,Williams,SAI,19,9,MEDIUM,19,33.519,35.3,25.954,94.773
4,Miami Grand Prix,Williams,SAI,20,9,MEDIUM,20,33.525,35.315,25.96,94.8
4,Miami Grand Prix,Williams,SAI,21,8,MEDIUM,21,33.466,35.401,26.101,94.968
4,Miami Grand Prix,Williams,SAI,22,7,MEDIUM,22,33.346,35.241,26.014,94.601
4,Miami Grand Prix,Williams,SAI,23,7,MEDIUM,23,33.307,35.237,26.107,94.651
4,Miami Grand Prix,Williams,SAI,24,7,MEDIUM,24,33.253,35.284,26.087,94.624
4,Miami Grand Prix,Williams,SAI,25,7,MEDIUM,25,33.334,35.903,26.06,95.297
4,Miami Grand Prix,Williams,SAI,26,9,MEDIUM,26,33.381,36.239,26.516,96.136
4,Miami Grand Prix,Williams,SAI,27,9,MEDIUM,27,33.668,35.249,25.925,94.842
4,Miami Grand Prix,Williams,SAI,28,9,MEDIUM,28,33.553,35.338,30.969,99.86
4,Miami Grand Prix,Williams,SAI,29,11,HARD,1,48.32,34.474,25.74,108.534
4,Miami Grand Prix,Williams,SAI,30,11,HARD,2,32.706,34.713,25.607,93.026
4,Miami Grand Prix,Williams,SAI,31,11,HARD,3,32.807,34.819,25.685,93.311
4,Miami Grand Prix,Williams,SAI,32,9,HARD,4,33.028,34.886,25.823,93.737
4,Miami Grand Prix,Williams,SAI,33,9,HARD,5,32.983,34.738,25.826,93.547
4,Miami Grand Prix,Williams,SAI,34,9,HARD,6,32.919,35.205,25.918,94.042
4,Miami Grand Prix,Williams,SAI,35,9,HARD,7,32.789,35.303,25.876,93.968
4,Miami Grand Prix,Williams,SAI,36,9,HARD,8,32.821,35.152,25.845,93.818
4,Miami Grand Prix,Williams,SAI,37,9,HARD,9,32.907,35.259,25.916,94.082
4,Miami Grand Prix,Williams,SAI,38,9,HARD,10,33.089,35.232,25.916,94.237
4,Miami Grand Prix,Williams,SAI,39,9,HARD,11,33.097,35.183,25.954,94.234
4,Miami Grand Prix,Williams,SAI,40,9,HARD,12,33.087,35.018,25.883,93.988
4,Miami Grand Prix,Williams,SAI,41,9,HARD,13,33.181,35.204,25.93,94.315
4,Miami Grand Prix,Williams,SAI,42,9,HARD,14,33.046,35.349,25.999,94.394
4,Miami Grand Prix,Williams,SAI,43,9,HARD,15,33.051,35.254,25.936,94.241
4,Miami Grand Prix,Williams,SAI,44,9,HARD,16,32.919,34.999,25.948,93.866
4,Miami Grand Prix,Williams,SAI,45,9,HARD,17,33.018,35.061,25.967,94.046
4,Miami Grand Prix,Williams,SAI,46,9,HARD,18,33.012,35.133,25.925,94.07
4,Miami Grand Prix,Williams,SAI,47,9,HARD,19,32.969,35.085,25.924,93.978
4,Miami Grand Prix,Williams,SAI,48,9,HARD,20,32.957,35.209,25.838,94.004
4,Miami Grand Prix,Williams,SAI,49,9,HARD,21,32.875,35.208,25.897,93.98
4,Miami Grand Prix,Williams,SAI,50,9,HARD,22,32.934,35.121,25.838,93.893
4,Miami Grand Prix,Williams,SAI,51,9,HARD,23,33.144,35.195,25.763,94.102
4,Miami Grand Prix,Williams,SAI,52,9,HARD,24,33.03,35.313,25.829,94.172
4,Miami Grand Prix,Williams,SAI,53,9,HARD,25,32.995,35.256,25.738,93.989
4,Miami Grand Prix,Williams,SAI,54,9,HARD,26,33.02,35.1,25.738,93.858
4,Miami Grand Prix,Williams,SAI,55,9,HARD,27,33.05,35.202,25.699,93.951
4,Miami Grand Prix,Williams,SAI,56,9,HARD,28,33.202,35.225,25.914,94.341
4,Miami Grand Prix,Williams,SAI,57,9,HARD,29,33.396,35.308,25.851,94.555
4,Miami Grand Prix,Red Bull Racing,HAD,1,19,HARD,1,,38.922,25.914,109.627
4,Miami Grand Prix,Red Bull Racing,HAD,2,18,HARD,2,33.998,36.071,25.999,96.068
4,Miami Grand Prix,Red Bull Racing,HAD,3,16,HARD,3,33.917,35.496,25.775,95.188
4,Miami Grand Prix,Red Bull Racing,HAD,4,16,HARD,4,33.538,35.375,25.92,94.833
4,Miami Grand Prix,Red Bull Racing,HAD,5,,HARD,5,,,,
4,Miami Grand Prix,Mercedes,RUS,1,5,MEDIUM,1,,34.73,25.557,99.258
4,Miami Grand Prix,Mercedes,RUS,2,5,MEDIUM,2,33.022,34.637,25.535,93.194
4,Miami Grand Prix,Mercedes,RUS,3,4,MEDIUM,3,32.852,34.905,25.817,93.574
4,Miami Grand Prix,Mercedes,RUS,4,4,MEDIUM,4,32.893,34.913,26.067,93.873
4,Miami Grand Prix,Mercedes,RUS,5,4,MEDIUM,5,32.666,35.055,26.116,93.837
4,Miami Grand Prix,Mercedes,RUS,6,4,MEDIUM,6,42.079,50.039,38.81,130.928
4,Miami Grand Prix,Mercedes,RUS,7,4,MEDIUM,7,41.531,55.3,40.653,137.484
4,Miami Grand Prix,Mercedes,RUS,8,4,MEDIUM,8,50.101,55.634,37.215,142.95
4,Miami Grand Prix,Mercedes,RUS,9,4,MEDIUM,9,48.471,56.496,42.478,147.445
4,Miami Grand Prix,Mercedes,RUS,10,4,MEDIUM,10,48.656,56.276,33.461,138.393
4,Miami Grand Prix,Mercedes,RUS,11,4,MEDIUM,11,49.351,47.238,53.369,149.958
4,Miami Grand Prix,Mercedes,RUS,12,5,MEDIUM,12,34.169,34.829,25.953,94.951
4,Miami Grand Prix,Mercedes,RUS,13,5,MEDIUM,13,32.744,35.089,25.75,93.583
4,Miami Grand Prix,Mercedes,RUS,14,5,MEDIUM,14,32.804,35.067,25.947,93.818
4,Miami Grand Prix,Mercedes,RUS,15,5,MEDIUM,15,32.665,35.069,25.761,93.495
4,Miami Grand Prix,Mercedes,RUS,16,5,MEDIUM,16,32.708,34.962,25.895,93.565
4,Miami Grand Prix,Mercedes,RUS,17,5,MEDIUM,17,32.802,35.385,25.803,93.99
4,Miami Grand Prix,Mercedes,RUS,18,5,MEDIUM,18,33.056,35.137,25.865,94.058
4,Miami Grand Prix,Mercedes,RUS,19,5,MEDIUM,19,32.939,35.158,25.776,93.873
4,Miami Grand Prix,Mercedes,RUS,20,6,MEDIUM,20,32.987,35.077,31.05,99.114
4,Miami Grand Prix,Mercedes,RUS,21,12,HARD,1,46.129,34.405,25.439,105.973
4,Miami Grand Prix,Mercedes,RUS,22,10,HARD,2,32.687,34.455,25.494,92.636
4,Miami Grand Prix,Mercedes,RUS,23,9,HARD,3,32.843,35.148,25.761,93.752
4,Miami Grand Prix,Mercedes,RUS,24,8,HARD,4,33.614,35.004,25.745,94.363
4,Miami Grand Prix,Mercedes,RUS,25,8,HARD,5,32.511,35.007,25.551,93.069
4,Miami Grand Prix,Mercedes,RUS,26,7,HARD,6,32.833,34.695,25.895,93.423
4,Miami Grand Prix,Mercedes,RUS,27,7,HARD,7,32.599,34.749,25.857,93.205
4,Miami Grand Prix,Mercedes,RUS,28,6,HARD,8,32.441,34.633,25.883,92.957
4,Miami Grand Prix,Mercedes,RUS,29,5,HARD,9,32.525,34.607,25.774,92.906
4,Miami Grand Prix,Mercedes,RUS,30,5,HARD,10,33.013,34.85,25.776,93.639
4,Miami Grand Prix,Mercedes,RUS,31,5,HARD,11,33.604,34.783,25.847,94.234
4,Miami Grand Prix,Mercedes,RUS,32,5,HARD,12,33.032,34.492,25.802,93.326
4,Miami Grand Prix,Mercedes,RUS,33,5,HARD,13,33.039,34.82,25.688,93.547
4,Miami Grand Prix,Mercedes,RUS,34,5,HARD,14,33.083,34.937,26.31,94.33
4,Miami Grand Prix,Mercedes,RUS,35,6,HARD,15,33.681,34.827,26.444,94.952
4,Miami Grand Prix,Mercedes,RUS,36,6,HARD,16,32.909,35.094,25.719,93.722
4,Miami Grand Prix,Mercedes,RUS,37,6,HARD,17,32.78,34.87,25.553,93.203
4,Miami Grand Prix,Mercedes,RUS,38,6,HARD,18,32.689,34.943,25.605,93.237
4,Miami Grand Prix,Mercedes,RUS,39,6,HARD,19,32.38,34.876,25.721,92.977
4,Miami Grand Prix,Mercedes,RUS,40,6,HARD,20,32.518,35.03,25.629,93.177
4,Miami Grand Prix,Mercedes,RUS,41,6,HARD,21,32.517,34.805,25.576,92.898
4,Miami Grand Prix,Mercedes,RUS,42,6,HARD,22,32.502,34.916,25.78,93.198
4,Miami Grand Prix,Mercedes,RUS,43,6,HARD,23,32.571,35.038,25.684,93.293
4,Miami Grand Prix,Mercedes,RUS,44,6,HARD,24,32.575,35.405,25.767,93.747
4,Miami Grand Prix,Mercedes,RUS,45,6,HARD,25,32.51,34.887,25.673,93.07
4,Miami Grand Prix,Mercedes,RUS,46,6,HARD,26,32.508,34.979,25.815,93.302
4,Miami Grand Prix,Mercedes,RUS,47,6,HARD,27,32.491,35.063,25.707,93.261
4,Miami Grand Prix,Mercedes,RUS,48,6,HARD,28,32.603,34.938,25.731,93.272
4,Miami Grand Prix,Mercedes,RUS,49,6,HARD,29,32.328,34.767,25.646,92.741
4,Miami Grand Prix,Mercedes,RUS,50,6,HARD,30,32.411,34.709,25.581,92.701
4,Miami Grand Prix,Mercedes,RUS,51,6,HARD,31,32.364,34.92,25.523,92.807
4,Miami Grand Prix,Mercedes,RUS,52,6,HARD,32,32.334,35.1,25.443,92.877
4,Miami Grand Prix,Mercedes,RUS,53,6,HARD,33,32.127,34.89,25.429,92.446
4,Miami Grand Prix,Mercedes,RUS,54,6,HARD,34,32.84,35.12,25.85,93.81
4,Miami Grand Prix,Mercedes,RUS,55,6,HARD,35,33.883,35.665,26.655,96.203
4,Miami Grand Prix,Mercedes,RUS,56,5,HARD,36,33.226,35.525,25.436,94.187
4,Miami Grand Prix,Mercedes,RUS,57,4,HARD,37,32.86,35.629,26.053,94.542
4,Miami Grand Prix,Cadillac,BOT,1,21,MEDIUM,1,,39.11,26.234,110.494
4,Miami Grand Prix,Cadillac,BOT,2,21,MEDIUM,2,34.971,35.873,25.944,96.788
4,Miami Grand Prix,Cadillac,BOT,3,21,MEDIUM,3,34.59,36.087,25.93,96.607
4,Miami Grand Prix,Cadillac,BOT,4,21,MEDIUM,4,34.585,36.051,25.981,96.617
4,Miami Grand Prix,Cadillac,BOT,5,18,MEDIUM,5,34.423,36.772,31.447,102.642
4,Miami Grand Prix,Cadillac,BOT,6,18,MEDIUM,6,44.266,51.216,41.847,137.329
4,Miami Grand Prix,Cadillac,BOT,7,18,SOFT,1,51.346,41.493,35.861,128.7
4,Miami Grand Prix,Cadillac,BOT,8,18,SOFT,2,38.863,59.037,42.242,140.142
4,Miami Grand Prix,Cadillac,BOT,9,18,SOFT,3,40.627,63.467,39.759,143.853
4,Miami Grand Prix,Cadillac,BOT,10,18,SOFT,4,42.34,61.164,34.614,138.118
4,Miami Grand Prix,Cadillac,BOT,11,18,SOFT,5,44.735,46.705,45.38,136.82
4,Miami Grand Prix,Cadillac,BOT,12,18,SOFT,6,34.192,36.154,26.073,96.419
4,Miami Grand Prix,Cadillac,BOT,13,18,SOFT,7,34.593,36.087,25.93,96.61
4,Miami Grand Prix,Cadillac,BOT,14,18,SOFT,8,34.514,35.922,25.89,96.326
4,Miami Grand Prix,Cadillac,BOT,15,16,SOFT,9,34.098,36.047,26.21,96.355
4,Miami Grand Prix,Cadillac,BOT,16,16,SOFT,10,33.755,36.117,26.208,96.08
4,Miami Grand Prix,Cadillac,BOT,17,16,SOFT,11,34.034,36.35,26.382,96.766
4,Miami Grand Prix,Cadillac,BOT,18,16,SOFT,12,34.158,36.205,26.356,96.719
4,Miami Grand Prix,Cadillac,BOT,19,16,SOFT,13,34.268,36.289,26.345,96.902
4,Miami Grand Prix,Cadillac,BOT,20,17,SOFT,14,34.36,37.279,26.265,97.904
4,Miami Grand Prix,Cadillac,BOT,21,17,SOFT,15,34.603,36.586,31.608,102.797
4,Miami Grand Prix,Cadillac,BOT,22,17,MEDIUM,1,49.751,35.662,26.235,111.648
4,Miami Grand Prix,Cadillac,BOT,23,18,MEDIUM,2,33.355,36.158,26.862,96.375
4,Miami Grand Prix,Cadillac,BOT,24,18,MEDIUM,3,34.355,36.669,26.424,97.448
4,Miami Grand Prix,Cadillac,BOT,25,18,MEDIUM,4,34.11,36.163,26.176,96.449
4,Miami Grand Prix,Cadillac,BOT,26,18,MEDIUM,5,34.133,35.972,26.157,96.262
4,Miami Grand Prix,Cadillac,BOT,27,18,MEDIUM,6,34.104,36.107,26.36,96.571
4,Miami Grand Prix,Cadillac,BOT,28,18,MEDIUM,7,34.098,36.198,26.353,96.649
4,Miami Grand Prix,Cadillac,BOT,29,18,MEDIUM,8,33.985,36.161,26.335,96.481
4,Miami Grand Prix,Cadillac,BOT,30,18,MEDIUM,9,34.192,36.379,32.013,102.584
4,Miami Grand Prix,Cadillac,BOT,31,18,MEDIUM,10,46.409,36.03,26.34,108.779
4,Miami Grand Prix,Cadillac,BOT,32,18,MEDIUM,11,34.25,37.357,28.136,99.743
4,Miami Grand Prix,Cadillac,BOT,33,18,MEDIUM,12,34.721,36.209,26.757,97.687
4,Miami Grand Prix,Cadillac,BOT,34,18,MEDIUM,13,35.174,36.464,26.219,97.857
4,Miami Grand Prix,Cadillac,BOT,35,18,MEDIUM,14,34.373,36.342,26.399,97.114
4,Miami Grand Prix,Cadillac,BOT,36,18,MEDIUM,15,34.391,37.967,26.304,98.662
4,Miami Grand Prix,Cadillac,BOT,37,18,MEDIUM,16,34.727,36.831,26.522,98.08
4,Miami Grand Prix,Cadillac,BOT,38,18,MEDIUM,17,34.528,36.701,26.53,97.759
4,Miami Grand Prix,Cadillac,BOT,39,18,MEDIUM,18,35.711,36.834,26.688,99.233
4,Miami Grand Prix,Cadillac,BOT,40,18,MEDIUM,19,37.314,36.502,26.379,100.195
4,Miami Grand Prix,Cadillac,BOT,41,18,MEDIUM,20,34.669,36.747,26.439,97.855
4,Miami Grand Prix,Cadillac,BOT,42,18,MEDIUM,21,34.569,39.095,26.459,100.123
4,Miami Grand Prix,Cadillac,BOT,43,18,MEDIUM,22,34.73,36.503,26.408,97.641
4,Miami Grand Prix,Cadillac,BOT,44,18,MEDIUM,23,34.689,36.544,26.647,97.88
4,Miami Grand Prix,Cadillac,BOT,45,18,MEDIUM,24,34.68,39.534,26.441,100.655
4,Miami Grand Prix,Cadillac,BOT,46,18,MEDIUM,25,34.535,36.917,27.553,99.005
4,Miami Grand Prix,Cadillac,BOT,47,18,MEDIUM,26,34.913,36.44,26.354,97.707
4,Miami Grand Prix,Cadillac,BOT,48,18,MEDIUM,27,34.668,36.515,26.919,98.102
4,Miami Grand Prix,Cadillac,BOT,49,18,MEDIUM,28,36.954,38.619,26.691,102.264
4,Miami Grand Prix,Cadillac,BOT,50,18,MEDIUM,29,35.406,36.595,26.369,98.37
4,Miami Grand Prix,Cadillac,BOT,51,18,MEDIUM,30,34.276,36.62,26.387,97.283
4,Miami Grand Prix,Cadillac,BOT,52,18,MEDIUM,31,36.186,36.589,26.403,99.178
4,Miami Grand Prix,Cadillac,BOT,53,18,MEDIUM,32,34.511,36.462,26.349,97.322
4,Miami Grand Prix,Cadillac,BOT,54,18,MEDIUM,33,34.248,36.415,26.932,97.595
4,Miami Grand Prix,Cadillac,BOT,55,18,MEDIUM,34,36.528,36.971,26.485,99.984
4,Miami Grand Prix,McLaren,PIA,1,4,MEDIUM,1,,34.706,25.632,98.7
4,Miami Grand Prix,McLaren,PIA,2,4,MEDIUM,2,32.905,34.639,25.981,93.525
4,Miami Grand Prix,McLaren,PIA,3,5,MEDIUM,3,33.666,34.945,25.753,94.364
4,Miami Grand Prix,McLaren,PIA,4,5,MEDIUM,4,33.29,34.946,25.853,94.089
4,Miami Grand Prix,McLaren,PIA,5,5,MEDIUM,5,32.972,35.003,25.516,93.491
4,Miami Grand Prix,McLaren,PIA,6,5,MEDIUM,6,42.587,51.84,37.48,131.907
4,Miami Grand Prix,McLaren,PIA,7,5,MEDIUM,7,40.925,55.651,40.738,137.314
4,Miami Grand Prix,McLaren,PIA,8,5,MEDIUM,8,49.504,56.192,37.934,143.63
4,Miami Grand Prix,McLaren,PIA,9,5,MEDIUM,9,47.453,57.423,42.5,147.376
4,Miami Grand Prix,McLaren,PIA,10,5,MEDIUM,10,47.889,56.288,34.358,138.535
4,Miami Grand Prix,McLaren,PIA,11,5,MEDIUM,11,48.402,47.036,52.97,148.408
4,Miami Grand Prix,McLaren,PIA,12,4,MEDIUM,12,32.973,34.946,25.599,93.518
4,Miami Grand Prix,McLaren,PIA,13,4,MEDIUM,13,32.81,34.989,25.664,93.463
4,Miami Grand Prix,McLaren,PIA,14,4,MEDIUM,14,32.598,34.938,25.684,93.22
4,Miami Grand Prix,McLaren,PIA,15,4,MEDIUM,15,32.717,35.101,25.679,93.497
4,Miami Grand Prix,McLaren,PIA,16,4,MEDIUM,16,32.911,35.104,25.729,93.744
4,Miami Grand Prix,McLaren,PIA,17,4,MEDIUM,17,32.832,35.996,25.753,94.581
4,Miami Grand Prix,McLaren,PIA,18,4,MEDIUM,18,33.104,35.169,25.74,94.013
4,Miami Grand Prix,McLaren,PIA,19,4,MEDIUM,19,32.829,35.179,25.71,93.718
4,Miami Grand Prix,McLaren,PIA,20,4,MEDIUM,20,32.812,35.122,25.543,93.477
4,Miami Grand Prix,McLaren,PIA,21,3,MEDIUM,21,32.751,35.036,25.754,93.541
4,Miami Grand Prix,McLaren,PIA,22,3,MEDIUM,22,32.708,35.309,25.857,93.874
4,Miami Grand Prix,McLaren,PIA,23,3,MEDIUM,23,32.636,35.224,25.97,93.83
4,Miami Grand Prix,McLaren,PIA,24,3,MEDIUM,24,32.652,35.072,25.916,93.64
4,Miami Grand Prix,McLaren,PIA,25,3,MEDIUM,25,32.841,35.826,25.884,94.551
4,Miami Grand Prix,McLaren,PIA,26,3,MEDIUM,26,32.838,35.349,25.884,94.071
4,Miami Grand Prix,McLaren,PIA,27,2,MEDIUM,27,32.71,35.273,25.967,93.95
4,Miami Grand Prix,McLaren,PIA,28,4,MEDIUM,28,32.765,35.098,31.128,98.991
4,Miami Grand Prix,McLaren,PIA,29,7,HARD,1,47.324,34.434,25.736,107.494
4,Miami Grand Prix,McLaren,PIA,30,7,HARD,2,31.898,34.519,25.532,91.949
4,Miami Grand Prix,McLaren,PIA,31,6,HARD,3,32.073,34.83,25.536,92.439
4,Miami Grand Prix,McLaren,PIA,32,6,HARD,4,32.236,34.709,25.453,92.398
4,Miami Grand Prix,McLaren,PIA,33,6,HARD,5,33.037,34.837,25.446,93.32
4,Miami Grand Prix,McLaren,PIA,34,6,HARD,6,33.241,35.074,25.902,94.217
4,Miami Grand Prix,McLaren,PIA,35,5,HARD,7,32.687,36.21,25.36,94.257
4,Miami Grand Prix,McLaren,PIA,36,5,HARD,8,32.403,35.299,25.566,93.268
4,Miami Grand Prix,McLaren,PIA,37,5,HARD,9,32.187,35.011,25.638,92.836
4,Miami Grand Prix,McLaren,PIA,38,5,HARD,10,32.19,34.863,25.497,92.55
4,Miami Grand Prix,McLaren,PIA,39,5,HARD,11,32.04,35.02,25.533,92.593
4,Miami Grand Prix,McLaren,PIA,40,5,HARD,12,32.056,34.846,25.622,92.524
4,Miami Grand Prix,McLaren,PIA,41,5,HARD,13,32.305,34.873,25.622,92.8
4,Miami Grand Prix,McLaren,PIA,42,5,HARD,14,32.163,34.908,25.593,92.664
4,Miami Grand Prix,McLaren,PIA,43,5,HARD,15,32.384,34.8,25.654,92.838
4,Miami Grand Prix,McLaren,PIA,44,5,HARD,16,32.152,34.994,25.638,92.784
4,Miami Grand Prix,McLaren,PIA,45,5,HARD,17,32.012,34.817,25.469,92.298
4,Miami Grand Prix,McLaren,PIA,46,5,HARD,18,32.078,34.855,25.563,92.496
4,Miami Grand Prix,McLaren,PIA,47,5,HARD,19,32.306,34.882,25.422,92.61
4,Miami Grand Prix,McLaren,PIA,48,4,HARD,20,32.872,35.18,25.526,93.578
4,Miami Grand Prix,McLaren,PIA,49,4,HARD,21,32.304,34.912,25.543,92.759
4,Miami Grand Prix,McLaren,PIA,50,4,HARD,22,32.073,34.649,25.703,92.425
4,Miami Grand Prix,McLaren,PIA,51,4,HARD,23,32.095,34.769,25.552,92.416
4,Miami Grand Prix,McLaren,PIA,52,4,HARD,24,32.186,34.83,25.433,92.449
4,Miami Grand Prix,McLaren,PIA,53,4,HARD,25,32.094,34.772,25.354,92.22
4,Miami Grand Prix,McLaren,PIA,54,4,HARD,26,32.078,34.575,25.333,91.986
4,Miami Grand Prix,McLaren,PIA,55,4,HARD,27,32.27,34.974,25.452,92.696
4,Miami Grand Prix,McLaren,PIA,56,3,HARD,28,32.448,35.285,25.513,93.246
4,Miami Grand Prix,McLaren,PIA,57,3,HARD,29,32.345,35.237,25.655,93.237
4,Miami Grand Prix,Haas F1 Team,BEA,1,14,MEDIUM,1,,37.513,25.825,105.758
4,Miami Grand Prix,Haas F1 Team,BEA,2,13,MEDIUM,2,34.8,35.808,26.338,96.946
4,Miami Grand Prix,Haas F1 Team,BEA,3,13,MEDIUM,3,33.577,35.332,25.983,94.892
4,Miami Grand Prix,Haas F1 Team,BEA,4,13,MEDIUM,4,33.759,35.26,26.022,95.041
4,Miami Grand Prix,Haas F1 Team,BEA,5,11,MEDIUM,5,33.608,35.698,26.49,95.796
4,Miami Grand Prix,Haas F1 Team,BEA,6,11,MEDIUM,6,44.924,48.134,41.817,134.875
4,Miami Grand Prix,Haas F1 Team,BEA,7,10,MEDIUM,7,37.359,48.33,43.668,129.357
4,Miami Grand Prix,Haas F1 Team,BEA,8,10,MEDIUM,8,44.754,57.993,40.646,143.393
4,Miami Grand Prix,Haas F1 Team,BEA,9,10,MEDIUM,9,44.407,57.49,41.404,143.301
4,Miami Grand Prix,Haas F1 Team,BEA,10,10,MEDIUM,10,47.051,57.473,35.262,139.786
4,Miami Grand Prix,Haas F1 Team,BEA,11,10,MEDIUM,11,46.78,46.559,51.315,144.654
4,Miami Grand Prix,Haas F1 Team,BEA,12,10,MEDIUM,12,33.8,35.516,25.953,95.269
4,Miami Grand Prix,Haas F1 Team,BEA,13,10,MEDIUM,13,33.863,35.306,25.863,95.032
4,Miami Grand Prix,Haas F1 Team,BEA,14,10,MEDIUM,14,33.448,35.231,25.938,94.617
4,Miami Grand Prix,Haas F1 Team,BEA,15,11,MEDIUM,15,33.344,35.524,26.243,95.111
4,Miami Grand Prix,Haas F1 Team,BEA,16,11,MEDIUM,16,33.807,35.205,25.864,94.876
4,Miami Grand Prix,Haas F1 Team,BEA,17,11,MEDIUM,17,33.871,35.451,25.885,95.207
4,Miami Grand Prix,Haas F1 Team,BEA,18,11,MEDIUM,18,33.831,35.47,25.875,95.176
4,Miami Grand Prix,Haas F1 Team,BEA,19,11,MEDIUM,19,33.796,35.436,25.865,95.097
4,Miami Grand Prix,Haas F1 Team,BEA,20,11,MEDIUM,20,33.822,35.439,25.844,95.105
4,Miami Grand Prix,Haas F1 Team,BEA,21,10,MEDIUM,21,33.966,35.486,25.819,95.271
4,Miami Grand Prix,Haas F1 Team,BEA,22,9,MEDIUM,22,33.677,35.312,25.982,94.971
4,Miami Grand Prix,Haas F1 Team,BEA,23,11,MEDIUM,23,34.154,36.188,26.187,96.529
4,Miami Grand Prix,Haas F1 Team,BEA,24,11,MEDIUM,24,33.767,35.307,26.033,95.107
4,Miami Grand Prix,Haas F1 Team,BEA,25,11,MEDIUM,25,33.495,35.506,26.014,95.015
4,Miami Grand Prix,Haas F1 Team,BEA,26,12,MEDIUM,26,33.414,35.395,30.879,99.688
4,Miami Grand Prix,Haas F1 Team,BEA,27,14,HARD,1,48.026,34.724,25.784,108.534
4,Miami Grand Prix,Haas F1 Team,BEA,28,13,HARD,2,33.077,34.875,25.792,93.744
4,Miami Grand Prix,Haas F1 Team,BEA,29,13,HARD,3,33.097,35.258,25.706,94.061
4,Miami Grand Prix,Haas F1 Team,BEA,30,13,HARD,4,33.077,35.033,25.731,93.841
4,Miami Grand Prix,Haas F1 Team,BEA,31,13,HARD,5,32.994,35.181,25.91,94.085
4,Miami Grand Prix,Haas F1 Team,BEA,32,11,HARD,6,33.116,35.182,25.804,94.102
4,Miami Grand Prix,Haas F1 Team,BEA,33,11,HARD,7,33.002,35.096,25.769,93.867
4,Miami Grand Prix,Haas F1 Team,BEA,34,11,HARD,8,33.235,35.289,25.779,94.303
4,Miami Grand Prix,Haas F1 Team,BEA,35,11,HARD,9,33.156,35.34,25.702,94.198
4,Miami Grand Prix,Haas F1 Team,BEA,36,11,HARD,10,33.182,35.358,25.733,94.273
4,Miami Grand Prix,Haas F1 Team,BEA,37,11,HARD,11,33.187,35.291,25.767,94.245
4,Miami Grand Prix,Haas F1 Team,BEA,38,11,HARD,12,33.376,35.225,25.768,94.369
4,Miami Grand Prix,Haas F1 Team,BEA,39,11,HARD,13,33.383,35.163,25.857,94.403
4,Miami Grand Prix,Haas F1 Team,BEA,40,11,HARD,14,33.441,35.17,25.748,94.359
4,Miami Grand Prix,Haas F1 Team,BEA,41,11,HARD,15,33.491,35.262,25.691,94.444
4,Miami Grand Prix,Haas F1 Team,BEA,42,11,HARD,16,33.396,35.257,25.755,94.408
4,Miami Grand Prix,Haas F1 Team,BEA,43,11,HARD,17,33.431,35.467,25.981,94.879
4,Miami Grand Prix,Haas F1 Team,BEA,44,11,HARD,18,33.342,35.301,25.839,94.482
4,Miami Grand Prix,Haas F1 Team,BEA,45,11,HARD,19,33.221,35.44,25.927,94.588
4,Miami Grand Prix,Haas F1 Team,BEA,46,11,HARD,20,33.212,35.318,25.823,94.353
4,Miami Grand Prix,Haas F1 Team,BEA,47,11,HARD,21,34.937,36.353,26.245,97.535
4,Miami Grand Prix,Haas F1 Team,BEA,48,11,HARD,22,33.345,35.384,26.024,94.753
4,Miami Grand Prix,Haas F1 Team,BEA,49,11,HARD,23,33.094,35.303,25.945,94.342
4,Miami Grand Prix,Haas F1 Team,BEA,50,11,HARD,24,33.156,35.168,25.963,94.287
4,Miami Grand Prix,Haas F1 Team,BEA,51,11,HARD,25,33.134,35.359,25.954,94.447
4,Miami Grand Prix,Haas F1 Team,BEA,52,11,HARD,26,33.114,35.561,26.045,94.72
4,Miami Grand Prix,Haas F1 Team,BEA,53,11,HARD,27,33.07,35.39,25.896,94.356
4,Miami Grand Prix,Haas F1 Team,BEA,54,11,HARD,28,32.943,36.504,25.968,95.415
4,Miami Grand Prix,Haas F1 Team,BEA,55,11,HARD,29,34.829,35.118,25.949,95.896
4,Miami Grand Prix,Haas F1 Team,BEA,56,11,HARD,30,33.153,35.399,25.962,94.514
5,Canadian Grand Prix,McLaren,NOR,1,1,INTERMEDIATE,1,,26.091,32.008,86.181
5,Canadian Grand Prix,McLaren,NOR,2,13,INTERMEDIATE,2,23.565,26.304,47.905,97.774
5,Canadian Grand Prix,McLaren,NOR,3,14,MEDIUM,1,26.055,25.903,32.117,84.075
5,Canadian Grand Prix,McLaren,NOR,4,14,MEDIUM,2,24.684,25.667,30.819,81.17
5,Canadian Grand Prix,McLaren,NOR,5,14,MEDIUM,3,22.558,25.085,30.96,78.603
5,Canadian Grand Prix,McLaren,NOR,6,14,MEDIUM,4,22.674,25.181,31.488,79.343
5,Canadian Grand Prix,McLaren,NOR,7,13,MEDIUM,5,22.5,24.805,30.774,78.079
5,Canadian Grand Prix,McLaren,NOR,8,11,MEDIUM,6,22.487,24.992,30.548,78.027
5,Canadian Grand Prix,McLaren,NOR,9,11,MEDIUM,7,22.114,24.496,30.496,77.106
5,Canadian Grand Prix,McLaren,NOR,10,11,MEDIUM,8,22.097,24.661,30.468,77.226
5,Canadian Grand Prix,McLaren,NOR,11,9,MEDIUM,9,22.395,24.55,30.988,77.933
5,Canadian Grand Prix,McLaren,NOR,12,9,MEDIUM,10,21.86,24.441,30.567,76.868
5,Canadian Grand Prix,McLaren,NOR,13,9,MEDIUM,11,21.985,24.424,31.271,77.68
5,Canadian Grand Prix,McLaren,NOR,14,9,MEDIUM,12,21.92,24.338,30.543,76.801
5,Canadian Grand Prix,McLaren,NOR,15,14,MEDIUM,13,21.758,24.505,52.573,98.836
5,Canadian Grand Prix,McLaren,NOR,16,14,MEDIUM,4,25.089,25.254,32.771,83.114
5,Canadian Grand Prix,McLaren,NOR,17,14,MEDIUM,5,22.256,24.461,30.489,77.206
5,Canadian Grand Prix,McLaren,NOR,18,13,MEDIUM,6,22.244,24.577,31.297,78.118
5,Canadian Grand Prix,McLaren,NOR,19,13,MEDIUM,7,22.038,24.307,30.532,76.877
5,Canadian Grand Prix,McLaren,NOR,20,12,MEDIUM,8,21.817,24.17,30.611,76.598
5,Canadian Grand Prix,McLaren,NOR,21,12,MEDIUM,9,21.805,24.375,30.794,76.974
5,Canadian Grand Prix,McLaren,NOR,22,12,MEDIUM,10,21.788,24.218,31.023,77.029
5,Canadian Grand Prix,McLaren,NOR,23,12,MEDIUM,11,24.004,24.233,30.814,79.051
5,Canadian Grand Prix,McLaren,NOR,24,12,MEDIUM,12,22.054,24.55,30.608,77.212
5,Canadian Grand Prix,McLaren,NOR,25,12,MEDIUM,13,22.022,24.401,30.269,76.692
5,Canadian Grand Prix,McLaren,NOR,26,12,MEDIUM,14,21.972,24.152,30.33,76.454
5,Canadian Grand Prix,McLaren,NOR,27,12,MEDIUM,15,21.786,24.13,30.271,76.187
5,Canadian Grand Prix,McLaren,NOR,28,12,MEDIUM,16,21.842,24.105,30.222,76.169
5,Canadian Grand Prix,McLaren,NOR,29,12,MEDIUM,17,21.718,24.242,30.278,76.238
5,Canadian Grand Prix,McLaren,NOR,30,9,MEDIUM,18,27.371,37.049,38.538,102.958
5,Canadian Grand Prix,McLaren,NOR,31,9,MEDIUM,19,28.338,37.245,38.096,103.679
5,Canadian Grand Prix,McLaren,NOR,32,9,MEDIUM,20,23.236,25.051,30.531,78.818
5,Canadian Grand Prix,McLaren,NOR,33,9,MEDIUM,21,21.821,24.244,30.449,76.514
5,Canadian Grand Prix,McLaren,NOR,34,9,MEDIUM,22,21.803,24.25,30.744,76.797
5,Canadian Grand Prix,McLaren,NOR,35,9,MEDIUM,23,21.73,24.465,30.419,76.614
5,Canadian Grand Prix,McLaren,NOR,36,8,MEDIUM,24,21.762,24.114,29.969,75.845
5,Canadian Grand Prix,McLaren,NOR,37,8,MEDIUM,25,21.619,24.21,30.532,76.361
5,Canadian Grand Prix,McLaren,NOR,38,8,MEDIUM,26,21.625,24.112,30.277,76.014
5,Canadian Grand Prix,McLaren,NOR,39,,MEDIUM,27,,,,
5,Canadian Grand Prix,Alpine,GAS,1,12,MEDIUM,1,,28.768,33.043,95.442
5,Canadian Grand Prix,Alpine,GAS,2,11,MEDIUM,2,26.933,26.924,32.365,86.222
5,Canadian Grand Prix,Alpine,GAS,3,11,MEDIUM,3,23.482,25.916,31.163,80.561
5,Canadian Grand Prix,Alpine,GAS,4,11,MEDIUM,4,23.174,25.563,32.2,80.937
5,Canadian Grand Prix,Alpine,GAS,5,11,MEDIUM,5,23.916,25.326,31.704,80.946
5,Canadian Grand Prix,Alpine,GAS,6,10,MEDIUM,6,22.861,25.642,31.276,79.779
5,Canadian Grand Prix,Alpine,GAS,7,10,MEDIUM,7,22.488,24.843,31.682,79.013
5,Canadian Grand Prix,Alpine,GAS,8,10,MEDIUM,8,22.618,24.909,30.942,78.469
5,Canadian Grand Prix,Alpine,GAS,9,10,MEDIUM,9,22.351,24.749,30.816,77.916
5,Canadian Grand Prix,Alpine,GAS,10,10,MEDIUM,10,22.434,24.529,30.827,77.79
5,Canadian Grand Prix,Alpine,GAS,11,10,MEDIUM,11,22.362,24.793,31.42,78.575
5,Canadian Grand Prix,Alpine,GAS,12,10,MEDIUM,12,22.757,24.776,31.486,79.019
5,Canadian Grand Prix,Alpine,GAS,13,10,MEDIUM,13,22.334,24.772,32.126,79.232
5,Canadian Grand Prix,Alpine,GAS,14,10,MEDIUM,14,22.341,24.801,30.871,78.013
5,Canadian Grand Prix,Alpine,GAS,15,9,MEDIUM,15,22.05,24.566,30.979,77.595
5,Canadian Grand Prix,Alpine,GAS,16,9,MEDIUM,16,22.102,24.543,30.924,77.569
5,Canadian Grand Prix,Alpine,GAS,17,9,MEDIUM,17,22.08,24.672,30.881,77.633
5,Canadian Grand Prix,Alpine,GAS,18,9,MEDIUM,18,22.106,24.552,30.798,77.456
5,Canadian Grand Prix,Alpine,GAS,19,9,MEDIUM,19,22.026,24.603,30.79,77.419
5,Canadian Grand Prix,Alpine,GAS,20,9,MEDIUM,20,22.024,24.609,30.874,77.507
5,Canadian Grand Prix,Alpine,GAS,21,9,MEDIUM,21,22.219,24.704,30.851,77.774
5,Canadian Grand Prix,Alpine,GAS,22,9,MEDIUM,22,22.118,24.573,30.741,77.432
5,Canadian Grand Prix,Alpine,GAS,23,9,MEDIUM,23,22.296,25.052,30.743,78.091
5,Canadian Grand Prix,Alpine,GAS,24,9,MEDIUM,24,21.978,24.641,30.673,77.292
5,Canadian Grand Prix,Alpine,GAS,25,9,MEDIUM,25,22.051,24.455,30.813,77.319
5,Canadian Grand Prix,Alpine,GAS,26,9,MEDIUM,26,21.977,24.432,30.689,77.098
5,Canadian Grand Prix,Alpine,GAS,27,9,MEDIUM,27,22.037,24.36,30.653,77.05
5,Canadian Grand Prix,Alpine,GAS,28,9,MEDIUM,28,21.862,24.45,30.669,76.981
5,Canadian Grand Prix,Alpine,GAS,29,9,MEDIUM,29,21.903,24.419,30.545,76.867
5,Canadian Grand Prix,Alpine,GAS,30,8,MEDIUM,30,21.915,37.796,53.022,112.733
5,Canadian Grand Prix,Alpine,GAS,31,8,HARD,1,31.349,36.353,37.034,104.736
5,Canadian Grand Prix,Alpine,GAS,32,8,HARD,2,24.548,25.222,30.934,80.704
5,Canadian Grand Prix,Alpine,GAS,33,8,HARD,3,22.565,24.687,30.865,78.117
5,Canadian Grand Prix,Alpine,GAS,34,8,HARD,4,22.162,24.8,30.507,77.469
5,Canadian Grand Prix,Alpine,GAS,35,8,HARD,5,22.203,24.574,30.612,77.389
5,Canadian Grand Prix,Alpine,GAS,36,9,HARD,6,21.854,24.38,30.999,77.233
5,Canadian Grand Prix,Alpine,GAS,37,9,HARD,7,21.962,24.589,30.371,76.922
5,Canadian Grand Prix,Alpine,GAS,38,9,HARD,8,22.104,26.081,30.724,78.909
5,Canadian Grand Prix,Alpine,GAS,39,8,HARD,9,21.931,24.254,30.65,76.835
5,Canadian Grand Prix,Alpine,GAS,40,8,HARD,10,21.767,24.26,30.558,76.585
5,Canadian Grand Prix,Alpine,GAS,41,8,HARD,11,21.623,24.312,30.46,76.395
5,Canadian Grand Prix,Alpine,GAS,42,8,HARD,12,21.68,24.132,30.433,76.245
5,Canadian Grand Prix,Alpine,GAS,43,8,HARD,13,21.763,24.209,30.247,76.219
5,Canadian Grand Prix,Alpine,GAS,44,8,HARD,14,21.867,25.493,30.499,77.859
5,Canadian Grand Prix,Alpine,GAS,45,8,HARD,15,22.172,33.697,37.611,93.48
5,Canadian Grand Prix,Alpine,GAS,46,8,HARD,16,21.934,24.36,30.594,76.888
5,Canadian Grand Prix,Alpine,GAS,47,8,HARD,17,21.807,24.167,32.392,78.366
5,Canadian Grand Prix,Alpine,GAS,48,8,HARD,18,21.844,24.31,31.435,77.589
5,Canadian Grand Prix,Alpine,GAS,49,8,HARD,19,21.902,24.253,30.531,76.686
5,Canadian Grand Prix,Alpine,GAS,50,8,HARD,20,21.722,24.175,30.168,76.065
5,Canadian Grand Prix,Alpine,GAS,51,8,HARD,21,21.631,24.082,35.832,81.545
5,Canadian Grand Prix,Alpine,GAS,52,8,HARD,22,28.542,32.5,42.768,103.81
5,Canadian Grand Prix,Alpine,GAS,53,8,HARD,23,26.047,25.09,30.487,81.624
5,Canadian Grand Prix,Alpine,GAS,54,8,HARD,24,21.777,24.308,30.281,76.366
5,Canadian Grand Prix,Alpine,GAS,55,8,HARD,25,21.687,24.094,30.082,75.863
5,Canadian Grand Prix,Alpine,GAS,56,8,HARD,26,21.602,24.125,30.134,75.861
5,Canadian Grand Prix,Alpine,GAS,57,8,HARD,27,21.613,24.144,30.028,75.785
5,Canadian Grand Prix,Alpine,GAS,58,8,HARD,28,21.573,24.106,30.304,75.983
5,Canadian Grand Prix,Alpine,GAS,59,8,HARD,29,21.72,24.109,29.923,75.752
5,Canadian Grand Prix,Alpine,GAS,60,8,HARD,30,21.565,24.123,30.239,75.927
5,Canadian Grand Prix,Alpine,GAS,61,8,HARD,31,21.642,24.171,30.082,75.895
5,Canadian Grand Prix,Alpine,GAS,62,8,HARD,32,21.595,24.05,30.476,76.121
5,Canadian Grand Prix,Alpine,GAS,63,8,HARD,33,21.691,24.053,30.077,75.821
5,Canadian Grand Prix,Alpine,GAS,64,8,HARD,34,21.77,24.235,30.848,76.853
5,Canadian Grand Prix,Alpine,GAS,65,8,HARD,35,22.708,24.458,31.307,78.473
5,Canadian Grand Prix,Alpine,GAS,66,8,HARD,36,21.781,25.051,30.008,76.84
5,Canadian Grand Prix,Alpine,GAS,67,8,HARD,37,21.458,24.076,29.856,75.39
5,Canadian Grand Prix,Cadillac,PER,1,17,INTERMEDIATE,1,,29.244,33.875,98.381
5,Canadian Grand Prix,Cadillac,PER,2,21,INTERMEDIATE,2,25.507,28.039,51.473,105.019
5,Canadian Grand Prix,Cadillac,PER,3,20,SOFT,1,27.703,27.271,32.144,87.118
5,Canadian Grand Prix,Cadillac,PER,4,20,SOFT,2,23.776,26.296,31.536,81.608
5,Canadian Grand Prix,Cadillac,PER,5,20,SOFT,3,22.979,25.402,31.72,80.101
5,Canadian Grand Prix,Cadillac,PER,6,20,SOFT,4,22.805,25.224,31.028,79.057
5,Canadian Grand Prix,Cadillac,PER,7,20,SOFT,5,22.639,25.159,30.923,78.721
5,Canadian Grand Prix,Cadillac,PER,8,20,SOFT,6,22.71,25.14,30.862,78.712
5,Canadian Grand Prix,Cadillac,PER,9,20,SOFT,7,22.794,25.276,31.016,79.086
5,Canadian Grand Prix,Cadillac,PER,10,20,SOFT,8,22.443,25.036,31.018,78.497
5,Canadian Grand Prix,Cadillac,PER,11,20,SOFT,9,22.542,25.179,30.842,78.563
5,Canadian Grand Prix,Cadillac,PER,12,18,SOFT,10,22.563,25.081,31.043,78.687
5,Canadian Grand Prix,Cadillac,PER,13,17,SOFT,11,22.759,25.361,31.151,79.271
5,Canadian Grand Prix,Cadillac,PER,14,17,SOFT,12,22.64,25.313,31.253,79.206
5,Canadian Grand Prix,Cadillac,PER,15,18,SOFT,13,22.417,25.115,48.649,96.181
5,Canadian Grand Prix,Cadillac,PER,16,18,MEDIUM,1,26.146,26.299,31.753,84.198
5,Canadian Grand Prix,Cadillac,PER,17,18,MEDIUM,2,22.933,25.486,31.388,79.807
5,Canadian Grand Prix,Cadillac,PER,18,18,MEDIUM,3,22.65,25.314,31.158,79.122
5,Canadian Grand Prix,Cadillac,PER,19,18,MEDIUM,4,22.467,25.118,31.005,78.59
5,Canadian Grand Prix,Cadillac,PER,20,18,MEDIUM,5,22.254,25.017,31.297,78.568
5,Canadian Grand Prix,Cadillac,PER,21,18,MEDIUM,6,23.612,25.049,30.727,79.388
5,Canadian Grand Prix,Cadillac,PER,22,18,MEDIUM,7,22.342,24.847,30.771,77.96
5,Canadian Grand Prix,Cadillac,PER,23,18,MEDIUM,8,22.17,24.996,30.77,77.936
5,Canadian Grand Prix,Cadillac,PER,24,18,MEDIUM,9,22.293,24.943,30.976,78.212
5,Canadian Grand Prix,Cadillac,PER,25,17,MEDIUM,10,22.633,24.865,30.965,78.463
5,Canadian Grand Prix,Cadillac,PER,26,17,MEDIUM,11,22.332,24.875,30.897,78.104
5,Canadian Grand Prix,Cadillac,PER,27,17,MEDIUM,12,22.352,25.051,31.075,78.478
5,Canadian Grand Prix,Cadillac,PER,28,17,MEDIUM,13,22.371,24.872,30.744,77.987
5,Canadian Grand Prix,Cadillac,PER,29,17,MEDIUM,14,22.133,32.683,57.293,112.109
5,Canadian Grand Prix,Cadillac,PER,30,16,SOFT,1,28.915,39.286,39.81,108.011
5,Canadian Grand Prix,Cadillac,PER,31,16,SOFT,2,24.472,27.064,31.88,83.416
5,Canadian Grand Prix,Cadillac,PER,32,16,SOFT,3,23.131,25.328,30.789,79.248
5,Canadian Grand Prix,Cadillac,PER,33,16,SOFT,4,22.569,25.365,33.319,81.253
5,Canadian Grand Prix,Cadillac,PER,34,16,SOFT,5,22.6,24.88,30.632,78.112
5,Canadian Grand Prix,Cadillac,PER,35,16,SOFT,6,22.193,24.605,30.322,77.12
5,Canadian Grand Prix,Cadillac,PER,36,16,SOFT,7,22.208,24.571,30.619,77.398
5,Canadian Grand Prix,Cadillac,PER,37,16,SOFT,8,22.178,24.503,30.234,76.915
5,Canadian Grand Prix,Cadillac,PER,38,15,SOFT,9,22.336,24.636,30.451,77.423
5,Canadian Grand Prix,Cadillac,PER,39,15,SOFT,10,22.461,26.809,31.594,80.864
5,Canadian Grand Prix,Cadillac,PER,40,14,SOFT,11,22.469,24.759,,
5,Canadian Grand Prix,Mercedes,ANT,1,2,SOFT,5,,26.222,31.942,87.34
5,Canadian Grand Prix,Mercedes,ANT,2,1,SOFT,6,23.454,25.6,32.393,81.447
5,Canadian Grand Prix,Mercedes,ANT,3,1,SOFT,7,22.886,24.922,31.166,78.974
5,Canadian Grand Prix,Mercedes,ANT,4,1,SOFT,8,22.389,24.665,30.92,77.974
5,Canadian Grand Prix,Mercedes,ANT,5,1,SOFT,9,22.001,24.485,30.572,77.058
5,Canadian Grand Prix,Mercedes,ANT,6,2,SOFT,10,21.991,24.326,31.393,77.71
5,Canadian Grand Prix,Mercedes,ANT,7,2,SOFT,11,22.33,24.415,30.128,76.873
5,Canadian Grand Prix,Mercedes,ANT,8,2,SOFT,12,21.72,24.125,30.202,76.047
5,Canadian Grand Prix,Mercedes,ANT,9,2,SOFT,13,21.781,24.074,29.993,75.848
5,Canadian Grand Prix,Mercedes,ANT,10,2,SOFT,14,21.638,24.005,30.097,75.74
5,Canadian Grand Prix,Mercedes,ANT,11,2,SOFT,15,21.538,24.042,30.05,75.63
5,Canadian Grand Prix,Mercedes,ANT,12,2,SOFT,16,21.512,23.989,30.415,75.916
5,Canadian Grand Prix,Mercedes,ANT,13,2,SOFT,17,22.734,24.512,30.587,77.833
5,Canadian Grand Prix,Mercedes,ANT,14,2,SOFT,18,21.638,24.14,30.348,76.126
5,Canadian Grand Prix,Mercedes,ANT,15,2,SOFT,19,21.585,23.961,30.089,75.635
5,Canadian Grand Prix,Mercedes,ANT,16,2,SOFT,20,21.581,24.003,29.827,75.411
5,Canadian Grand Prix,Mercedes,ANT,17,2,SOFT,21,21.601,24.215,30.715,76.531
5,Canadian Grand Prix,Mercedes,ANT,18,2,SOFT,22,21.72,24.173,29.822,75.715
5,Canadian Grand Prix,Mercedes,ANT,19,2,SOFT,23,21.707,24.079,29.801,75.587
5,Canadian Grand Prix,Mercedes,ANT,20,2,SOFT,24,21.66,24.084,29.815,75.559
5,Canadian Grand Prix,Mercedes,ANT,21,2,SOFT,25,21.58,23.96,29.899,75.439
5,Canadian Grand Prix,Mercedes,ANT,22,1,SOFT,26,22.121,24.233,29.828,76.182
5,Canadian Grand Prix,Mercedes,ANT,23,1,SOFT,27,21.467,24.151,29.795,75.413
5,Canadian Grand Prix,Mercedes,ANT,24,1,SOFT,28,21.38,24.25,30.835,76.465
5,Canadian Grand Prix,Mercedes,ANT,25,2,SOFT,29,22.432,25.706,30.405,78.543
5,Canadian Grand Prix,Mercedes,ANT,26,2,SOFT,30,21.99,24.427,30.063,76.48
5,Canadian Grand Prix,Mercedes,ANT,27,2,SOFT,31,21.874,24.201,29.896,75.971
5,Canadian Grand Prix,Mercedes,ANT,28,2,SOFT,32,22.056,24.401,29.97,76.427
5,Canadian Grand Prix,Mercedes,ANT,29,2,SOFT,33,22.017,24.009,29.726,75.752
5,Canadian Grand Prix,Mercedes,ANT,30,1,SOFT,34,21.786,24.587,29.988,76.361
5,Canadian Grand Prix,Mercedes,ANT,31,1,SOFT,35,26.854,37.012,55.373,119.239
5,Canadian Grand Prix,Mercedes,ANT,32,1,MEDIUM,1,28.986,34.74,37.375,101.101
5,Canadian Grand Prix,Mercedes,ANT,33,1,MEDIUM,2,22.882,25.561,30.822,79.265
5,Canadian Grand Prix,Mercedes,ANT,34,1,MEDIUM,3,21.855,24.269,30.166,76.29
5,Canadian Grand Prix,Mercedes,ANT,35,1,MEDIUM,4,21.607,24.405,30.089,76.101
5,Canadian Grand Prix,Mercedes,ANT,36,1,MEDIUM,5,21.535,24.03,30.143,75.708
5,Canadian Grand Prix,Mercedes,ANT,37,1,MEDIUM,6,21.359,23.94,30.167,75.466
5,Canadian Grand Prix,Mercedes,ANT,38,1,MEDIUM,7,21.321,23.936,29.978,75.235
5,Canadian Grand Prix,Mercedes,ANT,39,1,MEDIUM,8,21.388,24.021,29.881,75.29
5,Canadian Grand Prix,Mercedes,ANT,40,1,MEDIUM,9,21.34,24.012,30.519,75.871
5,Canadian Grand Prix,Mercedes,ANT,41,1,MEDIUM,10,21.69,25.939,30.276,77.905
5,Canadian Grand Prix,Mercedes,ANT,42,1,MEDIUM,11,21.285,23.963,29.996,75.244
5,Canadian Grand Prix,Mercedes,ANT,43,1,MEDIUM,12,21.128,23.801,29.885,74.814
5,Canadian Grand Prix,Mercedes,ANT,44,1,MEDIUM,13,21.308,23.88,29.991,75.179
5,Canadian Grand Prix,Mercedes,ANT,45,1,MEDIUM,14,21.378,23.961,29.937,75.276
5,Canadian Grand Prix,Mercedes,ANT,46,1,MEDIUM,15,21.219,32.216,39.95,93.385
5,Canadian Grand Prix,Mercedes,ANT,47,1,MEDIUM,16,21.84,23.88,30.157,75.877
5,Canadian Grand Prix,Mercedes,ANT,48,1,MEDIUM,17,21.109,23.688,30.222,75.019
5,Canadian Grand Prix,Mercedes,ANT,49,1,MEDIUM,18,21.12,23.79,30.025,74.935
5,Canadian Grand Prix,Mercedes,ANT,50,1,MEDIUM,19,21.099,23.646,30.025,74.77
5,Canadian Grand Prix,Mercedes,ANT,51,1,MEDIUM,20,21.101,23.642,29.861,74.604
5,Canadian Grand Prix,Mercedes,ANT,52,1,MEDIUM,21,21.05,23.653,29.663,74.366
5,Canadian Grand Prix,Mercedes,ANT,53,1,MEDIUM,22,30.277,33.041,43.038,106.356
5,Canadian Grand Prix,Mercedes,ANT,54,1,MEDIUM,23,27.668,25.392,30.576,83.636
5,Canadian Grand Prix,Mercedes,ANT,55,1,MEDIUM,24,21.477,23.954,29.956,75.387
5,Canadian Grand Prix,Mercedes,ANT,56,1,MEDIUM,25,21.261,24.022,29.726,75.009
5,Canadian Grand Prix,Mercedes,ANT,57,1,MEDIUM,26,21.203,23.906,29.8,74.909
5,Canadian Grand Prix,Mercedes,ANT,58,1,MEDIUM,27,21.192,23.678,29.831,74.701
5,Canadian Grand Prix,Mercedes,ANT,59,1,MEDIUM,28,21.055,23.765,29.97,74.79
5,Canadian Grand Prix,Mercedes,ANT,60,1,MEDIUM,29,21.244,23.692,29.509,74.445
5,Canadian Grand Prix,Mercedes,ANT,61,1,MEDIUM,30,21.105,23.59,29.645,74.34
5,Canadian Grand Prix,Mercedes,ANT,62,1,MEDIUM,31,22.236,23.657,29.52,75.413
5,Canadian Grand Prix,Mercedes,ANT,63,1,MEDIUM,32,21.23,23.885,29.611,74.726
5,Canadian Grand Prix,Mercedes,ANT,64,1,MEDIUM,33,21.455,23.821,29.843,75.119
5,Canadian Grand Prix,Mercedes,ANT,65,1,MEDIUM,34,21.101,23.777,29.891,74.769
5,Canadian Grand Prix,Mercedes,ANT,66,1,MEDIUM,35,21.124,23.791,29.497,74.412
5,Canadian Grand Prix,Mercedes,ANT,67,1,MEDIUM,36,21.123,23.652,29.834,74.609
5,Canadian Grand Prix,Mercedes,ANT,68,1,MEDIUM,37,20.989,23.638,29.583,74.21
5,Canadian Grand Prix,Aston Martin,ALO,1,14,SOFT,1,,28.969,32.99,96.126
5,Canadian Grand Prix,Aston Martin,ALO,2,10,SOFT,2,24.705,26.647,32.356,83.708
5,Canadian Grand Prix,Aston Martin,ALO,3,10,SOFT,3,23.899,26.104,31.581,81.584
5,Canadian Grand Prix,Aston Martin,ALO,4,10,SOFT,4,23.438,25.899,32.295,81.632
5,Canadian Grand Prix,Aston Martin,ALO,5,10,SOFT,5,23.438,25.564,31.379,80.381
5,Canadian Grand Prix,Aston Martin,ALO,6,11,SOFT,6,23.25,25.723,31.969,80.942
5,Canadian Grand Prix,Aston Martin,ALO,7,11,SOFT,7,23.165,25.501,31.285,79.951
5,Canadian Grand Prix,Aston Martin,ALO,8,13,SOFT,8,23.062,26.002,31.555,80.619
5,Canadian Grand Prix,Aston Martin,ALO,9,14,SOFT,9,23.368,25.382,30.958,79.708
5,Canadian Grand Prix,Aston Martin,ALO,10,14,SOFT,10,22.795,25.491,31.349,79.635
5,Canadian Grand Prix,Aston Martin,ALO,11,14,SOFT,11,22.837,25.436,31.464,79.737
5,Canadian Grand Prix,Aston Martin,ALO,12,12,SOFT,12,22.698,25.486,31.95,80.134
5,Canadian Grand Prix,Aston Martin,ALO,13,12,SOFT,13,22.744,25.391,32.467,80.602
5,Canadian Grand Prix,Aston Martin,ALO,14,12,SOFT,14,22.725,25.222,31.752,79.699
5,Canadian Grand Prix,Aston Martin,ALO,15,12,SOFT,15,22.883,25.856,31.485,80.224
5,Canadian Grand Prix,Aston Martin,ALO,16,12,SOFT,16,23.006,25.511,31.892,80.409
5,Canadian Grand Prix,Aston Martin,ALO,17,13,SOFT,17,23.037,25.699,32.054,80.79
5,Canadian Grand Prix,Aston Martin,ALO,18,14,SOFT,18,23.483,25.458,31.4,80.341
5,Canadian Grand Prix,Aston Martin,ALO,19,14,SOFT,19,22.971,27.277,31.746,81.994
5,Canadian Grand Prix,Aston Martin,ALO,20,15,SOFT,20,22.975,25.307,48.972,97.254
5,Canadian Grand Prix,Aston Martin,ALO,21,17,SOFT,1,25.741,26.958,31.521,84.22
5,Canadian Grand Prix,Aston Martin,ALO,22,17,SOFT,2,22.883,25.451,32.092,80.426
5,Canadian Grand Prix,Aston Martin,ALO,23,17,SOFT,3,23.055,25.585,32.224,80.864
5,Canadian Grand Prix,Aston Martin,ALO,24,17,SOFT,4,23.178,25.951,,
5,Canadian Grand Prix,Ferrari,LEC,1,6,SOFT,5,,26.992,32.102,90.453
5,Canadian Grand Prix,Ferrari,LEC,2,5,SOFT,6,23.603,25.524,31.224,80.351
5,Canadian Grand Prix,Ferrari,LEC,3,5,SOFT,7,23.229,25.361,30.934,79.524
5,Canadian Grand Prix,Ferrari,LEC,4,5,SOFT,8,22.874,25.042,30.72,78.636
5,Canadian Grand Prix,Ferrari,LEC,5,5,SOFT,9,22.53,24.653,30.625,77.808
5,Canadian Grand Prix,Ferrari,LEC,6,5,SOFT,10,22.241,24.459,30.644,77.344
5,Canadian Grand Prix,Ferrari,LEC,7,5,SOFT,11,22.143,24.461,30.586,77.19
5,Canadian Grand Prix,Ferrari,LEC,8,5,SOFT,12,21.944,24.271,30.424,76.639
5,Canadian Grand Prix,Ferrari,LEC,9,5,SOFT,13,21.937,24.202,30.34,76.479
5,Canadian Grand Prix,Ferrari,LEC,10,5,SOFT,14,21.959,24.276,30.234,76.469
5,Canadian Grand Prix,Ferrari,LEC,11,5,SOFT,15,21.871,24.139,30.217,76.227
5,Canadian Grand Prix,Ferrari,LEC,12,5,SOFT,16,21.854,24.305,30.059,76.218
5,Canadian Grand Prix,Ferrari,LEC,13,5,SOFT,17,21.82,24.18,30.829,76.829
5,Canadian Grand Prix,Ferrari,LEC,14,5,SOFT,18,21.799,27.573,30.83,80.202
5,Canadian Grand Prix,Ferrari,LEC,15,5,SOFT,19,21.92,24.362,30.475,76.757
5,Canadian Grand Prix,Ferrari,LEC,16,5,SOFT,20,21.85,24.259,30.474,76.583
5,Canadian Grand Prix,Ferrari,LEC,17,5,SOFT,21,21.792,24.53,30.231,76.553
5,Canadian Grand Prix,Ferrari,LEC,18,5,SOFT,22,21.749,24.298,30.538,76.585
5,Canadian Grand Prix,Ferrari,LEC,19,5,SOFT,23,21.844,24.263,30.243,76.35
5,Canadian Grand Prix,Ferrari,LEC,20,5,SOFT,24,21.742,24.201,30.337,76.28
5,Canadian Grand Prix,Ferrari,LEC,21,5,SOFT,25,21.772,24.191,30.301,76.264
5,Canadian Grand Prix,Ferrari,LEC,22,5,SOFT,26,21.694,24.229,30.168,76.091
5,Canadian Grand Prix,Ferrari,LEC,23,5,SOFT,27,21.692,24.465,30.122,76.279
5,Canadian Grand Prix,Ferrari,LEC,24,5,SOFT,28,21.786,24.178,30.132,76.096
5,Canadian Grand Prix,Ferrari,LEC,25,5,SOFT,29,21.632,24.347,30.267,76.246
5,Canadian Grand Prix,Ferrari,LEC,26,5,SOFT,30,21.89,24.272,30.117,76.279
5,Canadian Grand Prix,Ferrari,LEC,27,5,SOFT,31,21.784,24.189,30.117,76.09
5,Canadian Grand Prix,Ferrari,LEC,28,5,SOFT,32,21.615,24.11,30.736,76.461
5,Canadian Grand Prix,Ferrari,LEC,29,5,SOFT,33,21.946,24.23,30.12,76.296
5,Canadian Grand Prix,Ferrari,LEC,30,4,SOFT,34,21.752,24.885,33.451,80.088
5,Canadian Grand Prix,Ferrari,LEC,31,5,SOFT,35,29.755,36.557,59.173,125.485
5,Canadian Grand Prix,Ferrari,LEC,32,5,MEDIUM,1,30.373,32.655,32.392,95.42
5,Canadian Grand Prix,Ferrari,LEC,33,5,MEDIUM,2,22.431,24.782,30.406,77.619
5,Canadian Grand Prix,Ferrari,LEC,34,5,MEDIUM,3,21.987,24.297,30.769,77.053
5,Canadian Grand Prix,Ferrari,LEC,35,5,MEDIUM,4,22.018,24.109,30.124,76.251
5,Canadian Grand Prix,Ferrari,LEC,36,5,MEDIUM,5,21.997,24.387,29.805,76.189
5,Canadian Grand Prix,Ferrari,LEC,37,5,MEDIUM,6,21.737,24.12,29.44,75.297
5,Canadian Grand Prix,Ferrari,LEC,38,5,MEDIUM,7,21.804,23.911,29.649,75.364
5,Canadian Grand Prix,Ferrari,LEC,39,4,MEDIUM,8,21.97,24.193,29.648,75.811
5,Canadian Grand Prix,Ferrari,LEC,40,4,MEDIUM,9,21.503,23.995,30.11,75.608
5,Canadian Grand Prix,Ferrari,LEC,41,4,MEDIUM,10,21.587,24.052,29.973,75.612
5,Canadian Grand Prix,Ferrari,LEC,42,4,MEDIUM,11,21.533,24.096,30.033,75.662
5,Canadian Grand Prix,Ferrari,LEC,43,4,MEDIUM,12,21.57,23.911,30.039,75.52
5,Canadian Grand Prix,Ferrari,LEC,44,4,MEDIUM,13,21.499,23.875,29.995,75.369
5,Canadian Grand Prix,Ferrari,LEC,45,4,MEDIUM,14,21.35,23.808,30.222,75.38
5,Canadian Grand Prix,Ferrari,LEC,46,4,MEDIUM,15,28.262,31.124,32.409,91.795
5,Canadian Grand Prix,Ferrari,LEC,47,4,MEDIUM,16,21.424,23.966,29.97,75.36
5,Canadian Grand Prix,Ferrari,LEC,48,4,MEDIUM,17,21.452,24.042,30.109,75.603
5,Canadian Grand Prix,Ferrari,LEC,49,4,MEDIUM,18,21.558,24.001,30.139,75.698
5,Canadian Grand Prix,Ferrari,LEC,50,4,MEDIUM,19,21.447,23.797,30.189,75.433
5,Canadian Grand Prix,Ferrari,LEC,51,4,MEDIUM,20,22.898,24.188,30.034,77.12
5,Canadian Grand Prix,Ferrari,LEC,52,4,MEDIUM,21,21.419,23.778,38.04,83.237
5,Canadian Grand Prix,Ferrari,LEC,53,4,MEDIUM,22,28.873,33.476,44.918,107.267
5,Canadian Grand Prix,Ferrari,LEC,54,4,MEDIUM,23,22.809,24.788,30.32,77.917
5,Canadian Grand Prix,Ferrari,LEC,55,4,MEDIUM,24,21.709,24.207,30.693,76.609
5,Canadian Grand Prix,Ferrari,LEC,56,4,MEDIUM,25,21.727,24.045,30.2,75.972
5,Canadian Grand Prix,Ferrari,LEC,57,4,MEDIUM,26,21.691,23.992,30.192,75.875
5,Canadian Grand Prix,Ferrari,LEC,58,4,MEDIUM,27,21.707,24.046,30.217,75.97
5,Canadian Grand Prix,Ferrari,LEC,59,4,MEDIUM,28,21.651,24.071,30.259,75.981
5,Canadian Grand Prix,Ferrari,LEC,60,4,MEDIUM,29,21.531,23.935,30.084,75.55
5,Canadian Grand Prix,Ferrari,LEC,61,4,MEDIUM,30,21.51,23.993,29.894,75.397
5,Canadian Grand Prix,Ferrari,LEC,62,4,MEDIUM,31,21.556,24.097,29.921,75.574
5,Canadian Grand Prix,Ferrari,LEC,63,4,MEDIUM,32,21.545,24.019,30.353,75.917
5,Canadian Grand Prix,Ferrari,LEC,64,4,MEDIUM,33,22.007,24.313,30.331,76.651
5,Canadian Grand Prix,Ferrari,LEC,65,4,MEDIUM,34,21.868,24.105,30.499,76.472
5,Canadian Grand Prix,Ferrari,LEC,66,4,MEDIUM,35,22.02,24.5,30.69,77.21
5,Canadian Grand Prix,Ferrari,LEC,67,4,MEDIUM,36,21.779,24.328,30.361,76.468
5,Canadian Grand Prix,Ferrari,LEC,68,4,MEDIUM,37,21.82,24.493,31.213,77.526
5,Canadian Grand Prix,Aston Martin,STR,1,20,SOFT,1,,27.978,33.166,101.845
5,Canadian Grand Prix,Aston Martin,STR,2,16,SOFT,2,24.736,27.472,32.87,85.078
5,Canadian Grand Prix,Aston Martin,STR,3,15,SOFT,3,25.059,27.322,32.132,84.513
5,Canadian Grand Prix,Aston Martin,STR,4,16,SOFT,4,23.609,26.809,32.1,82.518
5,Canadian Grand Prix,Aston Martin,STR,5,16,SOFT,5,23.563,26.125,32.175,81.863
5,Canadian Grand Prix,Aston Martin,STR,6,16,SOFT,6,23.248,25.71,31.879,80.837
5,Canadian Grand Prix,Aston Martin,STR,7,16,SOFT,7,23.232,25.878,31.791,80.901
5,Canadian Grand Prix,Aston Martin,STR,8,17,SOFT,8,22.996,28.718,31.879,83.593
5,Canadian Grand Prix,Aston Martin,STR,9,18,SOFT,9,23.235,26.017,31.652,80.904
5,Canadian Grand Prix,Aston Martin,STR,10,18,SOFT,10,23.112,25.562,31.592,80.266
5,Canadian Grand Prix,Aston Martin,STR,11,19,SOFT,11,23.149,25.55,31.875,80.574
5,Canadian Grand Prix,Aston Martin,STR,12,17,SOFT,12,23.103,25.491,31.539,80.133
5,Canadian Grand Prix,Aston Martin,STR,13,18,SOFT,13,22.889,25.398,32.239,80.526
5,Canadian Grand Prix,Aston Martin,STR,14,19,SOFT,14,23.023,25.498,47.69,96.211
5,Canadian Grand Prix,Aston Martin,STR,15,19,SOFT,1,26.518,26.997,32.296,85.811
5,Canadian Grand Prix,Aston Martin,STR,16,19,SOFT,2,23.335,25.734,32.967,82.036
5,Canadian Grand Prix,Aston Martin,STR,17,19,SOFT,3,23.174,25.688,32.273,81.135
5,Canadian Grand Prix,Aston Martin,STR,18,19,SOFT,4,22.989,25.362,31.329,79.68
5,Canadian Grand Prix,Aston Martin,STR,19,19,SOFT,5,22.824,25.718,31.494,80.036
5,Canadian Grand Prix,Aston Martin,STR,20,19,SOFT,6,24.332,25.51,33.2,83.042
5,Canadian Grand Prix,Aston Martin,STR,21,19,SOFT,7,22.823,25.325,31.714,79.862
5,Canadian Grand Prix,Aston Martin,STR,22,19,SOFT,8,22.79,26.164,32.299,81.253
5,Canadian Grand Prix,Aston Martin,STR,23,19,SOFT,9,22.685,25.176,31.261,79.122
5,Canadian Grand Prix,Aston Martin,STR,24,19,SOFT,10,22.627,25.235,31.28,79.142
5,Canadian Grand Prix,Aston Martin,STR,25,18,SOFT,11,22.524,25.234,31.318,79.076
5,Canadian Grand Prix,Aston Martin,STR,26,18,SOFT,12,22.72,25.308,32.543,80.571
5,Canadian Grand Prix,Aston Martin,STR,27,18,SOFT,13,22.828,25.263,31.304,79.395
5,Canadian Grand Prix,Aston Martin,STR,28,18,SOFT,14,24.661,26.679,31.519,82.859
5,Canadian Grand Prix,Aston Martin,STR,29,18,SOFT,15,29.555,36.851,36.487,102.893
5,Canadian Grand Prix,Aston Martin,STR,30,17,SOFT,16,32.374,34.879,37.514,104.767
5,Canadian Grand Prix,Aston Martin,STR,31,17,SOFT,17,23.789,26.427,32.014,82.23
5,Canadian Grand Prix,Aston Martin,STR,32,17,SOFT,18,22.756,26.709,31.932,81.397
5,Canadian Grand Prix,Aston Martin,STR,33,17,SOFT,19,23.407,25.669,31.389,80.465
5,Canadian Grand Prix,Aston Martin,STR,34,17,SOFT,20,24.688,26.412,32.856,83.956
5,Canadian Grand Prix,Aston Martin,STR,35,17,SOFT,21,23.006,25.383,31.513,79.902
5,Canadian Grand Prix,Aston Martin,STR,36,17,SOFT,22,23.959,25.284,31.304,80.547
5,Canadian Grand Prix,Aston Martin,STR,37,17,SOFT,23,23.416,25.276,31.274,79.966
5,Canadian Grand Prix,Aston Martin,STR,38,17,SOFT,24,22.733,25.15,31.367,79.25
5,Canadian Grand Prix,Aston Martin,STR,39,16,SOFT,25,22.417,25.139,31.165,78.721
5,Canadian Grand Prix,Aston Martin,STR,40,16,SOFT,26,24.036,25.193,31.065,80.294
5,Canadian Grand Prix,Aston Martin,STR,41,15,SOFT,27,22.559,25.137,31.23,78.926
5,Canadian Grand Prix,Aston Martin,STR,42,15,SOFT,28,24.007,26.36,31.361,81.728
5,Canadian Grand Prix,Aston Martin,STR,43,15,SOFT,29,22.681,25.006,43.284,90.971
5,Canadian Grand Prix,Aston Martin,STR,44,15,SOFT,30,25.513,25.718,31.614,82.845
5,Canadian Grand Prix,Aston Martin,STR,45,15,SOFT,31,22.622,26.417,31.873,80.912
5,Canadian Grand Prix,Aston Martin,STR,46,15,SOFT,32,22.843,25.42,32.079,80.342
5,Canadian Grand Prix,Aston Martin,STR,47,15,SOFT,33,24.286,25.543,31.458,81.287
5,Canadian Grand Prix,Aston Martin,STR,48,15,SOFT,34,22.968,25.512,32.052,80.532
5,Canadian Grand Prix,Aston Martin,STR,49,15,SOFT,35,23.475,25.458,47.954,96.887
5,Canadian Grand Prix,Aston Martin,STR,50,15,MEDIUM,1,29.868,32.337,43.475,105.68
5,Canadian Grand Prix,Aston Martin,STR,51,15,MEDIUM,2,24.574,25.714,31.736,82.024
5,Canadian Grand Prix,Aston Martin,STR,52,15,MEDIUM,3,22.818,25.362,32.665,80.845
5,Canadian Grand Prix,Aston Martin,STR,53,15,MEDIUM,4,22.888,25.428,31.293,79.609
5,Canadian Grand Prix,Aston Martin,STR,54,15,MEDIUM,5,22.614,25.116,31.43,79.16
5,Canadian Grand Prix,Aston Martin,STR,55,15,MEDIUM,6,23.708,25.265,31.173,80.146
5,Canadian Grand Prix,Aston Martin,STR,56,15,MEDIUM,7,22.669,27.912,31.96,82.541
5,Canadian Grand Prix,Aston Martin,STR,57,15,MEDIUM,8,24.098,25.478,31.221,80.797
5,Canadian Grand Prix,Aston Martin,STR,58,15,MEDIUM,9,22.763,25.178,31.195,79.136
5,Canadian Grand Prix,Aston Martin,STR,59,15,MEDIUM,10,22.536,25.111,31.23,78.877
5,Canadian Grand Prix,Aston Martin,STR,60,15,MEDIUM,11,22.738,25.307,31.367,79.412
5,Canadian Grand Prix,Aston Martin,STR,61,15,MEDIUM,12,22.593,25.047,31.372,79.012
5,Canadian Grand Prix,Aston Martin,STR,62,15,MEDIUM,13,22.491,25.122,31.822,79.435
5,Canadian Grand Prix,Aston Martin,STR,63,15,MEDIUM,14,22.67,25.674,30.905,79.249
5,Canadian Grand Prix,Aston Martin,STR,64,15,MEDIUM,15,22.498,25.056,39.078,86.632
5,Canadian Grand Prix,Williams,ALB,1,19,SOFT,1,,29.38,33.908,99.163
5,Canadian Grand Prix,Williams,ALB,2,14,SOFT,2,25.435,27.841,32.238,85.514
5,Canadian Grand Prix,Williams,ALB,3,13,SOFT,3,24.572,26.098,32.134,82.804
5,Canadian Grand Prix,Williams,ALB,4,13,SOFT,4,23.311,25.675,31.381,80.367
5,Canadian Grand Prix,Williams,ALB,5,13,SOFT,5,22.778,25.23,31.051,79.059
5,Canadian Grand Prix,Williams,ALB,6,12,SOFT,6,22.931,25.503,31.099,79.533
5,Canadian Grand Prix,Williams,ALB,7,12,SOFT,7,22.576,25.064,30.998,78.638
5,Canadian Grand Prix,Williams,ALB,8,12,SOFT,8,23.132,25.303,30.782,79.217
5,Canadian Grand Prix,Williams,ALB,9,12,SOFT,9,22.172,24.778,30.691,77.641
5,Canadian Grand Prix,Williams,ALB,10,12,SOFT,10,22.145,24.682,30.669,77.496
5,Canadian Grand Prix,Williams,ALB,11,12,SOFT,11,21.979,24.649,30.593,77.221
5,Canadian Grand Prix,Williams,ALB,12,,SOFT,12,,,,
5,Canadian Grand Prix,Audi,HUL,1,10,INTERMEDIATE,1,,27.701,33.081,93.863
5,Canadian Grand Prix,Audi,HUL,2,18,INTERMEDIATE,2,25.038,27.491,50.538,103.067
5,Canadian Grand Prix,Audi,HUL,3,17,SOFT,5,26.408,26.732,32.111,85.251
5,Canadian Grand Prix,Audi,HUL,4,17,SOFT,6,23.277,25.417,32.357,81.051
5,Canadian Grand Prix,Audi,HUL,5,17,SOFT,7,23.028,25.525,31.372,79.925
5,Canadian Grand Prix,Audi,HUL,6,18,SOFT,8,22.52,25.128,34.228,81.876
5,Canadian Grand Prix,Audi,HUL,7,18,SOFT,9,22.616,24.964,30.943,78.523
5,Canadian Grand Prix,Audi,HUL,8,18,SOFT,10,22.28,24.931,30.885,78.096
5,Canadian Grand Prix,Audi,HUL,9,17,SOFT,11,22.944,24.986,31.256,79.186
5,Canadian Grand Prix,Audi,HUL,10,17,SOFT,12,22.422,24.954,30.965,78.341
5,Canadian Grand Prix,Audi,HUL,11,17,SOFT,13,22.148,24.776,31.077,78.001
5,Canadian Grand Prix,Audi,HUL,12,15,SOFT,14,22.062,24.637,31.289,77.988
5,Canadian Grand Prix,Audi,HUL,13,15,SOFT,15,22.042,24.672,31.495,78.209
5,Canadian Grand Prix,Audi,HUL,14,15,SOFT,16,22.087,24.828,30.761,77.676
5,Canadian Grand Prix,Audi,HUL,15,15,SOFT,17,21.988,24.659,30.742,77.389
5,Canadian Grand Prix,Audi,HUL,16,13,SOFT,18,22.578,25.363,31.098,79.039
5,Canadian Grand Prix,Audi,HUL,17,12,SOFT,19,22.044,24.581,31.073,77.698
5,Canadian Grand Prix,Audi,HUL,18,12,SOFT,20,22.05,24.568,30.878,77.496
5,Canadian Grand Prix,Audi,HUL,19,12,SOFT,21,21.876,24.544,30.706,77.126
5,Canadian Grand Prix,Audi,HUL,20,14,SOFT,22,21.833,24.569,54.035,100.437
5,Canadian Grand Prix,Audi,HUL,21,14,MEDIUM,1,25.611,25.653,31.377,82.641
5,Canadian Grand Prix,Audi,HUL,22,14,MEDIUM,2,22.432,24.733,31.099,78.264
5,Canadian Grand Prix,Audi,HUL,23,14,MEDIUM,3,22.152,24.576,30.998,77.726
5,Canadian Grand Prix,Audi,HUL,24,14,MEDIUM,4,22.088,24.634,30.867,77.589
5,Canadian Grand Prix,Audi,HUL,25,14,MEDIUM,5,22.062,24.564,30.826,77.452
5,Canadian Grand Prix,Audi,HUL,26,14,MEDIUM,6,21.993,24.557,30.922,77.472
5,Canadian Grand Prix,Audi,HUL,27,14,MEDIUM,7,22.076,24.681,30.973,77.73
5,Canadian Grand Prix,Audi,HUL,28,14,MEDIUM,8,22.154,24.574,30.905,77.633
5,Canadian Grand Prix,Audi,HUL,29,14,MEDIUM,9,22.031,25.892,41.773,89.696
5,Canadian Grand Prix,Audi,HUL,30,13,MEDIUM,10,29.52,36.436,38.126,104.082
5,Canadian Grand Prix,Audi,HUL,31,13,MEDIUM,11,30.035,31.573,31.685,93.293
5,Canadian Grand Prix,Audi,HUL,32,13,MEDIUM,12,22.721,24.853,30.814,78.388
5,Canadian Grand Prix,Audi,HUL,33,13,MEDIUM,13,22.353,24.643,30.906,77.902
5,Canadian Grand Prix,Audi,HUL,34,13,MEDIUM,14,22.007,24.425,30.6,77.032
5,Canadian Grand Prix,Audi,HUL,35,13,MEDIUM,15,21.972,24.431,30.648,77.051
5,Canadian Grand Prix,Audi,HUL,36,13,MEDIUM,16,21.85,24.501,30.487,76.838
5,Canadian Grand Prix,Audi,HUL,37,13,MEDIUM,17,21.885,24.315,30.378,76.578
5,Canadian Grand Prix,Audi,HUL,38,13,MEDIUM,18,21.895,24.421,30.712,77.028
5,Canadian Grand Prix,Audi,HUL,39,12,MEDIUM,19,21.71,24.528,30.451,76.689
5,Canadian Grand Prix,Audi,HUL,40,12,MEDIUM,20,21.734,24.423,30.493,76.65
5,Canadian Grand Prix,Audi,HUL,41,12,MEDIUM,21,21.978,24.325,30.534,76.837
5,Canadian Grand Prix,Audi,HUL,42,12,MEDIUM,22,21.99,24.437,30.371,76.798
5,Canadian Grand Prix,Audi,HUL,43,12,MEDIUM,23,21.845,24.376,30.63,76.851
5,Canadian Grand Prix,Audi,HUL,44,12,MEDIUM,24,21.737,24.25,36.038,82.025
5,Canadian Grand Prix,Audi,HUL,45,12,MEDIUM,25,28.9,27.572,30.777,87.249
5,Canadian Grand Prix,Audi,HUL,46,12,MEDIUM,26,21.912,24.396,30.761,77.069
5,Canadian Grand Prix,Audi,HUL,47,12,MEDIUM,27,21.977,24.475,30.649,77.101
5,Canadian Grand Prix,Audi,HUL,48,12,MEDIUM,28,21.767,24.331,30.472,76.57
5,Canadian Grand Prix,Audi,HUL,49,12,MEDIUM,29,21.831,24.246,30.547,76.624
5,Canadian Grand Prix,Audi,HUL,50,12,MEDIUM,30,21.734,24.221,30.329,76.284
5,Canadian Grand Prix,Audi,HUL,51,11,MEDIUM,31,21.78,31.447,41.013,94.24
5,Canadian Grand Prix,Audi,HUL,52,11,MEDIUM,32,30.301,32.742,32.793,95.836
5,Canadian Grand Prix,Audi,HUL,53,11,MEDIUM,33,22.355,24.527,30.615,77.497
5,Canadian Grand Prix,Audi,HUL,54,11,MEDIUM,34,22.182,24.341,30.556,77.079
5,Canadian Grand Prix,Audi,HUL,55,11,MEDIUM,35,21.645,24.395,30.418,76.458
5,Canadian Grand Prix,Audi,HUL,56,11,MEDIUM,36,21.778,24.269,30.463,76.51
5,Canadian Grand Prix,Audi,HUL,57,11,MEDIUM,37,21.619,24.145,30.511,76.275
5,Canadian Grand Prix,Audi,HUL,58,11,MEDIUM,38,21.691,24.968,30.398,77.057
5,Canadian Grand Prix,Audi,HUL,59,11,MEDIUM,39,21.761,24.201,30.367,76.329
5,Canadian Grand Prix,Audi,HUL,60,11,MEDIUM,40,29.211,25.694,30.801,85.706
5,Canadian Grand Prix,Audi,HUL,61,11,MEDIUM,41,21.97,24.402,30.513,76.885
5,Canadian Grand Prix,Audi,HUL,62,11,MEDIUM,42,22.081,25.434,30.928,78.443
5,Canadian Grand Prix,Audi,HUL,63,11,MEDIUM,43,22.66,24.269,30.091,77.02
5,Canadian Grand Prix,Audi,HUL,64,12,MEDIUM,44,21.872,24.443,30.871,77.186
5,Canadian Grand Prix,Audi,HUL,65,12,MEDIUM,45,22.349,24.238,29.866,76.453
5,Canadian Grand Prix,Audi,HUL,66,12,MEDIUM,46,24.661,24.596,30.329,79.586
5,Canadian Grand Prix,Red Bull Racing,VER,1,5,SOFT,6,,26.974,32.019,89.924
5,Canadian Grand Prix,Red Bull Racing,VER,2,4,SOFT,7,23.286,25.745,31.245,80.276
5,Canadian Grand Prix,Red Bull Racing,VER,3,4,SOFT,8,23.159,25.506,30.952,79.617
5,Canadian Grand Prix,Red Bull Racing,VER,4,4,SOFT,9,22.523,24.889,30.422,77.834
5,Canadian Grand Prix,Red Bull Racing,VER,5,4,SOFT,10,22.183,24.715,30.323,77.221
5,Canadian Grand Prix,Red Bull Racing,VER,6,4,SOFT,11,22.242,24.672,30.292,77.206
5,Canadian Grand Prix,Red Bull Racing,VER,7,4,SOFT,12,22.06,24.508,30.106,76.674
5,Canadian Grand Prix,Red Bull Racing,VER,8,4,SOFT,13,22.212,24.496,29.868,76.576
5,Canadian Grand Prix,Red Bull Racing,VER,9,3,SOFT,14,22.075,24.446,30.283,76.804
5,Canadian Grand Prix,Red Bull Racing,VER,10,3,SOFT,15,21.846,24.456,30.157,76.459
5,Canadian Grand Prix,Red Bull Racing,VER,11,3,SOFT,16,21.643,24.369,30.485,76.497
5,Canadian Grand Prix,Red Bull Racing,VER,12,3,SOFT,17,21.694,24.341,30.317,76.352
5,Canadian Grand Prix,Red Bull Racing,VER,13,3,SOFT,18,21.64,24.386,30.506,76.532
5,Canadian Grand Prix,Red Bull Racing,VER,14,3,SOFT,19,21.585,24.268,30.519,76.372
5,Canadian Grand Prix,Red Bull Racing,VER,15,3,SOFT,20,21.657,24.367,30.15,76.174
5,Canadian Grand Prix,Red Bull Racing,VER,16,3,SOFT,21,21.671,24.361,30.1,76.132
5,Canadian Grand Prix,Red Bull Racing,VER,17,3,SOFT,22,21.565,24.237,30.286,76.088
5,Canadian Grand Prix,Red Bull Racing,VER,18,3,SOFT,23,21.558,24.169,30.279,76.006
5,Canadian Grand Prix,Red Bull Racing,VER,19,3,SOFT,24,21.641,24.36,30.202,76.203
5,Canadian Grand Prix,Red Bull Racing,VER,20,3,SOFT,25,21.677,24.319,30.184,76.18
5,Canadian Grand Prix,Red Bull Racing,VER,21,3,SOFT,26,21.851,24.364,30.529,76.744
5,Canadian Grand Prix,Red Bull Racing,VER,22,3,SOFT,27,21.676,24.118,30.043,75.837
5,Canadian Grand Prix,Red Bull Racing,VER,23,3,SOFT,28,21.772,24.266,30.224,76.262
5,Canadian Grand Prix,Red Bull Racing,VER,24,3,SOFT,29,21.735,24.322,30.814,76.871
5,Canadian Grand Prix,Red Bull Racing,VER,25,3,SOFT,30,21.774,24.355,30.294,76.423
5,Canadian Grand Prix,Red Bull Racing,VER,26,3,SOFT,31,21.704,24.314,30.317,76.335
5,Canadian Grand Prix,Red Bull Racing,VER,27,3,SOFT,32,21.746,24.345,30.171,76.262
5,Canadian Grand Prix,Red Bull Racing,VER,28,3,SOFT,33,21.687,24.266,30.148,76.101
5,Canadian Grand Prix,Red Bull Racing,VER,29,3,SOFT,34,21.69,24.248,30.317,76.255
5,Canadian Grand Prix,Red Bull Racing,VER,30,2,SOFT,35,21.642,24.26,30.108,76.01
5,Canadian Grand Prix,Red Bull Racing,VER,31,2,SOFT,36,28.872,36.39,53.84,119.102
5,Canadian Grand Prix,Red Bull Racing,VER,32,2,MEDIUM,1,29.162,36.652,34.528,100.342
5,Canadian Grand Prix,Red Bull Racing,VER,33,2,MEDIUM,2,22.741,24.931,30.648,78.32
5,Canadian Grand Prix,Red Bull Racing,VER,34,2,MEDIUM,3,22.186,24.535,30.339,77.06
5,Canadian Grand Prix,Red Bull Racing,VER,35,2,MEDIUM,4,21.699,24.346,30.385,76.43
5,Canadian Grand Prix,Red Bull Racing,VER,36,2,MEDIUM,5,22.085,24.211,30.274,76.57
5,Canadian Grand Prix,Red Bull Racing,VER,37,2,MEDIUM,6,21.523,24.074,29.938,75.535
5,Canadian Grand Prix,Red Bull Racing,VER,38,2,MEDIUM,7,21.48,24.033,30.177,75.69
5,Canadian Grand Prix,Red Bull Racing,VER,39,2,MEDIUM,8,21.493,24.034,30.108,75.635
5,Canadian Grand Prix,Red Bull Racing,VER,40,2,MEDIUM,9,21.321,23.995,30.28,75.596
5,Canadian Grand Prix,Red Bull Racing,VER,41,2,MEDIUM,10,21.429,24.151,30.038,75.618
5,Canadian Grand Prix,Red Bull Racing,VER,42,2,MEDIUM,11,21.365,24.024,30.026,75.415
5,Canadian Grand Prix,Red Bull Racing,VER,43,2,MEDIUM,12,21.478,23.983,29.926,75.387
5,Canadian Grand Prix,Red Bull Racing,VER,44,2,MEDIUM,13,21.302,24.059,30.144,75.505
5,Canadian Grand Prix,Red Bull Racing,VER,45,2,MEDIUM,14,21.283,24.021,29.918,75.222
5,Canadian Grand Prix,Red Bull Racing,VER,46,2,MEDIUM,15,21.399,33.692,37.253,92.344
5,Canadian Grand Prix,Red Bull Racing,VER,47,2,MEDIUM,16,21.378,24.091,30.007,75.476
5,Canadian Grand Prix,Red Bull Racing,VER,48,2,MEDIUM,17,21.447,23.906,30.099,75.452
5,Canadian Grand Prix,Red Bull Racing,VER,49,2,MEDIUM,18,21.504,24.014,30.017,75.535
5,Canadian Grand Prix,Red Bull Racing,VER,50,2,MEDIUM,19,21.291,23.841,29.889,75.021
5,Canadian Grand Prix,Red Bull Racing,VER,51,2,MEDIUM,20,21.333,24.006,30.155,75.494
5,Canadian Grand Prix,Red Bull Racing,VER,52,2,MEDIUM,21,21.232,23.914,33.46,78.606
5,Canadian Grand Prix,Red Bull Racing,VER,53,2,MEDIUM,22,28.163,33.058,43.113,104.334
5,Canadian Grand Prix,Red Bull Racing,VER,54,2,MEDIUM,23,26.242,24.834,30.428,81.504
5,Canadian Grand Prix,Red Bull Racing,VER,55,2,MEDIUM,24,21.426,24.079,29.948,75.453
5,Canadian Grand Prix,Red Bull Racing,VER,56,2,MEDIUM,25,21.415,23.92,30.224,75.559
5,Canadian Grand Prix,Red Bull Racing,VER,57,2,MEDIUM,26,21.652,24.127,30.171,75.95
5,Canadian Grand Prix,Red Bull Racing,VER,58,2,MEDIUM,27,21.407,23.898,30.031,75.336
5,Canadian Grand Prix,Red Bull Racing,VER,59,2,MEDIUM,28,21.101,23.814,29.876,74.791
5,Canadian Grand Prix,Red Bull Racing,VER,60,2,MEDIUM,29,21.217,23.798,29.839,74.854
5,Canadian Grand Prix,Red Bull Racing,VER,61,2,MEDIUM,30,21.19,23.916,29.991,75.097
5,Canadian Grand Prix,Red Bull Racing,VER,62,3,MEDIUM,31,21.979,23.97,29.614,75.563
5,Canadian Grand Prix,Red Bull Racing,VER,63,3,MEDIUM,32,21.6,23.929,29.624,75.153
5,Canadian Grand Prix,Red Bull Racing,VER,64,3,MEDIUM,33,21.439,24.099,29.698,75.236
5,Canadian Grand Prix,Red Bull Racing,VER,65,3,MEDIUM,34,21.259,23.724,29.44,74.423
5,Canadian Grand Prix,Red Bull Racing,VER,66,3,MEDIUM,35,21.361,23.901,29.445,74.707
5,Canadian Grand Prix,Red Bull Racing,VER,67,3,MEDIUM,36,21.64,23.848,29.606,75.094
5,Canadian Grand Prix,Red Bull Racing,VER,68,3,MEDIUM,37,21.164,23.796,29.438,74.398
5,Canadian Grand Prix,Racing Bulls,LAW,1,9,MEDIUM,1,,27.456,33.078,93.222
5,Canadian Grand Prix,Racing Bulls,LAW,2,8,MEDIUM,2,24.189,26.265,32.228,82.682
5,Canadian Grand Prix,Racing Bulls,LAW,3,8,MEDIUM,3,23.518,25.919,31.883,81.32
5,Canadian Grand Prix,Racing Bulls,LAW,4,8,MEDIUM,4,23.004,25.551,31.57,80.125
5,Canadian Grand Prix,Racing Bulls,LAW,5,8,MEDIUM,5,22.801,25.402,31.295,79.498
5,Canadian Grand Prix,Racing Bulls,LAW,6,8,MEDIUM,6,22.617,25.407,30.846,78.87
5,Canadian Grand Prix,Racing Bulls,LAW,7,8,MEDIUM,7,22.539,25.247,30.958,78.744
5,Canadian Grand Prix,Racing Bulls,LAW,8,8,MEDIUM,8,22.401,25.047,30.698,78.146
5,Canadian Grand Prix,Racing Bulls,LAW,9,8,MEDIUM,9,22.531,24.987,30.8,78.318
5,Canadian Grand Prix,Racing Bulls,LAW,10,8,MEDIUM,10,22.464,24.897,30.807,78.168
5,Canadian Grand Prix,Racing Bulls,LAW,11,8,MEDIUM,11,22.498,25.363,30.997,78.858
5,Canadian Grand Prix,Racing Bulls,LAW,12,8,MEDIUM,12,22.309,24.973,30.902,78.184
5,Canadian Grand Prix,Racing Bulls,LAW,13,8,MEDIUM,13,22.397,24.935,31.052,78.384
5,Canadian Grand Prix,Racing Bulls,LAW,14,8,MEDIUM,14,22.361,25.0,30.953,78.314
5,Canadian Grand Prix,Racing Bulls,LAW,15,8,MEDIUM,15,22.244,24.923,30.722,77.889
5,Canadian Grand Prix,Racing Bulls,LAW,16,8,MEDIUM,16,22.098,24.872,30.831,77.801
5,Canadian Grand Prix,Racing Bulls,LAW,17,8,MEDIUM,17,22.111,24.736,30.733,77.58
5,Canadian Grand Prix,Racing Bulls,LAW,18,8,MEDIUM,18,22.136,24.709,30.704,77.549
5,Canadian Grand Prix,Racing Bulls,LAW,19,8,MEDIUM,19,22.243,24.684,30.626,77.553
5,Canadian Grand Prix,Racing Bulls,LAW,20,8,MEDIUM,20,22.123,24.908,30.845,77.876
5,Canadian Grand Prix,Racing Bulls,LAW,21,8,MEDIUM,21,22.427,24.806,30.609,77.842
5,Canadian Grand Prix,Racing Bulls,LAW,22,8,MEDIUM,22,22.089,24.694,30.701,77.484
5,Canadian Grand Prix,Racing Bulls,LAW,23,8,MEDIUM,23,22.206,24.799,30.623,77.628
5,Canadian Grand Prix,Racing Bulls,LAW,24,8,MEDIUM,24,22.053,24.814,30.596,77.463
5,Canadian Grand Prix,Racing Bulls,LAW,25,8,MEDIUM,25,22.028,24.715,31.01,77.753
5,Canadian Grand Prix,Racing Bulls,LAW,26,8,MEDIUM,26,22.227,24.656,30.686,77.569
5,Canadian Grand Prix,Racing Bulls,LAW,27,8,MEDIUM,27,22.075,24.722,30.586,77.383
5,Canadian Grand Prix,Racing Bulls,LAW,28,8,MEDIUM,28,22.058,24.728,30.747,77.533
5,Canadian Grand Prix,Racing Bulls,LAW,29,8,MEDIUM,29,22.035,24.675,30.555,77.265
5,Canadian Grand Prix,Racing Bulls,LAW,30,7,MEDIUM,30,22.06,35.581,53.677,111.318
5,Canadian Grand Prix,Racing Bulls,LAW,31,7,SOFT,1,29.107,39.648,39.477,108.232
5,Canadian Grand Prix,Racing Bulls,LAW,32,7,SOFT,2,23.585,26.491,31.172,81.248
5,Canadian Grand Prix,Racing Bulls,LAW,33,7,SOFT,3,22.529,25.031,30.873,78.433
5,Canadian Grand Prix,Racing Bulls,LAW,34,7,SOFT,4,22.336,24.957,30.884,78.177
5,Canadian Grand Prix,Racing Bulls,LAW,35,7,SOFT,5,22.05,24.666,30.654,77.37
5,Canadian Grand Prix,Racing Bulls,LAW,36,7,SOFT,6,21.814,24.498,30.532,76.844
5,Canadian Grand Prix,Racing Bulls,LAW,37,7,SOFT,7,21.817,24.491,30.666,76.974
5,Canadian Grand Prix,Racing Bulls,LAW,38,7,SOFT,8,21.928,24.58,30.485,76.993
5,Canadian Grand Prix,Racing Bulls,LAW,39,7,SOFT,9,21.735,24.342,31.115,77.192
5,Canadian Grand Prix,Racing Bulls,LAW,40,7,SOFT,10,22.118,24.583,30.771,77.472
5,Canadian Grand Prix,Racing Bulls,LAW,41,7,SOFT,11,21.787,24.565,30.657,77.009
5,Canadian Grand Prix,Racing Bulls,LAW,42,7,SOFT,12,21.795,24.457,30.466,76.718
5,Canadian Grand Prix,Racing Bulls,LAW,43,7,SOFT,13,21.711,24.408,30.479,76.598
5,Canadian Grand Prix,Racing Bulls,LAW,44,7,SOFT,14,21.708,24.5,30.478,76.686
5,Canadian Grand Prix,Racing Bulls,LAW,45,7,SOFT,15,21.634,31.724,40.202,93.56
5,Canadian Grand Prix,Racing Bulls,LAW,46,7,SOFT,16,21.782,24.382,32.175,78.339
5,Canadian Grand Prix,Racing Bulls,LAW,47,7,SOFT,17,22.022,24.335,30.528,76.885
5,Canadian Grand Prix,Racing Bulls,LAW,48,7,SOFT,18,21.672,24.297,30.884,76.853
5,Canadian Grand Prix,Racing Bulls,LAW,49,7,SOFT,19,23.016,25.323,30.857,79.196
5,Canadian Grand Prix,Racing Bulls,LAW,50,7,SOFT,20,21.738,24.205,30.203,76.146
5,Canadian Grand Prix,Racing Bulls,LAW,51,7,SOFT,21,21.68,24.259,35.887,81.826
5,Canadian Grand Prix,Racing Bulls,LAW,52,7,SOFT,22,28.792,32.393,41.464,102.649
5,Canadian Grand Prix,Racing Bulls,LAW,53,7,SOFT,23,27.471,24.988,30.161,82.62
5,Canadian Grand Prix,Racing Bulls,LAW,54,7,SOFT,24,21.679,24.34,30.312,76.331
5,Canadian Grand Prix,Racing Bulls,LAW,55,7,SOFT,25,21.556,24.311,30.213,76.08
5,Canadian Grand Prix,Racing Bulls,LAW,56,7,SOFT,26,21.528,24.27,30.142,75.94
5,Canadian Grand Prix,Racing Bulls,LAW,57,7,SOFT,27,21.539,24.161,30.106,75.806
5,Canadian Grand Prix,Racing Bulls,LAW,58,7,SOFT,28,21.62,24.124,30.359,76.103
5,Canadian Grand Prix,Racing Bulls,LAW,59,7,SOFT,29,21.411,24.113,30.08,75.604
5,Canadian Grand Prix,Racing Bulls,LAW,60,7,SOFT,30,21.649,24.286,30.217,76.152
5,Canadian Grand Prix,Racing Bulls,LAW,61,7,SOFT,31,21.6,24.186,30.195,75.981
5,Canadian Grand Prix,Racing Bulls,LAW,62,7,SOFT,32,21.499,24.207,30.311,76.017
5,Canadian Grand Prix,Racing Bulls,LAW,63,7,SOFT,33,21.627,24.178,30.251,76.056
5,Canadian Grand Prix,Racing Bulls,LAW,64,7,SOFT,34,21.665,24.194,30.995,76.854
5,Canadian Grand Prix,Racing Bulls,LAW,65,7,SOFT,35,22.696,24.592,30.574,77.862
5,Canadian Grand Prix,Racing Bulls,LAW,66,7,SOFT,36,21.778,24.168,30.495,76.441
5,Canadian Grand Prix,Racing Bulls,LAW,67,7,SOFT,37,21.592,24.446,30.389,76.427
5,Canadian Grand Prix,Haas F1 Team,OCO,1,15,SOFT,1,,28.91,33.363,96.762
5,Canadian Grand Prix,Haas F1 Team,OCO,2,12,SOFT,2,25.899,27.088,32.709,85.696
5,Canadian Grand Prix,Haas F1 Team,OCO,3,12,SOFT,3,23.929,26.089,31.667,81.685
5,Canadian Grand Prix,Haas F1 Team,OCO,4,12,SOFT,4,23.505,26.327,31.793,81.625
5,Canadian Grand Prix,Haas F1 Team,OCO,5,12,SOFT,5,23.503,25.891,31.314,80.708
5,Canadian Grand Prix,Haas F1 Team,OCO,6,13,SOFT,6,23.044,25.559,32.022,80.625
5,Canadian Grand Prix,Haas F1 Team,OCO,7,15,SOFT,7,23.616,27.99,31.92,83.526
5,Canadian Grand Prix,Haas F1 Team,OCO,8,15,SOFT,8,23.133,25.305,31.215,79.653
5,Canadian Grand Prix,Haas F1 Team,OCO,9,15,SOFT,9,22.688,25.106,31.308,79.102
5,Canadian Grand Prix,Haas F1 Team,OCO,10,15,SOFT,10,22.56,24.882,31.063,78.505
5,Canadian Grand Prix,Haas F1 Team,OCO,11,15,SOFT,11,22.446,25.491,31.064,79.001
5,Canadian Grand Prix,Haas F1 Team,OCO,12,13,SOFT,12,22.574,25.136,31.903,79.613
5,Canadian Grand Prix,Haas F1 Team,OCO,13,13,SOFT,13,22.67,25.101,31.773,79.544
5,Canadian Grand Prix,Haas F1 Team,OCO,14,14,SOFT,14,22.57,25.014,31.531,79.115
5,Canadian Grand Prix,Haas F1 Team,OCO,15,13,SOFT,15,23.185,25.199,31.299,79.683
5,Canadian Grand Prix,Haas F1 Team,OCO,16,16,SOFT,16,23.358,25.262,49.771,98.391
5,Canadian Grand Prix,Haas F1 Team,OCO,17,17,MEDIUM,1,26.595,25.751,32.816,85.162
5,Canadian Grand Prix,Haas F1 Team,OCO,18,17,MEDIUM,2,22.904,25.405,31.21,79.519
5,Canadian Grand Prix,Haas F1 Team,OCO,19,16,MEDIUM,3,22.992,25.095,31.298,79.385
5,Canadian Grand Prix,Haas F1 Team,OCO,20,16,MEDIUM,4,22.667,24.95,31.073,78.69
5,Canadian Grand Prix,Haas F1 Team,OCO,21,15,MEDIUM,5,22.536,25.076,30.996,78.608
5,Canadian Grand Prix,Haas F1 Team,OCO,22,15,MEDIUM,6,22.552,24.745,31.343,78.64
5,Canadian Grand Prix,Haas F1 Team,OCO,23,15,MEDIUM,7,22.588,24.727,30.972,78.287
5,Canadian Grand Prix,Haas F1 Team,OCO,24,15,MEDIUM,8,22.514,24.899,30.924,78.337
5,Canadian Grand Prix,Haas F1 Team,OCO,25,15,MEDIUM,9,22.522,24.89,31.16,78.572
5,Canadian Grand Prix,Haas F1 Team,OCO,26,15,MEDIUM,10,22.427,24.85,30.987,78.264
5,Canadian Grand Prix,Haas F1 Team,OCO,27,16,MEDIUM,11,22.589,25.224,31.323,79.136
5,Canadian Grand Prix,Haas F1 Team,OCO,28,16,MEDIUM,12,22.756,25.049,30.801,78.606
5,Canadian Grand Prix,Haas F1 Team,OCO,29,16,MEDIUM,13,22.583,32.291,39.266,94.14
5,Canadian Grand Prix,Haas F1 Team,OCO,30,15,MEDIUM,14,29.666,35.912,65.41,130.988
5,Canadian Grand Prix,Haas F1 Team,OCO,31,15,SOFT,1,29.462,26.155,32.659,88.276
5,Canadian Grand Prix,Haas F1 Team,OCO,32,15,SOFT,2,23.513,25.109,30.883,79.505
5,Canadian Grand Prix,Haas F1 Team,OCO,33,15,SOFT,3,22.51,24.973,30.833,78.316
5,Canadian Grand Prix,Haas F1 Team,OCO,34,15,SOFT,4,22.504,26.577,31.135,80.216
5,Canadian Grand Prix,Haas F1 Team,OCO,35,15,SOFT,5,22.41,24.595,30.254,77.259
5,Canadian Grand Prix,Haas F1 Team,OCO,36,15,SOFT,6,22.253,24.684,30.421,77.358
5,Canadian Grand Prix,Haas F1 Team,OCO,37,15,SOFT,7,22.233,24.797,30.562,77.592
5,Canadian Grand Prix,Haas F1 Team,OCO,38,16,SOFT,8,22.261,24.541,31.331,78.133
5,Canadian Grand Prix,Haas F1 Team,OCO,39,14,SOFT,9,23.955,25.354,30.928,80.237
5,Canadian Grand Prix,Haas F1 Team,OCO,40,15,SOFT,10,22.348,24.742,30.312,77.402
5,Canadian Grand Prix,Haas F1 Team,OCO,41,14,SOFT,11,22.183,25.682,30.718,78.583
5,Canadian Grand Prix,Haas F1 Team,OCO,42,14,SOFT,12,22.206,25.041,31.306,78.553
5,Canadian Grand Prix,Haas F1 Team,OCO,43,14,SOFT,13,22.046,24.437,30.192,76.675
5,Canadian Grand Prix,Haas F1 Team,OCO,44,14,SOFT,14,27.674,30.663,34.866,93.203
5,Canadian Grand Prix,Haas F1 Team,OCO,45,14,SOFT,15,22.21,24.868,30.675,77.753
5,Canadian Grand Prix,Haas F1 Team,OCO,46,14,SOFT,16,22.28,25.938,30.636,78.854
5,Canadian Grand Prix,Haas F1 Team,OCO,47,14,SOFT,17,24.116,24.931,30.698,79.745
5,Canadian Grand Prix,Haas F1 Team,OCO,48,14,SOFT,18,22.073,24.661,32.217,78.951
5,Canadian Grand Prix,Haas F1 Team,OCO,49,14,SOFT,19,22.278,24.663,30.373,77.314
5,Canadian Grand Prix,Haas F1 Team,OCO,50,14,SOFT,20,22.355,24.699,45.478,92.532
5,Canadian Grand Prix,Haas F1 Team,OCO,51,14,SOFT,21,26.09,33.194,39.296,98.58
5,Canadian Grand Prix,Haas F1 Team,OCO,52,14,SOFT,22,22.759,25.082,32.634,80.475
5,Canadian Grand Prix,Haas F1 Team,OCO,53,14,SOFT,23,22.724,24.944,30.672,78.34
5,Canadian Grand Prix,Haas F1 Team,OCO,54,14,SOFT,24,22.248,24.456,30.274,76.978
5,Canadian Grand Prix,Haas F1 Team,OCO,55,14,SOFT,25,22.109,25.677,30.598,78.384
5,Canadian Grand Prix,Haas F1 Team,OCO,56,14,SOFT,26,21.914,24.43,30.38,76.724
5,Canadian Grand Prix,Haas F1 Team,OCO,57,14,SOFT,27,22.085,24.48,30.347,76.912
5,Canadian Grand Prix,Haas F1 Team,OCO,58,14,SOFT,28,22.189,24.326,30.399,76.914
5,Canadian Grand Prix,Haas F1 Team,OCO,59,14,SOFT,29,22.039,24.542,30.301,76.882
5,Canadian Grand Prix,Haas F1 Team,OCO,60,14,SOFT,30,21.961,24.417,30.387,76.765
5,Canadian Grand Prix,Haas F1 Team,OCO,61,14,SOFT,31,22.162,24.547,30.807,77.516
5,Canadian Grand Prix,Haas F1 Team,OCO,62,14,SOFT,32,22.084,24.416,30.492,76.992
5,Canadian Grand Prix,Haas F1 Team,OCO,63,14,SOFT,33,22.014,24.342,30.48,76.836
5,Canadian Grand Prix,Haas F1 Team,OCO,64,14,SOFT,34,21.845,24.294,30.438,76.577
5,Canadian Grand Prix,Haas F1 Team,OCO,65,14,SOFT,35,21.903,24.265,30.571,76.739
5,Canadian Grand Prix,Haas F1 Team,OCO,66,14,SOFT,36,21.955,24.337,30.462,76.754
5,Canadian Grand Prix,Alpine,COL,1,8,MEDIUM,1,,27.483,32.879,92.675
5,Canadian Grand Prix,Alpine,COL,2,7,MEDIUM,2,23.826,25.97,32.429,82.225
5,Canadian Grand Prix,Alpine,COL,3,7,MEDIUM,3,23.19,25.815,31.989,80.994
5,Canadian Grand Prix,Alpine,COL,4,7,MEDIUM,4,22.953,25.314,31.776,80.043
5,Canadian Grand Prix,Alpine,COL,5,7,MEDIUM,5,22.671,25.045,31.26,78.976
5,Canadian Grand Prix,Alpine,COL,6,7,MEDIUM,6,22.613,25.009,31.243,78.865
5,Canadian Grand Prix,Alpine,COL,7,7,MEDIUM,7,22.498,24.957,31.088,78.543
5,Canadian Grand Prix,Alpine,COL,8,7,MEDIUM,8,22.413,24.901,30.973,78.287
5,Canadian Grand Prix,Alpine,COL,9,7,MEDIUM,9,22.408,24.881,31.019,78.308
5,Canadian Grand Prix,Alpine,COL,10,7,MEDIUM,10,22.271,24.855,30.878,78.004
5,Canadian Grand Prix,Alpine,COL,11,7,MEDIUM,11,22.214,25.008,30.995,78.217
5,Canadian Grand Prix,Alpine,COL,12,7,MEDIUM,12,22.181,24.653,30.868,77.702
5,Canadian Grand Prix,Alpine,COL,13,7,MEDIUM,13,22.04,24.896,31.393,78.329
5,Canadian Grand Prix,Alpine,COL,14,7,MEDIUM,14,22.155,24.704,30.969,77.828
5,Canadian Grand Prix,Alpine,COL,15,7,MEDIUM,15,21.944,24.653,30.885,77.482
5,Canadian Grand Prix,Alpine,COL,16,7,MEDIUM,16,22.015,24.584,30.693,77.292
5,Canadian Grand Prix,Alpine,COL,17,7,MEDIUM,17,21.88,24.576,30.682,77.138
5,Canadian Grand Prix,Alpine,COL,18,7,MEDIUM,18,21.947,24.596,30.472,77.015
5,Canadian Grand Prix,Alpine,COL,19,7,MEDIUM,19,21.968,24.545,30.851,77.364
5,Canadian Grand Prix,Alpine,COL,20,7,MEDIUM,20,22.057,24.505,30.456,77.018
5,Canadian Grand Prix,Alpine,COL,21,7,MEDIUM,21,21.912,24.387,30.564,76.863
5,Canadian Grand Prix,Alpine,COL,22,7,MEDIUM,22,22.083,24.539,30.513,77.135
5,Canadian Grand Prix,Alpine,COL,23,7,MEDIUM,23,22.049,24.369,30.653,77.071
5,Canadian Grand Prix,Alpine,COL,24,7,MEDIUM,24,22.003,24.362,30.463,76.828
5,Canadian Grand Prix,Alpine,COL,25,7,MEDIUM,25,21.991,24.396,30.699,77.086
5,Canadian Grand Prix,Alpine,COL,26,7,MEDIUM,26,21.973,24.498,30.631,77.102
5,Canadian Grand Prix,Alpine,COL,27,7,MEDIUM,27,22.032,24.535,30.907,77.474
5,Canadian Grand Prix,Alpine,COL,28,7,MEDIUM,28,21.923,24.487,30.655,77.065
5,Canadian Grand Prix,Alpine,COL,29,7,MEDIUM,29,21.872,24.451,30.382,76.705
5,Canadian Grand Prix,Alpine,COL,30,6,MEDIUM,30,22.022,29.909,57.016,108.947
5,Canadian Grand Prix,Alpine,COL,31,6,HARD,1,33.22,33.116,39.001,105.337
5,Canadian Grand Prix,Alpine,COL,32,6,HARD,2,28.593,26.384,31.536,86.513
5,Canadian Grand Prix,Alpine,COL,33,6,HARD,3,22.525,24.978,31.294,78.797
5,Canadian Grand Prix,Alpine,COL,34,6,HARD,4,22.232,24.673,30.917,77.822
5,Canadian Grand Prix,Alpine,COL,35,6,HARD,5,22.17,24.423,30.742,77.335
5,Canadian Grand Prix,Alpine,COL,36,6,HARD,6,21.944,24.452,30.843,77.239
5,Canadian Grand Prix,Alpine,COL,37,6,HARD,7,21.871,24.259,30.542,76.672
5,Canadian Grand Prix,Alpine,COL,38,6,HARD,8,21.847,24.279,30.42,76.546
5,Canadian Grand Prix,Alpine,COL,39,6,HARD,9,21.735,24.324,30.62,76.679
5,Canadian Grand Prix,Alpine,COL,40,6,HARD,10,21.827,24.439,30.613,76.879
5,Canadian Grand Prix,Alpine,COL,41,6,HARD,11,21.867,24.317,30.606,76.79
5,Canadian Grand Prix,Alpine,COL,42,6,HARD,12,21.763,24.269,30.586,76.618
5,Canadian Grand Prix,Alpine,COL,43,6,HARD,13,21.829,24.289,30.808,76.926
5,Canadian Grand Prix,Alpine,COL,44,6,HARD,14,21.603,24.022,30.624,76.249
5,Canadian Grand Prix,Alpine,COL,45,6,HARD,15,21.517,27.498,41.308,90.323
5,Canadian Grand Prix,Alpine,COL,46,6,HARD,16,24.339,24.646,30.612,79.597
5,Canadian Grand Prix,Alpine,COL,47,6,HARD,17,21.699,24.169,30.753,76.621
5,Canadian Grand Prix,Alpine,COL,48,6,HARD,18,21.682,24.165,30.763,76.61
5,Canadian Grand Prix,Alpine,COL,49,6,HARD,19,21.72,24.15,30.667,76.537
5,Canadian Grand Prix,Alpine,COL,50,6,HARD,20,21.574,24.123,30.613,76.31
5,Canadian Grand Prix,Alpine,COL,51,6,HARD,21,21.738,24.024,30.491,76.253
5,Canadian Grand Prix,Alpine,COL,52,6,HARD,22,28.269,32.218,42.457,102.944
5,Canadian Grand Prix,Alpine,COL,53,6,HARD,23,28.857,27.044,31.465,87.366
5,Canadian Grand Prix,Alpine,COL,54,6,HARD,24,22.286,24.539,30.852,77.677
5,Canadian Grand Prix,Alpine,COL,55,6,HARD,25,21.884,24.314,30.611,76.809
5,Canadian Grand Prix,Alpine,COL,56,6,HARD,26,21.95,25.61,30.37,77.93
5,Canadian Grand Prix,Alpine,COL,57,6,HARD,27,21.686,24.192,30.633,76.511
5,Canadian Grand Prix,Alpine,COL,58,6,HARD,28,21.602,24.2,30.566,76.368
5,Canadian Grand Prix,Alpine,COL,59,6,HARD,29,21.667,24.072,30.348,76.087
5,Canadian Grand Prix,Alpine,COL,60,6,HARD,30,21.543,24.066,30.581,76.19
5,Canadian Grand Prix,Alpine,COL,61,6,HARD,31,24.029,24.288,30.156,78.473
5,Canadian Grand Prix,Alpine,COL,62,6,HARD,32,21.567,24.001,30.197,75.765
5,Canadian Grand Prix,Alpine,COL,63,6,HARD,33,21.693,24.202,30.391,76.286
5,Canadian Grand Prix,Alpine,COL,64,6,HARD,34,21.577,24.086,30.382,76.045
5,Canadian Grand Prix,Alpine,COL,65,6,HARD,35,21.521,24.107,30.352,75.98
5,Canadian Grand Prix,Alpine,COL,66,6,HARD,36,21.614,24.127,30.4,76.141
5,Canadian Grand Prix,Alpine,COL,67,6,HARD,37,21.489,23.97,30.003,75.462
5,Canadian Grand Prix,Ferrari,HAM,1,4,SOFT,4,,26.605,31.751,88.522
5,Canadian Grand Prix,Ferrari,HAM,2,3,SOFT,5,23.569,25.55,31.551,80.67
5,Canadian Grand Prix,Ferrari,HAM,3,3,SOFT,6,23.77,25.036,30.902,79.708
5,Canadian Grand Prix,Ferrari,HAM,4,3,SOFT,7,22.768,24.704,30.521,77.993
5,Canadian Grand Prix,Ferrari,HAM,5,3,SOFT,8,22.407,24.493,30.555,77.455
5,Canadian Grand Prix,Ferrari,HAM,6,3,SOFT,9,22.235,24.273,30.506,77.014
5,Canadian Grand Prix,Ferrari,HAM,7,3,SOFT,10,22.206,24.366,30.41,76.982
5,Canadian Grand Prix,Ferrari,HAM,8,3,SOFT,11,22.125,24.331,30.205,76.661
5,Canadian Grand Prix,Ferrari,HAM,9,4,SOFT,12,22.974,24.507,30.439,77.92
5,Canadian Grand Prix,Ferrari,HAM,10,4,SOFT,13,21.941,24.294,30.185,76.42
5,Canadian Grand Prix,Ferrari,HAM,11,4,SOFT,14,21.959,24.183,30.321,76.463
5,Canadian Grand Prix,Ferrari,HAM,12,4,SOFT,15,21.819,24.342,30.066,76.227
5,Canadian Grand Prix,Ferrari,HAM,13,4,SOFT,16,21.801,24.281,30.4,76.482
5,Canadian Grand Prix,Ferrari,HAM,14,4,SOFT,17,21.867,24.254,30.277,76.398
5,Canadian Grand Prix,Ferrari,HAM,15,4,SOFT,18,21.878,24.358,30.023,76.259
5,Canadian Grand Prix,Ferrari,HAM,16,4,SOFT,19,21.815,24.22,29.972,76.007
5,Canadian Grand Prix,Ferrari,HAM,17,4,SOFT,20,21.867,24.223,29.978,76.068
5,Canadian Grand Prix,Ferrari,HAM,18,4,SOFT,21,21.945,24.274,29.952,76.171
5,Canadian Grand Prix,Ferrari,HAM,19,4,SOFT,22,21.899,24.269,29.896,76.064
5,Canadian Grand Prix,Ferrari,HAM,20,4,SOFT,23,21.848,24.161,29.952,75.961
5,Canadian Grand Prix,Ferrari,HAM,21,4,SOFT,24,22.132,24.4,30.321,76.853
5,Canadian Grand Prix,Ferrari,HAM,22,4,SOFT,25,21.893,27.568,30.738,80.199
5,Canadian Grand Prix,Ferrari,HAM,23,4,SOFT,26,21.798,24.307,30.379,76.484
5,Canadian Grand Prix,Ferrari,HAM,24,4,SOFT,27,21.845,24.287,30.371,76.503
5,Canadian Grand Prix,Ferrari,HAM,25,4,SOFT,28,21.737,24.326,30.341,76.404
5,Canadian Grand Prix,Ferrari,HAM,26,4,SOFT,29,21.763,24.321,30.349,76.433
5,Canadian Grand Prix,Ferrari,HAM,27,4,SOFT,30,21.788,24.36,30.267,76.415
5,Canadian Grand Prix,Ferrari,HAM,28,4,SOFT,31,21.693,24.215,30.272,76.18
5,Canadian Grand Prix,Ferrari,HAM,29,4,SOFT,32,21.75,24.272,30.352,76.374
5,Canadian Grand Prix,Ferrari,HAM,30,3,SOFT,33,21.868,25.284,31.821,78.973
5,Canadian Grand Prix,Ferrari,HAM,31,3,SOFT,34,31.103,37.431,54.42,122.954
5,Canadian Grand Prix,Ferrari,HAM,32,3,MEDIUM,1,29.796,33.799,32.816,96.411
5,Canadian Grand Prix,Ferrari,HAM,33,3,MEDIUM,2,22.557,24.865,30.553,77.975
5,Canadian Grand Prix,Ferrari,HAM,34,3,MEDIUM,3,21.834,24.42,30.244,76.498
5,Canadian Grand Prix,Ferrari,HAM,35,3,MEDIUM,4,21.656,24.047,30.069,75.772
5,Canadian Grand Prix,Ferrari,HAM,36,3,MEDIUM,5,21.589,23.879,30.182,75.65
5,Canadian Grand Prix,Ferrari,HAM,37,3,MEDIUM,6,21.511,23.908,29.866,75.285
5,Canadian Grand Prix,Ferrari,HAM,38,3,MEDIUM,7,21.713,23.928,29.912,75.553
5,Canadian Grand Prix,Ferrari,HAM,39,3,MEDIUM,8,21.359,23.857,30.17,75.386
5,Canadian Grand Prix,Ferrari,HAM,40,3,MEDIUM,9,21.416,23.868,29.855,75.139
5,Canadian Grand Prix,Ferrari,HAM,41,3,MEDIUM,10,21.425,24.143,29.889,75.457
5,Canadian Grand Prix,Ferrari,HAM,42,3,MEDIUM,11,21.311,23.842,30.09,75.243
5,Canadian Grand Prix,Ferrari,HAM,43,3,MEDIUM,12,21.647,23.811,29.827,75.285
5,Canadian Grand Prix,Ferrari,HAM,44,3,MEDIUM,13,21.362,23.795,30.051,75.208
5,Canadian Grand Prix,Ferrari,HAM,45,3,MEDIUM,14,21.283,23.722,29.955,74.96
5,Canadian Grand Prix,Ferrari,HAM,46,3,MEDIUM,15,25.939,30.828,35.401,92.168
5,Canadian Grand Prix,Ferrari,HAM,47,3,MEDIUM,16,21.582,23.812,30.017,75.411
5,Canadian Grand Prix,Ferrari,HAM,48,3,MEDIUM,17,21.364,23.654,29.896,74.914
5,Canadian Grand Prix,Ferrari,HAM,49,3,MEDIUM,18,21.339,24.029,29.818,75.186
5,Canadian Grand Prix,Ferrari,HAM,50,3,MEDIUM,19,21.51,23.9,29.971,75.381
5,Canadian Grand Prix,Ferrari,HAM,51,3,MEDIUM,20,21.35,23.743,29.869,74.962
5,Canadian Grand Prix,Ferrari,HAM,52,3,MEDIUM,21,21.226,23.797,34.546,79.569
5,Canadian Grand Prix,Ferrari,HAM,53,3,MEDIUM,22,27.266,33.201,42.301,102.768
5,Canadian Grand Prix,Ferrari,HAM,54,3,MEDIUM,23,26.814,24.241,29.99,81.045
5,Canadian Grand Prix,Ferrari,HAM,55,3,MEDIUM,24,21.464,23.814,29.812,75.09
5,Canadian Grand Prix,Ferrari,HAM,56,3,MEDIUM,25,21.549,23.774,29.849,75.172
5,Canadian Grand Prix,Ferrari,HAM,57,3,MEDIUM,26,21.953,24.026,30.004,75.983
5,Canadian Grand Prix,Ferrari,HAM,58,3,MEDIUM,27,21.829,23.92,29.71,75.459
5,Canadian Grand Prix,Ferrari,HAM,59,3,MEDIUM,28,21.512,23.804,29.829,75.145
5,Canadian Grand Prix,Ferrari,HAM,60,3,MEDIUM,29,21.485,23.742,29.524,74.751
5,Canadian Grand Prix,Ferrari,HAM,61,3,MEDIUM,30,21.319,23.726,29.528,74.573
5,Canadian Grand Prix,Ferrari,HAM,62,2,MEDIUM,31,21.339,23.879,29.898,75.116
5,Canadian Grand Prix,Ferrari,HAM,63,2,MEDIUM,32,21.371,23.803,29.716,74.89
5,Canadian Grand Prix,Ferrari,HAM,64,2,MEDIUM,33,21.476,23.708,29.885,75.069
5,Canadian Grand Prix,Ferrari,HAM,65,2,MEDIUM,34,21.28,23.72,29.689,74.689
5,Canadian Grand Prix,Ferrari,HAM,66,2,MEDIUM,35,21.296,23.69,29.815,74.801
5,Canadian Grand Prix,Ferrari,HAM,67,2,MEDIUM,36,21.521,23.608,29.57,74.699
5,Canadian Grand Prix,Ferrari,HAM,68,2,MEDIUM,37,21.302,23.721,29.623,74.646
5,Canadian Grand Prix,Audi,BOR,1,13,INTERMEDIATE,1,,28.391,33.851,95.549
5,Canadian Grand Prix,Audi,BOR,2,20,INTERMEDIATE,2,25.844,27.267,54.243,107.354
5,Canadian Grand Prix,Audi,BOR,3,19,SOFT,1,27.435,26.964,32.742,87.141
5,Canadian Grand Prix,Audi,BOR,4,19,SOFT,2,23.661,25.742,31.816,81.219
5,Canadian Grand Prix,Audi,BOR,5,19,SOFT,3,23.117,25.417,31.306,79.84
5,Canadian Grand Prix,Audi,BOR,6,19,SOFT,4,22.668,25.265,31.375,79.308
5,Canadian Grand Prix,Audi,BOR,7,19,SOFT,5,22.492,25.147,30.906,78.545
5,Canadian Grand Prix,Audi,BOR,8,19,SOFT,6,22.571,25.079,30.866,78.516
5,Canadian Grand Prix,Audi,BOR,9,19,SOFT,7,22.384,25.101,30.868,78.353
5,Canadian Grand Prix,Audi,BOR,10,19,SOFT,8,22.329,24.944,30.658,77.931
5,Canadian Grand Prix,Audi,BOR,11,18,SOFT,9,22.217,25.377,30.874,78.468
5,Canadian Grand Prix,Audi,BOR,12,16,SOFT,10,22.298,24.827,31.32,78.445
5,Canadian Grand Prix,Audi,BOR,13,16,SOFT,11,22.303,24.968,31.008,78.279
5,Canadian Grand Prix,Audi,BOR,14,16,SOFT,12,22.184,24.84,30.674,77.698
5,Canadian Grand Prix,Audi,BOR,15,16,SOFT,13,22.25,24.827,30.827,77.904
5,Canadian Grand Prix,Audi,BOR,16,15,SOFT,14,22.218,24.826,30.708,77.752
5,Canadian Grand Prix,Audi,BOR,17,15,SOFT,15,22.228,24.702,30.771,77.701
5,Canadian Grand Prix,Audi,BOR,18,16,SOFT,16,22.148,24.775,47.491,94.414
5,Canadian Grand Prix,Audi,BOR,19,17,MEDIUM,1,26.942,26.595,31.571,85.108
5,Canadian Grand Prix,Audi,BOR,20,17,MEDIUM,2,22.931,25.163,30.896,78.99
5,Canadian Grand Prix,Audi,BOR,21,16,MEDIUM,3,22.981,25.837,31.162,79.98
5,Canadian Grand Prix,Audi,BOR,22,16,MEDIUM,4,22.474,24.996,30.74,78.21
5,Canadian Grand Prix,Audi,BOR,23,16,MEDIUM,5,22.246,24.783,30.682,77.711
5,Canadian Grand Prix,Audi,BOR,24,16,MEDIUM,6,22.287,24.642,30.554,77.483
5,Canadian Grand Prix,Audi,BOR,25,16,MEDIUM,7,22.512,24.764,30.407,77.683
5,Canadian Grand Prix,Audi,BOR,26,16,MEDIUM,8,22.259,24.776,30.673,77.708
5,Canadian Grand Prix,Audi,BOR,27,15,MEDIUM,9,22.371,25.181,30.419,77.971
5,Canadian Grand Prix,Audi,BOR,28,15,MEDIUM,10,22.271,24.713,30.372,77.356
5,Canadian Grand Prix,Audi,BOR,29,15,MEDIUM,11,22.18,25.35,42.794,90.324
5,Canadian Grand Prix,Audi,BOR,30,14,MEDIUM,12,30.029,34.789,39.986,104.804
5,Canadian Grand Prix,Audi,BOR,31,14,MEDIUM,13,29.301,31.547,31.778,92.626
5,Canadian Grand Prix,Audi,BOR,32,14,MEDIUM,14,22.81,25.141,30.84,78.791
5,Canadian Grand Prix,Audi,BOR,33,14,MEDIUM,15,22.366,24.808,30.641,77.815
5,Canadian Grand Prix,Audi,BOR,34,14,MEDIUM,16,22.186,24.689,30.633,77.508
5,Canadian Grand Prix,Audi,BOR,35,14,MEDIUM,17,22.033,24.475,30.601,77.109
5,Canadian Grand Prix,Audi,BOR,36,14,MEDIUM,18,21.99,24.432,30.441,76.863
5,Canadian Grand Prix,Audi,BOR,37,14,MEDIUM,19,21.874,24.386,30.424,76.684
5,Canadian Grand Prix,Audi,BOR,38,14,MEDIUM,20,21.828,24.393,30.328,76.549
5,Canadian Grand Prix,Audi,BOR,39,13,MEDIUM,21,21.758,24.327,30.333,76.418
5,Canadian Grand Prix,Audi,BOR,40,13,MEDIUM,22,21.83,24.427,30.358,76.615
5,Canadian Grand Prix,Audi,BOR,41,13,MEDIUM,23,21.824,24.506,30.297,76.627
5,Canadian Grand Prix,Audi,BOR,42,13,MEDIUM,24,21.897,24.269,30.236,76.402
5,Canadian Grand Prix,Audi,BOR,43,13,MEDIUM,25,22.522,25.073,30.549,78.144
5,Canadian Grand Prix,Audi,BOR,44,13,MEDIUM,26,21.867,24.372,39.515,85.754
5,Canadian Grand Prix,Audi,BOR,45,13,MEDIUM,27,28.572,25.179,30.506,84.257
5,Canadian Grand Prix,Audi,BOR,46,13,MEDIUM,28,21.814,24.518,30.331,76.663
5,Canadian Grand Prix,Audi,BOR,47,13,MEDIUM,29,21.839,24.332,30.486,76.657
5,Canadian Grand Prix,Audi,BOR,48,13,MEDIUM,30,21.76,24.327,30.179,76.266
5,Canadian Grand Prix,Audi,BOR,49,13,MEDIUM,31,21.853,24.446,30.463,76.762
5,Canadian Grand Prix,Audi,BOR,50,13,MEDIUM,32,21.737,24.229,30.255,76.221
5,Canadian Grand Prix,Audi,BOR,51,12,MEDIUM,33,21.735,32.799,42.437,96.971
5,Canadian Grand Prix,Audi,BOR,52,12,MEDIUM,34,30.1,34.976,31.223,96.299
5,Canadian Grand Prix,Audi,BOR,53,12,MEDIUM,35,22.303,24.708,30.658,77.669
5,Canadian Grand Prix,Audi,BOR,54,12,MEDIUM,36,22.116,24.55,30.455,77.121
5,Canadian Grand Prix,Audi,BOR,55,12,MEDIUM,37,21.97,24.691,30.29,76.951
5,Canadian Grand Prix,Audi,BOR,56,12,MEDIUM,38,21.944,24.437,30.349,76.73
5,Canadian Grand Prix,Audi,BOR,57,12,MEDIUM,39,21.949,24.313,30.537,76.799
5,Canadian Grand Prix,Audi,BOR,58,12,MEDIUM,40,21.992,24.508,30.199,76.699
5,Canadian Grand Prix,Audi,BOR,59,12,MEDIUM,41,21.795,24.296,30.28,76.371
5,Canadian Grand Prix,Audi,BOR,60,12,MEDIUM,42,21.995,24.399,30.175,76.569
5,Canadian Grand Prix,Audi,BOR,61,12,MEDIUM,43,21.91,25.327,30.088,77.325
5,Canadian Grand Prix,Audi,BOR,62,12,MEDIUM,44,21.989,24.56,30.384,76.933
5,Canadian Grand Prix,Audi,BOR,63,13,MEDIUM,45,22.012,24.707,30.72,77.439
5,Canadian Grand Prix,Audi,BOR,64,13,MEDIUM,46,21.783,26.523,32.193,80.499
5,Canadian Grand Prix,Audi,BOR,65,13,MEDIUM,47,22.028,24.374,30.085,76.487
5,Canadian Grand Prix,Audi,BOR,66,13,MEDIUM,48,21.854,24.508,30.214,76.576
5,Canadian Grand Prix,Williams,SAI,1,16,INTERMEDIATE,1,,29.098,33.957,98.114
5,Canadian Grand Prix,Williams,SAI,2,19,INTERMEDIATE,2,25.377,27.774,49.308,102.459
5,Canadian Grand Prix,Williams,SAI,3,18,MEDIUM,9,26.944,26.758,32.684,86.386
5,Canadian Grand Prix,Williams,SAI,4,18,MEDIUM,10,23.11,25.348,31.363,79.821
5,Canadian Grand Prix,Williams,SAI,5,18,MEDIUM,11,22.548,24.99,31.067,78.605
5,Canadian Grand Prix,Williams,SAI,6,17,MEDIUM,12,22.27,24.749,31.165,78.184
5,Canadian Grand Prix,Williams,SAI,7,17,MEDIUM,13,22.294,24.818,31.024,78.136
5,Canadian Grand Prix,Williams,SAI,8,16,MEDIUM,14,22.151,24.796,31.026,77.973
5,Canadian Grand Prix,Williams,SAI,9,16,MEDIUM,15,22.074,24.716,30.806,77.596
5,Canadian Grand Prix,Williams,SAI,10,16,MEDIUM,16,22.007,24.522,30.839,77.368
5,Canadian Grand Prix,Williams,SAI,11,16,MEDIUM,17,21.92,24.628,30.906,77.454
5,Canadian Grand Prix,Williams,SAI,12,14,MEDIUM,18,22.172,24.657,31.565,78.394
5,Canadian Grand Prix,Williams,SAI,13,14,MEDIUM,19,21.946,24.545,31.127,77.618
5,Canadian Grand Prix,Williams,SAI,14,13,MEDIUM,20,21.951,24.521,30.574,77.046
5,Canadian Grand Prix,Williams,SAI,15,11,MEDIUM,21,22.5,25.024,31.437,78.961
5,Canadian Grand Prix,Williams,SAI,16,11,MEDIUM,22,22.077,24.546,30.921,77.544
5,Canadian Grand Prix,Williams,SAI,17,11,MEDIUM,23,21.95,24.543,30.728,77.221
5,Canadian Grand Prix,Williams,SAI,18,11,MEDIUM,24,21.98,24.443,30.746,77.169
5,Canadian Grand Prix,Williams,SAI,19,11,MEDIUM,25,22.103,24.559,30.817,77.479
5,Canadian Grand Prix,Williams,SAI,20,11,MEDIUM,26,21.911,24.4,30.821,77.132
5,Canadian Grand Prix,Williams,SAI,21,11,MEDIUM,27,21.827,24.495,30.902,77.224
5,Canadian Grand Prix,Williams,SAI,22,11,MEDIUM,28,21.843,24.424,30.948,77.215
5,Canadian Grand Prix,Williams,SAI,23,11,MEDIUM,29,21.949,24.483,30.566,76.998
5,Canadian Grand Prix,Williams,SAI,24,11,MEDIUM,30,21.815,24.75,30.575,77.14
5,Canadian Grand Prix,Williams,SAI,25,11,MEDIUM,31,21.854,24.382,30.601,76.837
5,Canadian Grand Prix,Williams,SAI,26,11,MEDIUM,32,21.817,24.328,30.51,76.655
5,Canadian Grand Prix,Williams,SAI,27,11,MEDIUM,33,21.912,24.496,30.581,76.989
5,Canadian Grand Prix,Williams,SAI,28,11,MEDIUM,34,21.793,24.394,30.872,77.059
5,Canadian Grand Prix,Williams,SAI,29,11,MEDIUM,35,21.877,24.349,30.51,76.736
5,Canadian Grand Prix,Williams,SAI,30,10,MEDIUM,36,26.995,35.29,53.998,116.283
5,Canadian Grand Prix,Williams,SAI,31,10,MEDIUM,1,30.612,36.432,37.539,104.583
5,Canadian Grand Prix,Williams,SAI,32,10,MEDIUM,2,23.209,25.552,31.031,79.792
5,Canadian Grand Prix,Williams,SAI,33,10,MEDIUM,3,22.386,25.105,31.109,78.6
5,Canadian Grand Prix,Williams,SAI,34,10,MEDIUM,4,22.284,25.842,30.616,78.742
5,Canadian Grand Prix,Williams,SAI,35,10,MEDIUM,5,21.951,24.493,30.724,77.168
5,Canadian Grand Prix,Williams,SAI,36,10,MEDIUM,6,21.778,24.305,30.516,76.599
5,Canadian Grand Prix,Williams,SAI,37,10,MEDIUM,7,22.23,24.504,32.227,78.961
5,Canadian Grand Prix,Williams,SAI,38,10,MEDIUM,8,21.921,24.239,30.357,76.517
5,Canadian Grand Prix,Williams,SAI,39,9,MEDIUM,9,21.746,24.362,30.656,76.764
5,Canadian Grand Prix,Williams,SAI,40,9,MEDIUM,10,22.271,25.771,30.38,78.422
5,Canadian Grand Prix,Williams,SAI,41,9,MEDIUM,11,21.674,24.138,30.84,76.652
5,Canadian Grand Prix,Williams,SAI,42,9,MEDIUM,12,21.698,24.703,30.431,76.832
5,Canadian Grand Prix,Williams,SAI,43,9,MEDIUM,13,21.632,24.217,30.554,76.403
5,Canadian Grand Prix,Williams,SAI,44,9,MEDIUM,14,21.541,24.318,32.642,78.501
5,Canadian Grand Prix,Williams,SAI,45,9,MEDIUM,15,32.618,28.986,33.297,94.901
5,Canadian Grand Prix,Williams,SAI,46,9,MEDIUM,16,21.528,24.304,30.635,76.467
5,Canadian Grand Prix,Williams,SAI,47,9,MEDIUM,17,21.835,24.402,30.747,76.984
5,Canadian Grand Prix,Williams,SAI,48,9,MEDIUM,18,21.768,24.291,30.255,76.314
5,Canadian Grand Prix,Williams,SAI,49,9,MEDIUM,19,21.714,24.203,30.592,76.509
5,Canadian Grand Prix,Williams,SAI,50,9,MEDIUM,20,21.66,24.206,30.447,76.313
5,Canadian Grand Prix,Williams,SAI,51,9,MEDIUM,21,22.478,24.41,45.769,92.657
5,Canadian Grand Prix,Williams,SAI,52,9,MEDIUM,22,25.324,33.675,38.977,97.976
5,Canadian Grand Prix,Williams,SAI,53,9,MEDIUM,23,22.637,24.581,30.544,77.762
5,Canadian Grand Prix,Williams,SAI,54,9,MEDIUM,24,21.734,24.315,30.715,76.764
5,Canadian Grand Prix,Williams,SAI,55,9,MEDIUM,25,22.162,24.297,30.395,76.854
5,Canadian Grand Prix,Williams,SAI,56,9,MEDIUM,26,21.648,24.137,30.306,76.091
5,Canadian Grand Prix,Williams,SAI,57,9,MEDIUM,27,21.726,24.247,30.346,76.319
5,Canadian Grand Prix,Williams,SAI,58,9,MEDIUM,28,21.608,25.202,30.434,77.244
5,Canadian Grand Prix,Williams,SAI,59,9,MEDIUM,29,21.754,24.191,30.386,76.331
5,Canadian Grand Prix,Williams,SAI,60,9,MEDIUM,30,21.573,24.279,30.182,76.034
5,Canadian Grand Prix,Williams,SAI,61,9,MEDIUM,31,21.602,25.692,30.146,77.44
5,Canadian Grand Prix,Williams,SAI,62,9,MEDIUM,32,21.681,24.253,30.563,76.497
5,Canadian Grand Prix,Williams,SAI,63,9,MEDIUM,33,21.691,24.14,30.542,76.373
5,Canadian Grand Prix,Williams,SAI,64,9,MEDIUM,34,21.51,24.092,30.286,75.888
5,Canadian Grand Prix,Williams,SAI,65,9,MEDIUM,35,21.595,24.082,30.175,75.852
5,Canadian Grand Prix,Williams,SAI,66,9,MEDIUM,36,21.594,27.03,30.786,79.41
5,Canadian Grand Prix,Williams,SAI,67,9,MEDIUM,37,21.798,24.246,30.416,76.46
5,Canadian Grand Prix,Red Bull Racing,HAD,1,7,SOFT,5,,27.319,32.188,91.557
5,Canadian Grand Prix,Red Bull Racing,HAD,2,6,SOFT,6,23.667,25.815,31.194,80.676
5,Canadian Grand Prix,Red Bull Racing,HAD,3,6,SOFT,7,22.96,25.381,30.94,79.281
5,Canadian Grand Prix,Red Bull Racing,HAD,4,6,SOFT,8,22.529,25.291,31.14,78.96
5,Canadian Grand Prix,Red Bull Racing,HAD,5,6,SOFT,9,22.373,24.933,30.607,77.913
5,Canadian Grand Prix,Red Bull Racing,HAD,6,6,SOFT,10,22.021,24.849,30.968,77.838
5,Canadian Grand Prix,Red Bull Racing,HAD,7,6,SOFT,11,21.867,24.642,30.655,77.164
5,Canadian Grand Prix,Red Bull Racing,HAD,8,6,SOFT,12,21.828,24.586,30.468,76.882
5,Canadian Grand Prix,Red Bull Racing,HAD,9,6,SOFT,13,21.747,24.765,30.386,76.898
5,Canadian Grand Prix,Red Bull Racing,HAD,10,6,SOFT,14,21.626,24.545,30.191,76.362
5,Canadian Grand Prix,Red Bull Racing,HAD,11,6,SOFT,15,21.608,24.413,30.201,76.222
5,Canadian Grand Prix,Red Bull Racing,HAD,12,6,SOFT,16,21.784,24.402,30.476,76.662
5,Canadian Grand Prix,Red Bull Racing,HAD,13,6,SOFT,17,21.7,24.614,30.746,77.06
5,Canadian Grand Prix,Red Bull Racing,HAD,14,6,SOFT,18,21.744,24.576,31.146,77.466
5,Canadian Grand Prix,Red Bull Racing,HAD,15,6,SOFT,19,21.983,24.605,30.253,76.841
5,Canadian Grand Prix,Red Bull Racing,HAD,16,6,SOFT,20,21.843,24.494,30.2,76.537
5,Canadian Grand Prix,Red Bull Racing,HAD,17,6,SOFT,21,21.823,24.473,30.203,76.499
5,Canadian Grand Prix,Red Bull Racing,HAD,18,6,SOFT,22,21.915,24.338,30.479,76.732
5,Canadian Grand Prix,Red Bull Racing,HAD,19,6,SOFT,23,21.83,24.441,30.204,76.475
5,Canadian Grand Prix,Red Bull Racing,HAD,20,6,SOFT,24,21.722,24.358,30.435,76.515
5,Canadian Grand Prix,Red Bull Racing,HAD,21,6,SOFT,25,21.626,24.383,30.273,76.282
5,Canadian Grand Prix,Red Bull Racing,HAD,22,6,SOFT,26,21.724,24.423,30.175,76.322
5,Canadian Grand Prix,Red Bull Racing,HAD,23,6,SOFT,27,21.649,24.333,30.194,76.176
5,Canadian Grand Prix,Red Bull Racing,HAD,24,6,SOFT,28,21.752,24.42,30.255,76.427
5,Canadian Grand Prix,Red Bull Racing,HAD,25,6,SOFT,29,21.718,24.365,30.477,76.56
5,Canadian Grand Prix,Red Bull Racing,HAD,26,6,SOFT,30,21.734,24.377,30.042,76.153
5,Canadian Grand Prix,Red Bull Racing,HAD,27,6,SOFT,31,21.62,24.454,30.244,76.318
5,Canadian Grand Prix,Red Bull Racing,HAD,28,6,SOFT,32,21.742,24.504,30.383,76.629
5,Canadian Grand Prix,Red Bull Racing,HAD,29,6,SOFT,33,22.013,24.628,30.452,77.093
5,Canadian Grand Prix,Red Bull Racing,HAD,30,5,SOFT,34,21.816,24.449,36.053,82.318
5,Canadian Grand Prix,Red Bull Racing,HAD,31,4,SOFT,35,26.876,35.326,55.316,117.518
5,Canadian Grand Prix,Red Bull Racing,HAD,32,4,MEDIUM,1,31.26,32.702,32.42,96.382
5,Canadian Grand Prix,Red Bull Racing,HAD,33,4,MEDIUM,2,22.687,25.151,30.856,78.694
5,Canadian Grand Prix,Red Bull Racing,HAD,34,4,MEDIUM,3,21.957,24.673,30.72,77.35
5,Canadian Grand Prix,Red Bull Racing,HAD,35,4,MEDIUM,4,21.716,24.316,30.45,76.482
5,Canadian Grand Prix,Red Bull Racing,HAD,36,4,MEDIUM,5,21.763,24.131,30.132,76.026
5,Canadian Grand Prix,Red Bull Racing,HAD,37,4,MEDIUM,6,21.544,24.174,29.741,75.459
5,Canadian Grand Prix,Red Bull Racing,HAD,38,4,MEDIUM,7,21.441,23.94,30.031,75.412
5,Canadian Grand Prix,Red Bull Racing,HAD,39,5,MEDIUM,8,21.74,24.178,30.594,76.512
5,Canadian Grand Prix,Red Bull Racing,HAD,40,5,MEDIUM,9,21.83,24.236,30.182,76.248
5,Canadian Grand Prix,Red Bull Racing,HAD,41,5,MEDIUM,10,21.585,24.138,29.892,75.615
5,Canadian Grand Prix,Red Bull Racing,HAD,42,5,MEDIUM,11,21.787,24.213,29.781,75.781
5,Canadian Grand Prix,Red Bull Racing,HAD,43,5,MEDIUM,12,21.556,23.98,29.927,75.463
5,Canadian Grand Prix,Red Bull Racing,HAD,44,5,MEDIUM,13,21.544,24.143,30.062,75.749
5,Canadian Grand Prix,Red Bull Racing,HAD,45,5,MEDIUM,14,21.388,24.007,29.966,75.361
5,Canadian Grand Prix,Red Bull Racing,HAD,46,5,MEDIUM,15,30.424,29.529,31.147,91.1
5,Canadian Grand Prix,Red Bull Racing,HAD,47,5,MEDIUM,16,21.605,25.005,30.278,76.888
5,Canadian Grand Prix,Red Bull Racing,HAD,48,5,MEDIUM,17,21.604,24.178,29.793,75.575
5,Canadian Grand Prix,Red Bull Racing,HAD,49,5,MEDIUM,18,21.5,24.035,30.138,75.673
5,Canadian Grand Prix,Red Bull Racing,HAD,50,5,MEDIUM,19,21.596,24.05,29.92,75.566
5,Canadian Grand Prix,Red Bull Racing,HAD,51,5,MEDIUM,20,21.42,24.166,29.925,75.511
5,Canadian Grand Prix,Red Bull Racing,HAD,52,5,MEDIUM,21,21.445,23.974,64.89,110.309
5,Canadian Grand Prix,Red Bull Racing,HAD,53,5,SOFT,5,28.819,33.114,35.748,97.681
5,Canadian Grand Prix,Red Bull Racing,HAD,54,5,SOFT,6,22.422,24.742,30.46,77.624
5,Canadian Grand Prix,Red Bull Racing,HAD,55,5,SOFT,7,21.816,24.285,29.894,75.995
5,Canadian Grand Prix,Red Bull Racing,HAD,56,5,SOFT,8,21.414,24.022,29.727,75.163
5,Canadian Grand Prix,Red Bull Racing,HAD,57,5,SOFT,9,21.392,24.015,29.603,75.01
5,Canadian Grand Prix,Red Bull Racing,HAD,58,5,SOFT,10,21.275,23.858,29.625,74.758
5,Canadian Grand Prix,Red Bull Racing,HAD,59,5,SOFT,11,21.291,24.077,29.887,75.255
5,Canadian Grand Prix,Red Bull Racing,HAD,60,5,SOFT,12,21.25,23.867,29.891,75.008
5,Canadian Grand Prix,Red Bull Racing,HAD,61,5,SOFT,13,21.33,24.069,29.65,75.049
5,Canadian Grand Prix,Red Bull Racing,HAD,62,5,SOFT,14,21.276,24.117,57.603,102.996
5,Canadian Grand Prix,Red Bull Racing,HAD,63,5,SOFT,15,24.872,24.676,29.995,79.543
5,Canadian Grand Prix,Red Bull Racing,HAD,64,5,SOFT,16,21.476,23.993,29.93,75.399
5,Canadian Grand Prix,Red Bull Racing,HAD,65,5,SOFT,17,21.381,23.928,29.701,75.01
5,Canadian Grand Prix,Red Bull Racing,HAD,66,5,SOFT,18,21.347,24.446,30.437,76.23
5,Canadian Grand Prix,Red Bull Racing,HAD,67,5,SOFT,19,21.18,23.82,29.578,74.578
5,Canadian Grand Prix,Mercedes,RUS,1,3,SOFT,4,,26.419,31.635,87.965
5,Canadian Grand Prix,Mercedes,RUS,2,2,SOFT,5,23.553,25.496,31.876,80.925
5,Canadian Grand Prix,Mercedes,RUS,3,2,SOFT,6,23.408,25.005,31.007,79.42
5,Canadian Grand Prix,Mercedes,RUS,4,2,SOFT,7,22.525,24.756,30.664,77.945
5,Canadian Grand Prix,Mercedes,RUS,5,2,SOFT,8,22.186,24.48,30.368,77.034
5,Canadian Grand Prix,Mercedes,RUS,6,1,SOFT,9,22.024,24.19,30.151,76.365
5,Canadian Grand Prix,Mercedes,RUS,7,1,SOFT,10,21.738,24.313,30.533,76.584
5,Canadian Grand Prix,Mercedes,RUS,8,1,SOFT,11,21.85,24.177,30.078,76.105
5,Canadian Grand Prix,Mercedes,RUS,9,1,SOFT,12,21.751,24.142,29.903,75.796
5,Canadian Grand Prix,Mercedes,RUS,10,1,SOFT,13,21.668,24.109,30.001,75.778
5,Canadian Grand Prix,Mercedes,RUS,11,1,SOFT,14,21.485,24.034,30.053,75.572
5,Canadian Grand Prix,Mercedes,RUS,12,1,SOFT,15,21.483,23.953,31.368,76.804
5,Canadian Grand Prix,Mercedes,RUS,13,1,SOFT,16,22.74,24.186,30.415,77.341
5,Canadian Grand Prix,Mercedes,RUS,14,1,SOFT,17,21.668,24.059,30.465,76.192
5,Canadian Grand Prix,Mercedes,RUS,15,1,SOFT,18,21.56,24.016,30.215,75.791
5,Canadian Grand Prix,Mercedes,RUS,16,1,SOFT,19,21.517,24.073,29.887,75.477
5,Canadian Grand Prix,Mercedes,RUS,17,1,SOFT,20,21.635,24.186,30.724,76.545
5,Canadian Grand Prix,Mercedes,RUS,18,1,SOFT,21,21.648,24.069,30.018,75.735
5,Canadian Grand Prix,Mercedes,RUS,19,1,SOFT,22,21.608,24.092,29.876,75.576
5,Canadian Grand Prix,Mercedes,RUS,20,1,SOFT,23,21.611,24.033,29.894,75.538
5,Canadian Grand Prix,Mercedes,RUS,21,1,SOFT,24,21.545,23.998,30.216,75.759
5,Canadian Grand Prix,Mercedes,RUS,22,2,SOFT,25,21.784,24.096,30.777,76.657
5,Canadian Grand Prix,Mercedes,RUS,23,2,SOFT,26,22.019,24.131,29.727,75.877
5,Canadian Grand Prix,Mercedes,RUS,24,2,SOFT,27,21.603,24.084,31.141,76.828
5,Canadian Grand Prix,Mercedes,RUS,25,1,SOFT,28,22.08,24.356,30.602,77.038
5,Canadian Grand Prix,Mercedes,RUS,26,1,SOFT,29,21.786,24.397,30.138,76.321
5,Canadian Grand Prix,Mercedes,RUS,27,1,SOFT,30,21.774,24.276,30.223,76.273
5,Canadian Grand Prix,Mercedes,RUS,28,1,SOFT,31,21.916,24.208,30.148,76.272
5,Canadian Grand Prix,Mercedes,RUS,29,1,SOFT,32,21.577,24.039,29.925,75.541
5,Canadian Grand Prix,Mercedes,RUS,30,,SOFT,33,,,,
5,Canadian Grand Prix,Cadillac,BOT,1,18,INTERMEDIATE,1,,29.157,33.988,98.731
5,Canadian Grand Prix,Cadillac,BOT,2,15,INTERMEDIATE,2,25.636,28.413,33.628,87.677
5,Canadian Grand Prix,Cadillac,BOT,3,21,INTERMEDIATE,3,25.338,28.634,53.832,107.804
5,Canadian Grand Prix,Cadillac,BOT,4,21,SOFT,1,27.036,27.229,32.529,86.794
5,Canadian Grand Prix,Cadillac,BOT,5,21,SOFT,2,23.896,26.332,32.01,82.238
5,Canadian Grand Prix,Cadillac,BOT,6,21,SOFT,3,23.305,25.93,31.805,81.04
5,Canadian Grand Prix,Cadillac,BOT,7,21,SOFT,4,22.891,25.792,31.606,80.289
5,Canadian Grand Prix,Cadillac,BOT,8,21,SOFT,5,22.908,25.682,31.335,79.925
5,Canadian Grand Prix,Cadillac,BOT,9,21,SOFT,6,22.925,25.656,50.858,99.439
5,Canadian Grand Prix,Cadillac,BOT,10,21,MEDIUM,1,26.794,27.522,31.714,86.03
5,Canadian Grand Prix,Cadillac,BOT,11,21,MEDIUM,2,23.015,25.481,31.421,79.917
5,Canadian Grand Prix,Cadillac,BOT,12,20,MEDIUM,3,23.183,26.944,32.111,82.238
5,Canadian Grand Prix,Cadillac,BOT,13,20,MEDIUM,4,23.021,28.425,31.297,82.743
5,Canadian Grand Prix,Cadillac,BOT,14,20,MEDIUM,5,22.671,25.366,31.324,79.361
5,Canadian Grand Prix,Cadillac,BOT,15,20,MEDIUM,6,22.804,25.218,31.203,79.225
5,Canadian Grand Prix,Cadillac,BOT,16,20,MEDIUM,7,22.686,25.428,31.418,79.532
5,Canadian Grand Prix,Cadillac,BOT,17,20,MEDIUM,8,22.732,25.362,33.749,81.843
5,Canadian Grand Prix,Cadillac,BOT,18,20,MEDIUM,9,24.452,25.455,31.198,81.105
5,Canadian Grand Prix,Cadillac,BOT,19,20,MEDIUM,10,22.737,25.543,31.411,79.691
5,Canadian Grand Prix,Cadillac,BOT,20,20,MEDIUM,11,23.029,26.442,33.082,82.553
5,Canadian Grand Prix,Cadillac,BOT,21,20,MEDIUM,12,22.842,25.406,31.242,79.49
5,Canadian Grand Prix,Cadillac,BOT,22,20,MEDIUM,13,22.918,26.683,31.363,80.964
5,Canadian Grand Prix,Cadillac,BOT,23,20,MEDIUM,14,22.883,25.76,31.829,80.472
5,Canadian Grand Prix,Cadillac,BOT,24,20,MEDIUM,15,23.765,26.607,31.475,81.847
5,Canadian Grand Prix,Cadillac,BOT,25,19,MEDIUM,16,23.647,25.548,31.378,80.573
5,Canadian Grand Prix,Cadillac,BOT,26,19,MEDIUM,17,22.807,25.454,31.197,79.458
5,Canadian Grand Prix,Cadillac,BOT,27,19,MEDIUM,18,22.748,25.318,31.27,79.336
5,Canadian Grand Prix,Cadillac,BOT,28,19,MEDIUM,19,22.662,26.89,40.876,90.428
5,Canadian Grand Prix,Cadillac,BOT,29,19,MEDIUM,20,30.137,38.409,53.23,121.776
5,Canadian Grand Prix,Cadillac,BOT,30,18,SOFT,1,27.389,29.748,32.246,89.383
5,Canadian Grand Prix,Cadillac,BOT,31,18,SOFT,2,23.657,25.908,31.582,81.147
5,Canadian Grand Prix,Cadillac,BOT,32,18,SOFT,3,23.12,25.59,31.257,79.967
5,Canadian Grand Prix,Cadillac,BOT,33,18,SOFT,4,22.731,25.194,31.238,79.163
5,Canadian Grand Prix,Cadillac,BOT,34,18,SOFT,5,22.651,25.218,31.371,79.24
5,Canadian Grand Prix,Cadillac,BOT,35,18,SOFT,6,22.678,25.191,31.126,78.995
5,Canadian Grand Prix,Cadillac,BOT,36,18,SOFT,7,22.59,25.108,31.189,78.887
5,Canadian Grand Prix,Cadillac,BOT,37,18,SOFT,8,22.663,25.849,31.149,79.661
5,Canadian Grand Prix,Cadillac,BOT,38,18,SOFT,9,22.647,25.136,31.146,78.929
5,Canadian Grand Prix,Cadillac,BOT,39,17,SOFT,10,22.469,25.191,31.115,78.775
5,Canadian Grand Prix,Cadillac,BOT,40,17,SOFT,11,22.49,25.101,31.265,78.856
5,Canadian Grand Prix,Cadillac,BOT,41,16,SOFT,12,22.644,25.252,31.163,79.059
5,Canadian Grand Prix,Cadillac,BOT,42,16,SOFT,13,22.599,25.329,31.484,79.412
5,Canadian Grand Prix,Cadillac,BOT,43,16,SOFT,14,27.717,33.984,37.841,99.542
5,Canadian Grand Prix,Cadillac,BOT,44,16,SOFT,15,23.959,26.361,31.795,82.115
5,Canadian Grand Prix,Cadillac,BOT,45,16,SOFT,16,22.826,25.221,31.057,79.104
5,Canadian Grand Prix,Cadillac,BOT,46,16,SOFT,17,27.757,25.401,32.134,85.292
5,Canadian Grand Prix,Cadillac,BOT,47,16,SOFT,18,24.341,25.012,30.929,80.282
5,Canadian Grand Prix,Cadillac,BOT,48,16,SOFT,19,22.541,25.141,30.988,78.67
5,Canadian Grand Prix,Cadillac,BOT,49,16,SOFT,20,24.479,31.299,63.745,119.523
5,Canadian Grand Prix,Cadillac,BOT,50,16,MEDIUM,1,28.416,37.152,34.001,99.569
5,Canadian Grand Prix,Cadillac,BOT,51,16,MEDIUM,2,23.824,26.208,31.554,81.586
5,Canadian Grand Prix,Cadillac,BOT,52,16,MEDIUM,3,24.622,26.783,31.296,82.701
5,Canadian Grand Prix,Cadillac,BOT,53,16,MEDIUM,4,22.968,25.425,33.292,81.685
5,Canadian Grand Prix,Cadillac,BOT,54,16,MEDIUM,5,22.923,25.299,31.136,79.358
5,Canadian Grand Prix,Cadillac,BOT,55,16,MEDIUM,6,22.494,24.974,31.089,78.557
5,Canadian Grand Prix,Cadillac,BOT,56,16,MEDIUM,7,24.739,25.271,31.056,81.066
5,Canadian Grand Prix,Cadillac,BOT,57,16,MEDIUM,8,22.426,24.902,30.953,78.281
5,Canadian Grand Prix,Cadillac,BOT,58,16,MEDIUM,9,22.541,24.839,32.204,79.584
5,Canadian Grand Prix,Cadillac,BOT,59,16,MEDIUM,10,22.337,24.744,30.644,77.725
5,Canadian Grand Prix,Cadillac,BOT,60,16,MEDIUM,11,22.386,24.789,30.908,78.083
5,Canadian Grand Prix,Cadillac,BOT,61,16,MEDIUM,12,22.283,24.781,31.047,78.111
5,Canadian Grand Prix,Cadillac,BOT,62,16,MEDIUM,13,22.367,24.973,30.911,78.251
5,Canadian Grand Prix,Cadillac,BOT,63,16,MEDIUM,14,22.336,24.741,30.928,78.005
5,Canadian Grand Prix,Cadillac,BOT,64,16,MEDIUM,15,22.13,24.742,31.193,78.065
5,Canadian Grand Prix,McLaren,PIA,1,21,INTERMEDIATE,1,,26.881,48.015,105.524
5,Canadian Grand Prix,McLaren,PIA,2,17,MEDIUM,1,26.085,26.273,32.261,84.619
5,Canadian Grand Prix,McLaren,PIA,3,16,MEDIUM,2,23.446,26.68,31.693,81.819
5,Canadian Grand Prix,McLaren,PIA,4,15,MEDIUM,3,23.336,26.038,31.4,80.774
5,Canadian Grand Prix,McLaren,PIA,5,15,MEDIUM,4,22.9,25.365,31.001,79.266
5,Canadian Grand Prix,McLaren,PIA,6,15,MEDIUM,5,22.284,24.897,30.788,77.969
5,Canadian Grand Prix,McLaren,PIA,7,14,MEDIUM,6,22.165,24.559,30.681,77.405
5,Canadian Grand Prix,McLaren,PIA,8,14,MEDIUM,7,22.312,24.71,30.741,77.763
5,Canadian Grand Prix,McLaren,PIA,9,13,MEDIUM,8,22.467,24.599,30.791,77.857
5,Canadian Grand Prix,McLaren,PIA,10,13,MEDIUM,9,22.274,24.532,31.031,77.837
5,Canadian Grand Prix,McLaren,PIA,11,13,MEDIUM,10,22.07,24.343,30.576,76.989
5,Canadian Grand Prix,McLaren,PIA,12,19,MEDIUM,11,22.124,24.685,62.877,109.686
5,Canadian Grand Prix,McLaren,PIA,13,19,MEDIUM,5,25.078,25.555,33.21,83.843
5,Canadian Grand Prix,McLaren,PIA,14,18,MEDIUM,6,22.383,24.712,30.571,77.666
5,Canadian Grand Prix,McLaren,PIA,15,17,MEDIUM,7,21.949,24.303,32.947,79.199
5,Canadian Grand Prix,McLaren,PIA,16,17,MEDIUM,8,22.28,24.404,30.624,77.308
5,Canadian Grand Prix,McLaren,PIA,17,16,MEDIUM,9,22.083,24.323,30.759,77.165
5,Canadian Grand Prix,McLaren,PIA,18,15,MEDIUM,10,21.872,24.242,30.552,76.666
5,Canadian Grand Prix,McLaren,PIA,19,15,MEDIUM,11,22.298,24.554,30.671,77.523
5,Canadian Grand Prix,McLaren,PIA,20,13,MEDIUM,12,21.778,24.25,30.588,76.616
5,Canadian Grand Prix,McLaren,PIA,21,13,MEDIUM,13,21.674,24.257,30.361,76.292
5,Canadian Grand Prix,McLaren,PIA,22,13,MEDIUM,14,21.766,24.634,30.327,76.727
5,Canadian Grand Prix,McLaren,PIA,23,13,MEDIUM,15,21.779,24.328,31.262,77.369
5,Canadian Grand Prix,McLaren,PIA,24,13,MEDIUM,16,24.904,24.787,30.556,80.247
5,Canadian Grand Prix,McLaren,PIA,25,13,MEDIUM,17,22.127,24.391,30.487,77.005
5,Canadian Grand Prix,McLaren,PIA,26,13,MEDIUM,18,22.053,24.455,30.272,76.78
5,Canadian Grand Prix,McLaren,PIA,27,13,MEDIUM,19,21.841,24.421,30.942,77.204
5,Canadian Grand Prix,McLaren,PIA,28,13,MEDIUM,20,21.865,24.248,30.379,76.492
5,Canadian Grand Prix,McLaren,PIA,29,13,MEDIUM,21,21.893,26.644,38.139,86.676
5,Canadian Grand Prix,McLaren,PIA,30,12,MEDIUM,22,28.924,35.67,38.456,103.05
5,Canadian Grand Prix,McLaren,PIA,31,12,MEDIUM,23,29.466,36.938,34.6,101.004
5,Canadian Grand Prix,McLaren,PIA,32,12,MEDIUM,24,23.198,25.319,30.912,79.429
5,Canadian Grand Prix,McLaren,PIA,33,12,MEDIUM,25,22.413,27.318,30.863,80.594
5,Canadian Grand Prix,McLaren,PIA,34,12,MEDIUM,26,22.207,24.547,30.559,77.313
5,Canadian Grand Prix,McLaren,PIA,35,12,MEDIUM,27,21.882,24.511,30.548,76.941
5,Canadian Grand Prix,McLaren,PIA,36,12,MEDIUM,28,21.737,24.358,30.284,76.379
5,Canadian Grand Prix,McLaren,PIA,37,12,MEDIUM,29,21.811,24.324,30.399,76.534
5,Canadian Grand Prix,McLaren,PIA,38,12,MEDIUM,30,22.021,24.198,30.317,76.536
5,Canadian Grand Prix,McLaren,PIA,39,11,MEDIUM,31,22.023,24.28,30.247,76.55
5,Canadian Grand Prix,McLaren,PIA,40,11,MEDIUM,32,21.899,24.409,30.419,76.727
5,Canadian Grand Prix,McLaren,PIA,41,11,MEDIUM,33,21.852,24.345,30.427,76.624
5,Canadian Grand Prix,McLaren,PIA,42,11,MEDIUM,34,21.711,24.106,30.193,76.01
5,Canadian Grand Prix,McLaren,PIA,43,11,MEDIUM,35,21.579,24.057,30.307,75.943
5,Canadian Grand Prix,McLaren,PIA,44,11,MEDIUM,36,21.687,24.176,32.743,78.606
5,Canadian Grand Prix,McLaren,PIA,45,11,MEDIUM,37,31.521,28.458,31.348,91.327
5,Canadian Grand Prix,McLaren,PIA,46,11,MEDIUM,38,22.057,24.423,30.709,77.189
5,Canadian Grand Prix,McLaren,PIA,47,11,MEDIUM,39,21.716,24.109,30.603,76.428
5,Canadian Grand Prix,McLaren,PIA,48,11,MEDIUM,40,22.298,24.251,30.504,77.053
5,Canadian Grand Prix,McLaren,PIA,49,11,MEDIUM,41,21.649,24.137,30.478,76.264
5,Canadian Grand Prix,McLaren,PIA,50,11,MEDIUM,42,21.505,24.036,30.26,75.801
5,Canadian Grand Prix,McLaren,PIA,51,13,MEDIUM,43,21.687,29.001,69.433,120.121
5,Canadian Grand Prix,McLaren,PIA,52,13,SOFT,5,28.17,34.785,32.191,95.146
5,Canadian Grand Prix,McLaren,PIA,53,13,SOFT,6,22.638,24.785,30.974,78.397
5,Canadian Grand Prix,McLaren,PIA,54,13,SOFT,7,22.221,24.457,30.459,77.137
5,Canadian Grand Prix,McLaren,PIA,55,13,SOFT,8,22.033,24.212,30.441,76.686
5,Canadian Grand Prix,McLaren,PIA,56,13,SOFT,9,21.734,23.968,30.232,75.934
5,Canadian Grand Prix,McLaren,PIA,57,13,SOFT,10,21.48,23.874,30.301,75.655
5,Canadian Grand Prix,McLaren,PIA,58,13,SOFT,11,22.263,24.107,30.069,76.439
5,Canadian Grand Prix,McLaren,PIA,59,13,SOFT,12,21.638,23.941,30.629,76.208
5,Canadian Grand Prix,McLaren,PIA,60,13,SOFT,13,23.236,24.28,29.961,77.477
5,Canadian Grand Prix,McLaren,PIA,61,13,SOFT,14,21.695,23.849,29.912,75.456
5,Canadian Grand Prix,McLaren,PIA,62,13,SOFT,15,22.314,24.084,29.945,76.343
5,Canadian Grand Prix,McLaren,PIA,63,12,SOFT,16,21.763,24.286,29.834,75.883
5,Canadian Grand Prix,McLaren,PIA,64,11,SOFT,17,21.612,24.23,30.1,75.942
5,Canadian Grand Prix,McLaren,PIA,65,11,SOFT,18,21.78,24.002,30.793,76.575
5,Canadian Grand Prix,McLaren,PIA,66,11,SOFT,19,21.928,25.474,31.068,78.47
5,Canadian Grand Prix,Haas F1 Team,BEA,1,11,SOFT,6,,28.916,32.518,95.294
5,Canadian Grand Prix,Haas F1 Team,BEA,2,9,SOFT,7,24.542,26.874,32.441,83.857
5,Canadian Grand Prix,Haas F1 Team,BEA,3,9,SOFT,8,23.82,26.156,31.772,81.748
5,Canadian Grand Prix,Haas F1 Team,BEA,4,9,SOFT,9,23.227,25.608,32.746,81.581
5,Canadian Grand Prix,Haas F1 Team,BEA,5,9,SOFT,10,23.284,25.357,31.422,80.063
5,Canadian Grand Prix,Haas F1 Team,BEA,6,9,SOFT,11,22.835,25.361,31.125,79.321
5,Canadian Grand Prix,Haas F1 Team,BEA,7,9,SOFT,12,22.951,25.24,31.439,79.63
5,Canadian Grand Prix,Haas F1 Team,BEA,8,9,SOFT,13,22.727,25.066,31.097,78.89
5,Canadian Grand Prix,Haas F1 Team,BEA,9,9,SOFT,14,22.502,24.866,30.725,78.093
5,Canadian Grand Prix,Haas F1 Team,BEA,10,9,SOFT,15,22.395,24.819,30.715,77.929
5,Canadian Grand Prix,Haas F1 Team,BEA,11,11,SOFT,16,22.268,25.819,31.665,79.752
5,Canadian Grand Prix,Haas F1 Team,BEA,12,11,SOFT,17,22.897,25.397,32.008,80.302
5,Canadian Grand Prix,Haas F1 Team,BEA,13,11,SOFT,18,22.641,24.805,31.078,78.524
5,Canadian Grand Prix,Haas F1 Team,BEA,14,11,SOFT,19,22.471,25.032,30.702,78.205
5,Canadian Grand Prix,Haas F1 Team,BEA,15,10,SOFT,20,22.33,24.828,30.351,77.509
5,Canadian Grand Prix,Haas F1 Team,BEA,16,10,SOFT,21,22.63,24.8,30.69,78.12
5,Canadian Grand Prix,Haas F1 Team,BEA,17,10,SOFT,22,22.256,24.616,30.648,77.52
5,Canadian Grand Prix,Haas F1 Team,BEA,18,10,SOFT,23,22.351,24.563,30.549,77.463
5,Canadian Grand Prix,Haas F1 Team,BEA,19,10,SOFT,24,22.447,24.583,30.559,77.589
5,Canadian Grand Prix,Haas F1 Team,BEA,20,10,SOFT,25,22.188,24.906,30.552,77.646
5,Canadian Grand Prix,Haas F1 Team,BEA,21,10,SOFT,26,22.29,24.576,30.619,77.485
5,Canadian Grand Prix,Haas F1 Team,BEA,22,10,SOFT,27,22.28,24.658,30.512,77.45
5,Canadian Grand Prix,Haas F1 Team,BEA,23,10,SOFT,28,22.371,24.67,30.588,77.629
5,Canadian Grand Prix,Haas F1 Team,BEA,24,10,SOFT,29,22.252,24.704,30.308,77.264
5,Canadian Grand Prix,Haas F1 Team,BEA,25,10,SOFT,30,22.193,24.63,30.574,77.397
5,Canadian Grand Prix,Haas F1 Team,BEA,26,10,SOFT,31,22.237,24.633,30.649,77.519
5,Canadian Grand Prix,Haas F1 Team,BEA,27,10,SOFT,32,22.393,24.723,30.554,77.67
5,Canadian Grand Prix,Haas F1 Team,BEA,28,10,SOFT,33,22.203,24.684,30.487,77.374
5,Canadian Grand Prix,Haas F1 Team,BEA,29,10,SOFT,34,22.216,24.623,30.444,77.283
5,Canadian Grand Prix,Haas F1 Team,BEA,30,11,SOFT,35,22.155,38.091,73.58,133.826
5,Canadian Grand Prix,Haas F1 Team,BEA,31,11,MEDIUM,1,30.1,35.204,36.597,101.901
5,Canadian Grand Prix,Haas F1 Team,BEA,32,11,MEDIUM,2,22.725,25.205,31.185,79.115
5,Canadian Grand Prix,Haas F1 Team,BEA,33,11,MEDIUM,3,24.239,24.827,30.462,79.528
5,Canadian Grand Prix,Haas F1 Team,BEA,34,11,MEDIUM,4,22.259,24.527,30.479,77.265
5,Canadian Grand Prix,Haas F1 Team,BEA,35,11,MEDIUM,5,22.191,24.825,30.409,77.425
5,Canadian Grand Prix,Haas F1 Team,BEA,36,11,MEDIUM,6,22.041,24.428,30.401,76.87
5,Canadian Grand Prix,Haas F1 Team,BEA,37,11,MEDIUM,7,23.362,24.512,30.209,78.083
5,Canadian Grand Prix,Haas F1 Team,BEA,38,11,MEDIUM,8,21.941,24.51,30.285,76.736
5,Canadian Grand Prix,Haas F1 Team,BEA,39,10,MEDIUM,9,21.815,24.351,30.392,76.558
5,Canadian Grand Prix,Haas F1 Team,BEA,40,10,MEDIUM,10,22.135,24.554,30.568,77.257
5,Canadian Grand Prix,Haas F1 Team,BEA,41,10,MEDIUM,11,23.415,25.211,30.331,78.957
5,Canadian Grand Prix,Haas F1 Team,BEA,42,10,MEDIUM,12,22.077,24.256,30.344,76.677
5,Canadian Grand Prix,Haas F1 Team,BEA,43,10,MEDIUM,13,21.989,24.253,30.239,76.481
5,Canadian Grand Prix,Haas F1 Team,BEA,44,10,MEDIUM,14,21.931,24.27,30.289,76.49
5,Canadian Grand Prix,Haas F1 Team,BEA,45,10,MEDIUM,15,30.698,30.527,30.749,91.974
5,Canadian Grand Prix,Haas F1 Team,BEA,46,10,MEDIUM,16,22.105,24.399,30.348,76.852
5,Canadian Grand Prix,Haas F1 Team,BEA,47,10,MEDIUM,17,21.942,24.407,30.346,76.695
5,Canadian Grand Prix,Haas F1 Team,BEA,48,10,MEDIUM,18,21.923,24.411,30.258,76.592
5,Canadian Grand Prix,Haas F1 Team,BEA,49,10,MEDIUM,19,22.046,24.355,31.342,77.743
5,Canadian Grand Prix,Haas F1 Team,BEA,50,10,MEDIUM,20,22.022,24.357,30.202,76.581
5,Canadian Grand Prix,Haas F1 Team,BEA,51,10,MEDIUM,21,21.873,24.483,46.12,92.476
5,Canadian Grand Prix,Haas F1 Team,BEA,52,10,MEDIUM,22,25.845,33.665,38.676,98.186
5,Canadian Grand Prix,Haas F1 Team,BEA,53,10,MEDIUM,23,22.772,24.755,30.502,78.029
5,Canadian Grand Prix,Haas F1 Team,BEA,54,10,MEDIUM,24,22.1,24.464,30.348,76.912
5,Canadian Grand Prix,Haas F1 Team,BEA,55,10,MEDIUM,25,21.875,24.297,30.316,76.488
5,Canadian Grand Prix,Haas F1 Team,BEA,56,10,MEDIUM,26,21.913,24.207,30.173,76.293
5,Canadian Grand Prix,Haas F1 Team,BEA,57,10,MEDIUM,27,21.823,24.353,30.094,76.27
5,Canadian Grand Prix,Haas F1 Team,BEA,58,10,MEDIUM,28,21.939,24.368,31.015,77.322
5,Canadian Grand Prix,Haas F1 Team,BEA,59,10,MEDIUM,29,22.063,24.446,30.241,76.75
5,Canadian Grand Prix,Haas F1 Team,BEA,60,10,MEDIUM,30,21.966,24.298,30.239,76.503
5,Canadian Grand Prix,Haas F1 Team,BEA,61,10,MEDIUM,31,21.871,24.413,30.288,76.572
5,Canadian Grand Prix,Haas F1 Team,BEA,62,10,MEDIUM,32,21.894,24.43,30.339,76.663
5,Canadian Grand Prix,Haas F1 Team,BEA,63,10,MEDIUM,33,21.857,24.237,30.282,76.376
5,Canadian Grand Prix,Haas F1 Team,BEA,64,10,MEDIUM,34,21.687,24.222,30.093,76.002
5,Canadian Grand Prix,Haas F1 Team,BEA,65,10,MEDIUM,35,21.844,24.237,30.108,76.189
5,Canadian Grand Prix,Haas F1 Team,BEA,66,10,MEDIUM,36,21.74,24.207,30.068,76.015
5,Canadian Grand Prix,Haas F1 Team,BEA,67,10,MEDIUM,37,21.737,24.172,30.139,76.048
6,Monaco Grand Prix,McLaren,NOR,1,8,MEDIUM,1,,39.379,21.696,90.629
6,Monaco Grand Prix,McLaren,NOR,2,8,MEDIUM,2,21.738,37.534,21.412,80.684
6,Monaco Grand Prix,McLaren,NOR,3,8,MEDIUM,3,21.482,37.614,21.099,80.195
6,Monaco Grand Prix,McLaren,NOR,4,8,MEDIUM,4,21.206,37.169,21.116,79.491
6,Monaco Grand Prix,McLaren,NOR,5,8,MEDIUM,5,20.871,36.96,21.157,78.988
6,Monaco Grand Prix,McLaren,NOR,6,8,MEDIUM,6,20.752,36.693,20.788,78.233
6,Monaco Grand Prix,McLaren,NOR,7,8,MEDIUM,7,20.606,36.68,20.957,78.243
6,Monaco Grand Prix,McLaren,NOR,8,8,MEDIUM,8,20.598,36.576,20.905,78.079
6,Monaco Grand Prix,McLaren,NOR,9,8,MEDIUM,9,20.876,36.456,20.727,78.059
6,Monaco Grand Prix,McLaren,NOR,10,8,MEDIUM,10,20.611,36.654,21.363,78.628
6,Monaco Grand Prix,McLaren,NOR,11,8,MEDIUM,11,20.555,36.981,20.877,78.413
6,Monaco Grand Prix,McLaren,NOR,12,8,MEDIUM,12,20.68,36.379,20.663,77.722
6,Monaco Grand Prix,McLaren,NOR,13,8,MEDIUM,13,20.76,36.899,20.732,78.391
6,Monaco Grand Prix,McLaren,NOR,14,8,MEDIUM,14,20.523,36.851,20.796,78.17
6,Monaco Grand Prix,McLaren,NOR,15,8,MEDIUM,15,20.671,37.009,20.943,78.623
6,Monaco Grand Prix,McLaren,NOR,16,8,MEDIUM,16,20.822,36.824,20.992,78.638
6,Monaco Grand Prix,McLaren,NOR,17,8,MEDIUM,17,20.606,37.153,20.983,78.742
6,Monaco Grand Prix,McLaren,NOR,18,8,MEDIUM,18,20.986,36.999,21.009,78.994
6,Monaco Grand Prix,McLaren,NOR,19,8,MEDIUM,19,20.768,36.957,20.981,78.706
6,Monaco Grand Prix,McLaren,NOR,20,8,MEDIUM,20,20.696,36.744,20.872,78.312
6,Monaco Grand Prix,McLaren,NOR,21,8,MEDIUM,21,20.635,36.935,21.496,79.066
6,Monaco Grand Prix,McLaren,NOR,22,8,MEDIUM,22,20.317,36.612,20.996,77.925
6,Monaco Grand Prix,McLaren,NOR,23,8,MEDIUM,23,20.647,36.713,20.889,78.249
6,Monaco Grand Prix,McLaren,NOR,24,8,MEDIUM,24,20.743,36.994,20.939,78.676
6,Monaco Grand Prix,McLaren,NOR,25,8,MEDIUM,25,20.78,36.744,20.792,78.316
6,Monaco Grand Prix,McLaren,NOR,26,8,MEDIUM,26,20.6,36.848,21.03,78.478
6,Monaco Grand Prix,McLaren,NOR,27,8,MEDIUM,27,20.645,36.776,20.955,78.376
6,Monaco Grand Prix,McLaren,NOR,28,8,MEDIUM,28,20.576,36.746,21.142,78.464
6,Monaco Grand Prix,McLaren,NOR,29,8,MEDIUM,29,20.736,36.722,20.74,78.198
6,Monaco Grand Prix,McLaren,NOR,30,8,MEDIUM,30,20.577,36.833,20.911,78.321
6,Monaco Grand Prix,McLaren,NOR,31,7,MEDIUM,31,20.568,36.845,20.887,78.3
6,Monaco Grand Prix,McLaren,NOR,32,6,MEDIUM,32,20.594,36.761,20.834,78.189
6,Monaco Grand Prix,McLaren,NOR,33,6,MEDIUM,33,20.865,38.298,21.067,80.23
6,Monaco Grand Prix,McLaren,NOR,34,6,MEDIUM,34,20.565,36.469,20.636,77.67
6,Monaco Grand Prix,McLaren,NOR,35,6,MEDIUM,35,20.533,36.554,20.746,77.833
6,Monaco Grand Prix,McLaren,NOR,36,6,MEDIUM,36,20.542,36.866,20.816,78.224
6,Monaco Grand Prix,McLaren,NOR,37,6,MEDIUM,37,20.564,37.024,21.151,78.739
6,Monaco Grand Prix,McLaren,NOR,38,6,MEDIUM,38,20.732,36.97,21.306,79.008
6,Monaco Grand Prix,McLaren,NOR,39,6,MEDIUM,39,20.905,37.081,21.325,79.311
6,Monaco Grand Prix,McLaren,NOR,40,6,MEDIUM,40,20.672,37.148,21.128,78.948
6,Monaco Grand Prix,McLaren,NOR,41,6,MEDIUM,41,20.981,38.093,21.807,80.881
6,Monaco Grand Prix,McLaren,NOR,42,6,MEDIUM,42,21.282,37.697,21.165,80.144
6,Monaco Grand Prix,McLaren,NOR,43,6,MEDIUM,43,20.998,37.437,20.788,79.223
6,Monaco Grand Prix,McLaren,NOR,44,6,MEDIUM,44,20.617,41.184,,
6,Monaco Grand Prix,Alpine,GAS,1,7,MEDIUM,1,,39.269,21.649,90.105
6,Monaco Grand Prix,Alpine,GAS,2,7,MEDIUM,2,21.782,37.45,21.483,80.715
6,Monaco Grand Prix,Alpine,GAS,3,7,MEDIUM,3,21.429,37.648,20.996,80.073
6,Monaco Grand Prix,Alpine,GAS,4,7,MEDIUM,4,21.231,36.89,21.003,79.124
6,Monaco Grand Prix,Alpine,GAS,5,7,MEDIUM,5,20.995,37.121,20.976,79.092
6,Monaco Grand Prix,Alpine,GAS,6,7,MEDIUM,6,20.683,36.674,20.948,78.305
6,Monaco Grand Prix,Alpine,GAS,7,7,MEDIUM,7,20.895,36.69,20.995,78.58
6,Monaco Grand Prix,Alpine,GAS,8,7,MEDIUM,8,20.595,36.653,20.698,77.946
6,Monaco Grand Prix,Alpine,GAS,9,7,MEDIUM,9,20.431,36.686,21.013,78.13
6,Monaco Grand Prix,Alpine,GAS,10,7,MEDIUM,10,20.6,36.592,20.848,78.04
6,Monaco Grand Prix,Alpine,GAS,11,7,MEDIUM,11,20.819,36.793,20.792,78.404
6,Monaco Grand Prix,Alpine,GAS,12,7,MEDIUM,12,20.65,36.819,20.889,78.358
6,Monaco Grand Prix,Alpine,GAS,13,7,MEDIUM,13,20.48,36.809,21.044,78.333
6,Monaco Grand Prix,Alpine,GAS,14,7,MEDIUM,14,20.581,36.7,20.923,78.204
6,Monaco Grand Prix,Alpine,GAS,15,7,MEDIUM,15,20.563,36.571,20.958,78.092
6,Monaco Grand Prix,Alpine,GAS,16,7,MEDIUM,16,20.533,37.21,21.385,79.128
6,Monaco Grand Prix,Alpine,GAS,17,7,MEDIUM,17,20.656,36.929,21.197,78.782
6,Monaco Grand Prix,Alpine,GAS,18,7,MEDIUM,18,20.964,37.022,21.069,79.055
6,Monaco Grand Prix,Alpine,GAS,19,7,MEDIUM,19,20.752,36.971,20.964,78.687
6,Monaco Grand Prix,Alpine,GAS,20,7,MEDIUM,20,20.535,36.749,20.947,78.231
6,Monaco Grand Prix,Alpine,GAS,21,7,MEDIUM,21,20.553,36.755,21.078,78.386
6,Monaco Grand Prix,Alpine,GAS,22,7,MEDIUM,22,20.492,36.986,20.997,78.475
6,Monaco Grand Prix,Alpine,GAS,23,7,MEDIUM,23,20.566,36.842,21.053,78.461
6,Monaco Grand Prix,Alpine,GAS,24,7,MEDIUM,24,20.686,36.907,20.927,78.52
6,Monaco Grand Prix,Alpine,GAS,25,7,MEDIUM,25,20.533,36.907,20.946,78.386
6,Monaco Grand Prix,Alpine,GAS,26,7,MEDIUM,26,20.625,36.904,20.932,78.461
6,Monaco Grand Prix,Alpine,GAS,27,7,MEDIUM,27,20.522,37.072,20.927,78.521
6,Monaco Grand Prix,Alpine,GAS,28,7,MEDIUM,28,20.471,36.895,21.23,78.596
6,Monaco Grand Prix,Alpine,GAS,29,7,MEDIUM,29,20.508,36.767,20.781,78.056
6,Monaco Grand Prix,Alpine,GAS,30,7,MEDIUM,30,20.503,36.788,20.887,78.178
6,Monaco Grand Prix,Alpine,GAS,31,6,MEDIUM,31,20.548,36.907,20.905,78.36
6,Monaco Grand Prix,Alpine,GAS,32,5,MEDIUM,32,20.512,36.709,20.808,78.029
6,Monaco Grand Prix,Alpine,GAS,33,5,MEDIUM,33,20.663,37.063,21.081,78.807
6,Monaco Grand Prix,Alpine,GAS,34,5,MEDIUM,34,20.793,36.991,20.875,78.659
6,Monaco Grand Prix,Alpine,GAS,35,5,MEDIUM,35,20.572,36.845,20.915,78.332
6,Monaco Grand Prix,Alpine,GAS,36,5,MEDIUM,36,20.577,36.834,20.767,78.178
6,Monaco Grand Prix,Alpine,GAS,37,5,MEDIUM,37,20.681,37.176,21.092,78.949
6,Monaco Grand Prix,Alpine,GAS,38,5,MEDIUM,38,20.706,37.063,21.299,79.068
6,Monaco Grand Prix,Alpine,GAS,39,5,MEDIUM,39,20.758,37.083,21.386,79.227
6,Monaco Grand Prix,Alpine,GAS,40,5,MEDIUM,40,20.673,37.145,21.206,79.024
6,Monaco Grand Prix,Alpine,GAS,41,5,MEDIUM,41,20.722,37.197,21.015,78.934
6,Monaco Grand Prix,Alpine,GAS,42,5,MEDIUM,42,20.719,37.083,20.854,78.656
6,Monaco Grand Prix,Alpine,GAS,43,5,MEDIUM,43,20.639,37.231,21.039,78.909
6,Monaco Grand Prix,Alpine,GAS,44,5,MEDIUM,44,20.67,37.085,21.022,78.777
6,Monaco Grand Prix,Alpine,GAS,45,7,MEDIUM,45,20.809,37.074,39.306,97.189
6,Monaco Grand Prix,Alpine,GAS,46,7,HARD,1,24.394,38.026,21.223,83.643
6,Monaco Grand Prix,Alpine,GAS,47,7,HARD,2,20.898,36.914,20.863,78.675
6,Monaco Grand Prix,Alpine,GAS,48,7,HARD,3,20.65,36.728,20.84,78.218
6,Monaco Grand Prix,Alpine,GAS,49,7,HARD,4,21.953,37.73,21.039,80.722
6,Monaco Grand Prix,Alpine,GAS,50,7,HARD,5,20.469,36.696,21.76,78.925
6,Monaco Grand Prix,Alpine,GAS,51,7,HARD,6,21.751,36.847,20.75,79.348
6,Monaco Grand Prix,Alpine,GAS,52,7,HARD,7,20.649,36.744,20.557,77.95
6,Monaco Grand Prix,Alpine,GAS,53,7,HARD,8,20.234,36.289,20.532,77.055
6,Monaco Grand Prix,Alpine,GAS,54,7,HARD,9,20.267,36.416,20.604,77.287
6,Monaco Grand Prix,Alpine,GAS,55,7,HARD,10,20.252,36.258,20.616,77.126
6,Monaco Grand Prix,Alpine,GAS,56,7,HARD,11,20.391,36.416,20.702,77.509
6,Monaco Grand Prix,Alpine,GAS,57,7,HARD,12,20.427,36.651,20.885,77.963
6,Monaco Grand Prix,Alpine,GAS,58,7,HARD,13,20.615,36.296,20.701,77.612
6,Monaco Grand Prix,Alpine,GAS,59,6,HARD,14,20.615,50.237,28.33,99.182
6,Monaco Grand Prix,Alpine,GAS,60,6,HARD,15,27.636,49.19,36.31,113.136
6,Monaco Grand Prix,Alpine,GAS,61,6,HARD,16,27.682,40.548,24.953,93.183
6,Monaco Grand Prix,Alpine,GAS,62,6,HARD,17,34.367,51.347,32.727,118.441
6,Monaco Grand Prix,Alpine,GAS,63,6,HARD,18,29.641,40.888,22.43,92.959
6,Monaco Grand Prix,Alpine,GAS,64,6,HARD,19,22.968,39.465,22.244,84.677
6,Monaco Grand Prix,Alpine,GAS,65,5,HARD,20,22.448,37.703,21.659,81.81
6,Monaco Grand Prix,Alpine,GAS,66,5,HARD,21,23.574,49.917,40.91,114.401
6,Monaco Grand Prix,Alpine,GAS,67,5,HARD,22,27.312,50.516,28.582,106.41
6,Monaco Grand Prix,Alpine,GAS,68,5,HARD,23,23.829,54.814,,
6,Monaco Grand Prix,Alpine,GAS,69,5,SOFT,5,27.964,40.872,27.686,96.522
6,Monaco Grand Prix,Alpine,GAS,70,5,SOFT,6,30.533,49.943,84.452,
6,Monaco Grand Prix,Alpine,GAS,71,4,SOFT,7,25.664,39.627,20.899,86.19
6,Monaco Grand Prix,Alpine,GAS,72,3,SOFT,8,20.568,36.405,20.488,77.461
6,Monaco Grand Prix,Alpine,GAS,73,3,SOFT,9,20.181,35.734,20.139,76.054
6,Monaco Grand Prix,Alpine,GAS,74,3,SOFT,10,19.994,35.426,21.179,76.599
6,Monaco Grand Prix,Alpine,GAS,75,3,SOFT,11,20.373,35.613,20.31,76.296
6,Monaco Grand Prix,Alpine,GAS,76,3,SOFT,12,20.091,35.554,20.254,75.899
6,Monaco Grand Prix,Alpine,GAS,77,3,SOFT,13,19.791,35.531,20.175,75.497
6,Monaco Grand Prix,Alpine,GAS,78,3,SOFT,14,19.923,35.652,20.306,75.881
6,Monaco Grand Prix,Cadillac,PER,1,14,SOFT,1,,41.311,21.803,95.173
6,Monaco Grand Prix,Cadillac,PER,2,14,SOFT,2,21.897,38.022,21.585,81.504
6,Monaco Grand Prix,Cadillac,PER,3,14,SOFT,3,21.578,37.71,21.191,80.479
6,Monaco Grand Prix,Cadillac,PER,4,16,SOFT,4,21.416,37.433,41.217,100.066
6,Monaco Grand Prix,Cadillac,PER,5,16,MEDIUM,1,23.857,37.316,20.859,82.032
6,Monaco Grand Prix,Cadillac,PER,6,16,MEDIUM,2,21.108,37.669,20.747,79.524
6,Monaco Grand Prix,Cadillac,PER,7,16,MEDIUM,3,20.694,36.464,20.732,77.89
6,Monaco Grand Prix,Cadillac,PER,8,16,MEDIUM,4,20.734,37.034,20.926,78.694
6,Monaco Grand Prix,Cadillac,PER,9,18,MEDIUM,5,20.836,36.978,33.689,91.503
6,Monaco Grand Prix,Cadillac,PER,10,18,MEDIUM,6,23.706,37.421,21.077,82.204
6,Monaco Grand Prix,Cadillac,PER,11,18,MEDIUM,7,20.753,37.037,20.946,78.736
6,Monaco Grand Prix,Cadillac,PER,12,18,MEDIUM,8,23.13,37.183,21.336,81.649
6,Monaco Grand Prix,Cadillac,PER,13,18,MEDIUM,9,22.242,37.047,20.934,80.223
6,Monaco Grand Prix,Cadillac,PER,14,18,MEDIUM,10,20.78,36.748,20.982,78.51
6,Monaco Grand Prix,Cadillac,PER,15,18,MEDIUM,11,22.651,37.177,20.983,80.811
6,Monaco Grand Prix,Cadillac,PER,16,18,MEDIUM,12,20.695,36.894,20.989,78.578
6,Monaco Grand Prix,Cadillac,PER,17,18,MEDIUM,13,20.757,37.371,21.001,79.129
6,Monaco Grand Prix,Cadillac,PER,18,18,MEDIUM,14,20.79,37.049,20.861,78.7
6,Monaco Grand Prix,Cadillac,PER,19,18,MEDIUM,15,20.837,37.062,21.008,78.907
6,Monaco Grand Prix,Cadillac,PER,20,18,MEDIUM,16,20.95,36.998,20.982,78.93
6,Monaco Grand Prix,Cadillac,PER,21,18,MEDIUM,17,20.88,37.14,21.071,79.091
6,Monaco Grand Prix,Cadillac,PER,22,18,MEDIUM,18,22.077,37.413,21.069,80.559
6,Monaco Grand Prix,Cadillac,PER,23,18,MEDIUM,19,21.019,37.377,21.104,79.5
6,Monaco Grand Prix,Cadillac,PER,24,18,MEDIUM,20,21.064,37.229,21.032,79.325
6,Monaco Grand Prix,Cadillac,PER,25,18,MEDIUM,21,21.01,37.417,21.111,79.538
6,Monaco Grand Prix,Cadillac,PER,26,18,MEDIUM,22,20.777,37.061,20.86,78.698
6,Monaco Grand Prix,Cadillac,PER,27,18,MEDIUM,23,20.744,37.091,20.935,78.77
6,Monaco Grand Prix,Cadillac,PER,28,18,MEDIUM,24,20.791,37.151,20.906,78.848
6,Monaco Grand Prix,Cadillac,PER,29,18,MEDIUM,25,20.808,37.099,20.965,78.872
6,Monaco Grand Prix,Cadillac,PER,30,18,MEDIUM,26,20.714,37.153,21.036,78.903
6,Monaco Grand Prix,Cadillac,PER,31,18,MEDIUM,27,20.851,37.357,21.13,79.338
6,Monaco Grand Prix,Cadillac,PER,32,18,MEDIUM,28,20.883,37.54,21.233,79.656
6,Monaco Grand Prix,Cadillac,PER,33,18,MEDIUM,29,21.203,37.523,21.191,79.917
6,Monaco Grand Prix,Cadillac,PER,34,18,MEDIUM,30,20.947,37.464,21.57,79.981
6,Monaco Grand Prix,Cadillac,PER,35,18,MEDIUM,31,23.064,36.89,21.522,81.476
6,Monaco Grand Prix,Cadillac,PER,36,18,MEDIUM,32,21.124,37.422,21.205,79.751
6,Monaco Grand Prix,Cadillac,PER,37,18,MEDIUM,33,21.065,37.443,21.291,79.799
6,Monaco Grand Prix,Cadillac,PER,38,18,MEDIUM,34,21.08,37.219,21.071,79.37
6,Monaco Grand Prix,Cadillac,PER,39,18,MEDIUM,35,21.168,37.781,22.738,81.687
6,Monaco Grand Prix,Cadillac,PER,40,18,MEDIUM,36,22.881,38.076,21.373,82.33
6,Monaco Grand Prix,Cadillac,PER,41,18,MEDIUM,37,21.447,37.701,21.691,80.839
6,Monaco Grand Prix,Cadillac,PER,42,18,MEDIUM,38,21.185,39.572,21.337,82.094
6,Monaco Grand Prix,Cadillac,PER,43,18,MEDIUM,39,21.748,37.731,21.56,81.039
6,Monaco Grand Prix,Cadillac,PER,44,18,MEDIUM,40,21.955,38.015,21.247,81.217
6,Monaco Grand Prix,Cadillac,PER,45,17,MEDIUM,41,21.139,37.28,21.148,79.567
6,Monaco Grand Prix,Cadillac,PER,46,17,MEDIUM,42,20.727,37.216,21.212,79.155
6,Monaco Grand Prix,Cadillac,PER,47,17,MEDIUM,43,20.69,37.266,21.076,79.032
6,Monaco Grand Prix,Cadillac,PER,48,17,MEDIUM,44,21.621,38.358,21.408,81.387
6,Monaco Grand Prix,Cadillac,PER,49,17,MEDIUM,45,21.273,37.629,22.015,80.917
6,Monaco Grand Prix,Cadillac,PER,50,17,MEDIUM,46,21.994,37.708,21.889,81.591
6,Monaco Grand Prix,Cadillac,PER,51,17,MEDIUM,47,21.823,39.222,21.896,82.941
6,Monaco Grand Prix,Cadillac,PER,52,17,MEDIUM,48,21.418,37.858,21.556,80.832
6,Monaco Grand Prix,Cadillac,PER,53,17,MEDIUM,49,21.366,37.892,21.575,80.833
6,Monaco Grand Prix,Cadillac,PER,54,17,MEDIUM,50,21.028,37.604,21.419,80.051
6,Monaco Grand Prix,Cadillac,PER,55,17,MEDIUM,51,21.235,39.048,21.58,81.863
6,Monaco Grand Prix,Cadillac,PER,56,17,MEDIUM,52,21.055,37.619,21.15,79.824
6,Monaco Grand Prix,Cadillac,PER,57,16,MEDIUM,53,21.159,37.588,22.308,81.055
6,Monaco Grand Prix,Cadillac,PER,58,16,MEDIUM,54,31.009,46.948,30.545,108.502
6,Monaco Grand Prix,Cadillac,PER,59,16,MEDIUM,55,26.687,48.825,41.679,117.191
6,Monaco Grand Prix,Cadillac,PER,60,16,SOFT,1,30.919,41.626,23.045,95.59
6,Monaco Grand Prix,Cadillac,PER,61,16,SOFT,2,21.613,40.781,24.288,86.682
6,Monaco Grand Prix,Cadillac,PER,62,16,SOFT,3,29.163,39.909,22.589,91.661
6,Monaco Grand Prix,Cadillac,PER,63,16,SOFT,4,21.65,38.694,23.264,83.608
6,Monaco Grand Prix,Cadillac,PER,64,16,SOFT,5,21.762,37.658,21.835,81.255
6,Monaco Grand Prix,Cadillac,PER,65,15,SOFT,6,27.859,47.764,40.752,116.375
6,Monaco Grand Prix,Cadillac,PER,66,15,SOFT,7,28.467,49.438,27.405,105.31
6,Monaco Grand Prix,Cadillac,PER,67,15,SOFT,8,28.699,51.477,,
6,Monaco Grand Prix,Cadillac,PER,68,15,SOFT,7,27.518,39.855,81.783,149.156
6,Monaco Grand Prix,Cadillac,PER,69,15,SOFT,1,25.787,39.236,22.764,87.787
6,Monaco Grand Prix,Cadillac,PER,70,15,SOFT,2,22.652,48.534,73.339,144.525
6,Monaco Grand Prix,Cadillac,PER,71,12,SOFT,3,26.615,41.748,21.571,89.934
6,Monaco Grand Prix,Cadillac,PER,72,12,SOFT,4,21.547,37.777,21.642,80.966
6,Monaco Grand Prix,Cadillac,PER,73,11,SOFT,5,21.261,37.692,20.904,79.857
6,Monaco Grand Prix,Cadillac,PER,74,11,SOFT,6,20.624,36.348,20.546,77.518
6,Monaco Grand Prix,Cadillac,PER,75,11,SOFT,7,20.506,36.227,20.66,77.393
6,Monaco Grand Prix,Cadillac,PER,76,11,SOFT,8,20.368,36.238,20.511,77.117
6,Monaco Grand Prix,Cadillac,PER,77,11,SOFT,9,20.343,36.097,20.454,76.894
6,Monaco Grand Prix,Cadillac,PER,78,11,SOFT,10,20.437,35.919,20.535,76.891
6,Monaco Grand Prix,Mercedes,ANT,1,1,MEDIUM,1,,36.931,20.513,82.525
6,Monaco Grand Prix,Mercedes,ANT,2,1,MEDIUM,2,20.656,36.552,20.445,77.653
6,Monaco Grand Prix,Mercedes,ANT,3,1,MEDIUM,3,20.513,36.153,20.33,76.996
6,Monaco Grand Prix,Mercedes,ANT,4,1,MEDIUM,4,20.453,36.316,20.279,77.048
6,Monaco Grand Prix,Mercedes,ANT,5,1,MEDIUM,5,20.276,36.097,20.288,76.661
6,Monaco Grand Prix,Mercedes,ANT,6,1,MEDIUM,6,20.404,36.093,20.226,76.723
6,Monaco Grand Prix,Mercedes,ANT,7,1,MEDIUM,7,20.206,35.689,20.155,76.05
6,Monaco Grand Prix,Mercedes,ANT,8,1,MEDIUM,8,20.16,35.918,20.206,76.284
6,Monaco Grand Prix,Mercedes,ANT,9,1,MEDIUM,9,20.182,35.817,20.299,76.298
6,Monaco Grand Prix,Mercedes,ANT,10,1,MEDIUM,10,20.281,36.205,20.581,77.067
6,Monaco Grand Prix,Mercedes,ANT,11,1,MEDIUM,11,20.921,36.878,20.424,78.223
6,Monaco Grand Prix,Mercedes,ANT,12,1,MEDIUM,12,20.399,36.363,20.668,77.43
6,Monaco Grand Prix,Mercedes,ANT,13,1,MEDIUM,13,20.52,36.343,20.45,77.313
6,Monaco Grand Prix,Mercedes,ANT,14,1,MEDIUM,14,20.361,36.359,20.502,77.222
6,Monaco Grand Prix,Mercedes,ANT,15,1,MEDIUM,15,20.295,36.307,20.591,77.193
6,Monaco Grand Prix,Mercedes,ANT,16,1,MEDIUM,16,20.462,36.362,20.416,77.24
6,Monaco Grand Prix,Mercedes,ANT,17,1,MEDIUM,17,20.373,36.251,20.426,77.05
6,Monaco Grand Prix,Mercedes,ANT,18,1,MEDIUM,18,20.296,36.153,20.353,76.802
6,Monaco Grand Prix,Mercedes,ANT,19,1,MEDIUM,19,19.961,35.816,20.284,76.061
6,Monaco Grand Prix,Mercedes,ANT,20,1,MEDIUM,20,20.117,35.949,20.402,76.468
6,Monaco Grand Prix,Mercedes,ANT,21,1,MEDIUM,21,20.262,35.998,20.39,76.65
6,Monaco Grand Prix,Mercedes,ANT,22,1,MEDIUM,22,20.058,36.024,20.287,76.369
6,Monaco Grand Prix,Mercedes,ANT,23,1,MEDIUM,23,20.104,35.997,20.437,76.538
6,Monaco Grand Prix,Mercedes,ANT,24,1,MEDIUM,24,20.102,36.033,20.534,76.669
6,Monaco Grand Prix,Mercedes,ANT,25,1,MEDIUM,25,20.209,36.186,20.493,76.888
6,Monaco Grand Prix,Mercedes,ANT,26,1,MEDIUM,26,20.234,36.206,20.524,76.964
6,Monaco Grand Prix,Mercedes,ANT,27,1,MEDIUM,27,20.42,36.431,20.439,77.29
6,Monaco Grand Prix,Mercedes,ANT,28,1,MEDIUM,28,20.016,36.217,20.411,76.644
6,Monaco Grand Prix,Mercedes,ANT,29,1,MEDIUM,29,20.152,36.273,20.532,76.957
6,Monaco Grand Prix,Mercedes,ANT,30,1,MEDIUM,30,20.193,36.139,20.506,76.838
6,Monaco Grand Prix,Mercedes,ANT,31,1,MEDIUM,31,19.869,36.379,20.369,76.617
6,Monaco Grand Prix,Mercedes,ANT,32,1,MEDIUM,32,20.027,36.174,20.587,76.788
6,Monaco Grand Prix,Mercedes,ANT,33,1,MEDIUM,33,20.051,36.396,20.415,76.862
6,Monaco Grand Prix,Mercedes,ANT,34,1,MEDIUM,34,20.075,36.549,20.577,77.201
6,Monaco Grand Prix,Mercedes,ANT,35,1,MEDIUM,35,19.933,35.922,20.336,76.191
6,Monaco Grand Prix,Mercedes,ANT,36,1,MEDIUM,36,20.019,36.076,20.261,76.356
6,Monaco Grand Prix,Mercedes,ANT,37,1,MEDIUM,37,20.039,36.09,37.466,93.595
6,Monaco Grand Prix,Mercedes,ANT,38,1,HARD,1,24.422,37.245,20.547,82.214
6,Monaco Grand Prix,Mercedes,ANT,39,1,HARD,2,20.281,36.119,20.406,76.806
6,Monaco Grand Prix,Mercedes,ANT,40,1,HARD,3,20.387,36.0,20.37,76.757
6,Monaco Grand Prix,Mercedes,ANT,41,1,HARD,4,20.033,35.827,20.206,76.066
6,Monaco Grand Prix,Mercedes,ANT,42,1,HARD,5,20.019,35.902,20.421,76.342
6,Monaco Grand Prix,Mercedes,ANT,43,1,HARD,6,20.141,36.343,20.587,77.071
6,Monaco Grand Prix,Mercedes,ANT,44,1,HARD,7,19.841,35.731,20.144,75.716
6,Monaco Grand Prix,Mercedes,ANT,45,1,HARD,8,20.114,36.082,20.907,77.103
6,Monaco Grand Prix,Mercedes,ANT,46,1,HARD,9,20.44,36.043,20.493,76.976
6,Monaco Grand Prix,Mercedes,ANT,47,1,HARD,10,19.879,35.623,20.07,75.572
6,Monaco Grand Prix,Mercedes,ANT,48,1,HARD,11,19.898,36.023,20.326,76.247
6,Monaco Grand Prix,Mercedes,ANT,49,1,HARD,12,19.944,36.061,20.122,76.127
6,Monaco Grand Prix,Mercedes,ANT,50,1,HARD,13,20.004,36.654,20.2,76.858
6,Monaco Grand Prix,Mercedes,ANT,51,1,HARD,14,19.854,35.537,20.546,75.937
6,Monaco Grand Prix,Mercedes,ANT,52,1,HARD,15,19.82,35.871,20.527,76.218
6,Monaco Grand Prix,Mercedes,ANT,53,1,HARD,16,20.226,36.419,20.092,76.737
6,Monaco Grand Prix,Mercedes,ANT,54,1,HARD,17,19.841,35.782,20.266,75.889
6,Monaco Grand Prix,Mercedes,ANT,55,1,HARD,18,19.72,35.395,19.875,74.99
6,Monaco Grand Prix,Mercedes,ANT,56,1,HARD,19,19.841,35.461,20.0,75.302
6,Monaco Grand Prix,Mercedes,ANT,57,1,HARD,20,19.858,35.377,19.903,75.138
6,Monaco Grand Prix,Mercedes,ANT,58,1,HARD,21,19.925,35.676,20.211,75.812
6,Monaco Grand Prix,Mercedes,ANT,59,1,HARD,22,20.003,35.86,20.194,76.057
6,Monaco Grand Prix,Mercedes,ANT,60,1,HARD,23,19.871,35.677,26.924,82.472
6,Monaco Grand Prix,Mercedes,ANT,61,1,HARD,24,30.467,57.259,49.019,136.745
6,Monaco Grand Prix,Mercedes,ANT,62,1,SOFT,5,34.932,53.267,32.162,120.361
6,Monaco Grand Prix,Mercedes,ANT,63,1,SOFT,6,33.844,51.152,35.416,120.412
6,Monaco Grand Prix,Mercedes,ANT,64,1,SOFT,7,44.18,56.951,31.707,132.838
6,Monaco Grand Prix,Mercedes,ANT,65,1,SOFT,8,32.392,56.689,30.142,119.223
6,Monaco Grand Prix,Mercedes,ANT,66,1,SOFT,9,20.781,49.698,40.703,111.182
6,Monaco Grand Prix,Mercedes,ANT,67,1,SOFT,10,27.893,49.277,28.312,105.482
6,Monaco Grand Prix,Mercedes,ANT,68,1,SOFT,11,29.67,55.835,,
6,Monaco Grand Prix,Mercedes,ANT,69,1,SOFT,5,24.942,49.812,28.719,103.473
6,Monaco Grand Prix,Mercedes,ANT,70,1,SOFT,6,29.94,48.839,88.532,
6,Monaco Grand Prix,Mercedes,ANT,71,1,SOFT,7,23.269,36.623,20.379,80.271
6,Monaco Grand Prix,Mercedes,ANT,72,1,SOFT,8,20.096,35.611,20.03,75.737
6,Monaco Grand Prix,Mercedes,ANT,73,1,SOFT,9,19.715,35.103,19.767,74.585
6,Monaco Grand Prix,Mercedes,ANT,74,1,SOFT,10,19.573,34.721,19.664,73.958
6,Monaco Grand Prix,Mercedes,ANT,75,1,SOFT,11,19.626,34.73,19.652,74.008
6,Monaco Grand Prix,Mercedes,ANT,76,1,SOFT,12,19.379,34.566,19.536,73.481
6,Monaco Grand Prix,Mercedes,ANT,77,1,SOFT,13,19.403,34.699,19.626,73.728
6,Monaco Grand Prix,Mercedes,ANT,78,1,SOFT,14,19.722,35.243,20.649,75.614
6,Monaco Grand Prix,Aston Martin,ALO,1,17,MEDIUM,1,,41.903,22.14,97.265
6,Monaco Grand Prix,Aston Martin,ALO,2,17,MEDIUM,2,22.096,38.491,21.756,82.343
6,Monaco Grand Prix,Aston Martin,ALO,3,18,MEDIUM,3,21.783,38.422,38.844,99.049
6,Monaco Grand Prix,Aston Martin,ALO,4,18,SOFT,1,24.311,37.896,21.105,83.312
6,Monaco Grand Prix,Aston Martin,ALO,5,17,SOFT,2,21.289,37.813,21.224,80.326
6,Monaco Grand Prix,Aston Martin,ALO,6,17,SOFT,3,21.032,37.525,21.215,79.772
6,Monaco Grand Prix,Aston Martin,ALO,7,17,SOFT,4,20.833,37.326,21.001,79.16
6,Monaco Grand Prix,Aston Martin,ALO,8,17,SOFT,5,20.941,37.299,20.973,79.213
6,Monaco Grand Prix,Aston Martin,ALO,9,16,SOFT,6,20.85,37.4,21.181,79.431
6,Monaco Grand Prix,Aston Martin,ALO,10,16,SOFT,7,21.013,37.663,21.317,79.993
6,Monaco Grand Prix,Aston Martin,ALO,11,16,SOFT,8,20.944,37.632,21.019,79.595
6,Monaco Grand Prix,Aston Martin,ALO,12,16,SOFT,9,20.762,37.207,21.062,79.031
6,Monaco Grand Prix,Aston Martin,ALO,13,16,SOFT,10,20.802,37.128,21.102,79.032
6,Monaco Grand Prix,Aston Martin,ALO,14,16,SOFT,11,20.794,37.349,21.195,79.338
6,Monaco Grand Prix,Aston Martin,ALO,15,16,SOFT,12,20.838,37.394,21.183,79.415
6,Monaco Grand Prix,Aston Martin,ALO,16,16,SOFT,13,20.792,38.728,21.395,80.915
6,Monaco Grand Prix,Aston Martin,ALO,17,16,SOFT,14,22.633,37.87,21.017,81.52
6,Monaco Grand Prix,Aston Martin,ALO,18,16,SOFT,15,20.897,37.463,22.419,80.779
6,Monaco Grand Prix,Aston Martin,ALO,19,16,SOFT,16,21.2,37.546,21.19,79.936
6,Monaco Grand Prix,Aston Martin,ALO,20,16,SOFT,17,20.76,37.485,21.042,79.287
6,Monaco Grand Prix,Aston Martin,ALO,21,16,SOFT,18,20.762,37.361,21.123,79.246
6,Monaco Grand Prix,Aston Martin,ALO,22,16,SOFT,19,20.816,37.288,21.065,79.169
6,Monaco Grand Prix,Aston Martin,ALO,23,16,SOFT,20,20.785,37.204,21.168,79.157
6,Monaco Grand Prix,Aston Martin,ALO,24,16,SOFT,21,20.71,37.302,21.06,79.072
6,Monaco Grand Prix,Aston Martin,ALO,25,16,SOFT,22,20.701,37.225,21.091,79.017
6,Monaco Grand Prix,Aston Martin,ALO,26,16,SOFT,23,20.724,37.267,20.89,78.881
6,Monaco Grand Prix,Aston Martin,ALO,27,16,SOFT,24,20.716,37.452,21.119,79.287
6,Monaco Grand Prix,Aston Martin,ALO,28,16,SOFT,25,20.827,37.29,21.055,79.172
6,Monaco Grand Prix,Aston Martin,ALO,29,16,SOFT,26,20.682,37.476,21.093,79.251
6,Monaco Grand Prix,Aston Martin,ALO,30,16,SOFT,27,20.715,37.498,21.017,79.23
6,Monaco Grand Prix,Aston Martin,ALO,31,16,SOFT,28,20.652,37.339,21.023,79.014
6,Monaco Grand Prix,Aston Martin,ALO,32,16,SOFT,29,20.571,37.302,20.925,78.798
6,Monaco Grand Prix,Aston Martin,ALO,33,16,SOFT,30,20.69,37.177,20.829,78.696
6,Monaco Grand Prix,Aston Martin,ALO,34,16,SOFT,31,20.614,37.209,20.931,78.754
6,Monaco Grand Prix,Aston Martin,ALO,35,16,SOFT,32,20.631,37.397,21.109,79.137
6,Monaco Grand Prix,Aston Martin,ALO,36,16,SOFT,33,20.694,37.281,20.936,78.911
6,Monaco Grand Prix,Aston Martin,ALO,37,16,SOFT,34,20.814,37.24,20.956,79.01
6,Monaco Grand Prix,Aston Martin,ALO,38,16,SOFT,35,20.738,37.236,20.924,78.898
6,Monaco Grand Prix,Aston Martin,ALO,39,16,SOFT,36,20.656,37.276,20.964,78.896
6,Monaco Grand Prix,Aston Martin,ALO,40,16,SOFT,37,20.774,37.345,20.901,79.02
6,Monaco Grand Prix,Aston Martin,ALO,41,16,SOFT,38,20.691,37.455,21.069,79.215
6,Monaco Grand Prix,Aston Martin,ALO,42,16,SOFT,39,20.963,37.385,21.066,79.414
6,Monaco Grand Prix,Aston Martin,ALO,43,16,SOFT,40,20.91,37.577,21.212,79.699
6,Monaco Grand Prix,Aston Martin,ALO,44,16,SOFT,41,20.859,37.534,21.225,79.618
6,Monaco Grand Prix,Aston Martin,ALO,45,15,SOFT,42,21.12,37.674,21.119,79.913
6,Monaco Grand Prix,Aston Martin,ALO,46,15,SOFT,43,20.936,38.01,21.198,80.144
6,Monaco Grand Prix,Aston Martin,ALO,47,15,SOFT,44,21.137,38.554,21.571,81.262
6,Monaco Grand Prix,Aston Martin,ALO,48,15,SOFT,45,21.436,38.244,21.37,81.05
6,Monaco Grand Prix,Aston Martin,ALO,49,15,SOFT,46,21.053,39.099,21.488,81.64
6,Monaco Grand Prix,Aston Martin,ALO,50,15,SOFT,47,22.04,37.82,21.064,80.924
6,Monaco Grand Prix,Aston Martin,ALO,51,15,SOFT,48,21.853,38.255,21.137,81.245
6,Monaco Grand Prix,Aston Martin,ALO,52,15,SOFT,49,20.884,37.487,21.157,79.528
6,Monaco Grand Prix,Aston Martin,ALO,53,15,SOFT,50,20.863,37.904,21.218,79.985
6,Monaco Grand Prix,Aston Martin,ALO,54,15,SOFT,51,20.873,37.976,20.871,79.72
6,Monaco Grand Prix,Aston Martin,ALO,55,15,SOFT,52,20.848,38.603,21.517,80.968
6,Monaco Grand Prix,Aston Martin,ALO,56,15,SOFT,53,22.193,38.885,21.388,82.466
6,Monaco Grand Prix,Aston Martin,ALO,57,15,SOFT,54,21.004,37.489,21.135,79.628
6,Monaco Grand Prix,Aston Martin,ALO,58,15,SOFT,55,20.985,50.913,43.386,115.284
6,Monaco Grand Prix,Aston Martin,ALO,59,15,SOFT,1,27.175,49.541,36.597,113.313
6,Monaco Grand Prix,Aston Martin,ALO,60,15,SOFT,2,31.544,38.787,22.045,92.376
6,Monaco Grand Prix,Aston Martin,ALO,61,15,SOFT,3,27.688,51.131,31.362,110.181
6,Monaco Grand Prix,Aston Martin,ALO,62,15,SOFT,4,28.525,43.409,21.753,93.687
6,Monaco Grand Prix,Aston Martin,ALO,63,15,SOFT,5,21.833,39.317,22.832,83.982
6,Monaco Grand Prix,Aston Martin,ALO,64,15,SOFT,6,21.862,38.29,21.97,82.122
6,Monaco Grand Prix,Aston Martin,ALO,65,14,SOFT,7,25.548,49.813,40.19,115.551
6,Monaco Grand Prix,Aston Martin,ALO,66,14,SOFT,8,29.061,49.681,27.553,106.295
6,Monaco Grand Prix,Aston Martin,ALO,67,14,SOFT,9,27.951,51.724,,
6,Monaco Grand Prix,Aston Martin,ALO,68,14,SOFT,9,30.29,40.033,80.003,
6,Monaco Grand Prix,Aston Martin,ALO,69,14,SOFT,9,26.761,39.723,22.833,89.317
6,Monaco Grand Prix,Aston Martin,ALO,70,14,SOFT,10,23.077,48.134,74.082,145.293
6,Monaco Grand Prix,Aston Martin,ALO,71,13,SOFT,11,26.381,42.901,21.27,90.552
6,Monaco Grand Prix,Aston Martin,ALO,72,13,SOFT,12,21.498,37.869,21.531,80.898
6,Monaco Grand Prix,Aston Martin,ALO,73,12,SOFT,13,21.241,38.089,20.82,80.15
6,Monaco Grand Prix,Aston Martin,ALO,74,12,SOFT,14,20.822,36.766,20.713,78.301
6,Monaco Grand Prix,Aston Martin,ALO,75,12,SOFT,15,20.605,36.686,20.765,78.056
6,Monaco Grand Prix,Aston Martin,ALO,76,12,SOFT,16,20.463,36.348,20.465,77.276
6,Monaco Grand Prix,Aston Martin,ALO,77,12,SOFT,17,20.291,36.402,20.427,77.12
6,Monaco Grand Prix,Aston Martin,ALO,78,12,SOFT,18,20.342,36.359,20.439,77.14
6,Monaco Grand Prix,Ferrari,LEC,1,3,MEDIUM,1,,37.54,21.112,85.514
6,Monaco Grand Prix,Ferrari,LEC,2,3,MEDIUM,2,20.968,36.826,20.759,78.553
6,Monaco Grand Prix,Ferrari,LEC,3,3,MEDIUM,3,20.756,36.413,20.624,77.793
6,Monaco Grand Prix,Ferrari,LEC,4,3,MEDIUM,4,20.57,36.318,20.582,77.47
6,Monaco Grand Prix,Ferrari,LEC,5,3,MEDIUM,5,20.468,36.6,20.587,77.655
6,Monaco Grand Prix,Ferrari,LEC,6,3,MEDIUM,6,20.553,36.65,20.537,77.74
6,Monaco Grand Prix,Ferrari,LEC,7,3,MEDIUM,7,20.563,36.32,20.455,77.338
6,Monaco Grand Prix,Ferrari,LEC,8,3,MEDIUM,8,20.338,36.157,20.414,76.909
6,Monaco Grand Prix,Ferrari,LEC,9,3,MEDIUM,9,20.312,36.319,20.557,77.188
6,Monaco Grand Prix,Ferrari,LEC,10,3,MEDIUM,10,20.384,36.055,20.401,76.84
6,Monaco Grand Prix,Ferrari,LEC,11,3,MEDIUM,11,20.358,36.128,20.527,77.013
6,Monaco Grand Prix,Ferrari,LEC,12,3,MEDIUM,12,20.392,36.347,20.821,77.56
6,Monaco Grand Prix,Ferrari,LEC,13,3,MEDIUM,13,20.342,36.193,20.546,77.081
6,Monaco Grand Prix,Ferrari,LEC,14,3,MEDIUM,14,20.349,36.229,20.578,77.156
6,Monaco Grand Prix,Ferrari,LEC,15,3,MEDIUM,15,20.421,36.302,20.59,77.313
6,Monaco Grand Prix,Ferrari,LEC,16,3,MEDIUM,16,20.288,36.131,20.596,77.015
6,Monaco Grand Prix,Ferrari,LEC,17,3,MEDIUM,17,20.346,36.388,20.954,77.688
6,Monaco Grand Prix,Ferrari,LEC,18,3,MEDIUM,18,20.423,36.44,20.5,77.363
6,Monaco Grand Prix,Ferrari,LEC,19,3,MEDIUM,19,20.389,36.527,20.782,77.698
6,Monaco Grand Prix,Ferrari,LEC,20,3,MEDIUM,20,20.352,36.266,20.601,77.219
6,Monaco Grand Prix,Ferrari,LEC,21,3,MEDIUM,21,20.199,36.283,20.399,76.881
6,Monaco Grand Prix,Ferrari,LEC,22,3,MEDIUM,22,20.252,36.199,20.52,76.971
6,Monaco Grand Prix,Ferrari,LEC,23,3,MEDIUM,23,20.195,36.961,20.728,77.884
6,Monaco Grand Prix,Ferrari,LEC,24,3,MEDIUM,24,20.243,36.226,20.486,76.955
6,Monaco Grand Prix,Ferrari,LEC,25,3,MEDIUM,25,20.291,36.264,20.428,76.983
6,Monaco Grand Prix,Ferrari,LEC,26,3,MEDIUM,26,20.252,36.372,20.397,77.021
6,Monaco Grand Prix,Ferrari,LEC,27,3,MEDIUM,27,20.271,36.377,20.52,77.168
6,Monaco Grand Prix,Ferrari,LEC,28,2,MEDIUM,28,20.26,36.507,20.805,77.572
6,Monaco Grand Prix,Ferrari,LEC,29,2,MEDIUM,29,20.306,36.305,20.577,77.188
6,Monaco Grand Prix,Ferrari,LEC,30,2,MEDIUM,30,20.267,36.292,20.511,77.07
6,Monaco Grand Prix,Ferrari,LEC,31,2,MEDIUM,31,20.361,36.563,20.655,77.579
6,Monaco Grand Prix,Ferrari,LEC,32,2,MEDIUM,32,20.432,36.844,20.643,77.919
6,Monaco Grand Prix,Ferrari,LEC,33,2,MEDIUM,33,20.453,36.632,20.581,77.666
6,Monaco Grand Prix,Ferrari,LEC,34,2,MEDIUM,34,20.644,36.651,20.612,77.907
6,Monaco Grand Prix,Ferrari,LEC,35,3,MEDIUM,35,20.678,36.922,38.9,96.5
6,Monaco Grand Prix,Ferrari,LEC,36,3,HARD,1,25.177,37.496,20.753,83.426
6,Monaco Grand Prix,Ferrari,LEC,37,3,HARD,2,20.58,36.701,20.371,77.652
6,Monaco Grand Prix,Ferrari,LEC,38,3,HARD,3,20.324,36.166,20.382,76.872
6,Monaco Grand Prix,Ferrari,LEC,39,3,HARD,4,20.175,36.023,20.371,76.569
6,Monaco Grand Prix,Ferrari,LEC,40,3,HARD,5,20.104,35.945,20.515,76.564
6,Monaco Grand Prix,Ferrari,LEC,41,3,HARD,6,20.324,36.536,21.012,77.872
6,Monaco Grand Prix,Ferrari,LEC,42,3,HARD,7,20.61,36.52,20.406,77.536
6,Monaco Grand Prix,Ferrari,LEC,43,3,HARD,8,20.235,36.092,20.247,76.574
6,Monaco Grand Prix,Ferrari,LEC,44,3,HARD,9,20.117,35.866,20.362,76.345
6,Monaco Grand Prix,Ferrari,LEC,45,3,HARD,10,20.096,36.1,20.342,76.538
6,Monaco Grand Prix,Ferrari,LEC,46,3,HARD,11,20.088,35.96,20.223,76.271
6,Monaco Grand Prix,Ferrari,LEC,47,3,HARD,12,20.058,35.827,20.152,76.037
6,Monaco Grand Prix,Ferrari,LEC,48,3,HARD,13,20.059,35.948,20.21,76.217
6,Monaco Grand Prix,Ferrari,LEC,49,3,HARD,14,20.069,35.913,20.213,76.195
6,Monaco Grand Prix,Ferrari,LEC,50,3,HARD,15,19.974,35.914,20.323,76.211
6,Monaco Grand Prix,Ferrari,LEC,51,3,HARD,16,20.006,36.085,20.383,76.474
6,Monaco Grand Prix,Ferrari,LEC,52,3,HARD,17,20.261,36.085,20.35,76.696
6,Monaco Grand Prix,Ferrari,LEC,53,3,HARD,18,19.934,35.864,20.166,75.964
6,Monaco Grand Prix,Ferrari,LEC,54,3,HARD,19,20.11,35.892,20.148,76.15
6,Monaco Grand Prix,Ferrari,LEC,55,3,HARD,20,19.968,35.951,20.137,76.056
6,Monaco Grand Prix,Ferrari,LEC,56,3,HARD,21,20.094,36.834,20.16,77.088
6,Monaco Grand Prix,Ferrari,LEC,57,3,HARD,22,20.118,35.9,20.375,76.393
6,Monaco Grand Prix,Ferrari,LEC,58,3,HARD,23,20.16,36.021,20.197,76.378
6,Monaco Grand Prix,Ferrari,LEC,59,3,HARD,24,20.119,36.12,20.237,76.476
6,Monaco Grand Prix,Ferrari,LEC,60,3,HARD,25,20.065,49.146,52.446,121.657
6,Monaco Grand Prix,Ferrari,LEC,61,3,SOFT,5,27.736,49.272,38.297,115.305
6,Monaco Grand Prix,Ferrari,LEC,62,3,SOFT,6,30.777,41.764,22.129,94.67
6,Monaco Grand Prix,Ferrari,LEC,63,3,SOFT,7,24.204,50.646,32.0,106.85
6,Monaco Grand Prix,Ferrari,LEC,64,3,SOFT,8,35.547,57.888,31.008,124.443
6,Monaco Grand Prix,Ferrari,LEC,65,,SOFT,9,,,,
6,Monaco Grand Prix,Aston Martin,STR,1,18,MEDIUM,1,,42.992,22.142,99.197
6,Monaco Grand Prix,Aston Martin,STR,2,18,MEDIUM,2,21.701,38.678,21.703,82.082
6,Monaco Grand Prix,Aston Martin,STR,3,17,MEDIUM,3,21.738,38.502,21.66,81.9
6,Monaco Grand Prix,Aston Martin,STR,4,17,MEDIUM,4,21.459,38.057,38.993,98.509
6,Monaco Grand Prix,Aston Martin,STR,5,18,SOFT,1,24.665,38.192,21.161,84.018
6,Monaco Grand Prix,Aston Martin,STR,6,18,SOFT,2,21.18,37.352,21.223,79.755
6,Monaco Grand Prix,Aston Martin,STR,7,18,SOFT,3,20.91,37.465,21.227,79.602
6,Monaco Grand Prix,Aston Martin,STR,8,18,SOFT,4,20.857,37.072,21.247,79.176
6,Monaco Grand Prix,Aston Martin,STR,9,17,SOFT,5,20.654,37.18,21.31,79.144
6,Monaco Grand Prix,Aston Martin,STR,10,17,SOFT,6,20.835,37.11,21.369,79.314
6,Monaco Grand Prix,Aston Martin,STR,11,17,SOFT,7,20.981,37.352,21.21,79.543
6,Monaco Grand Prix,Aston Martin,STR,12,17,SOFT,8,20.812,37.406,21.22,79.438
6,Monaco Grand Prix,Aston Martin,STR,13,17,SOFT,9,20.777,37.218,21.145,79.14
6,Monaco Grand Prix,Aston Martin,STR,14,17,SOFT,10,20.772,37.475,22.653,80.9
6,Monaco Grand Prix,Aston Martin,STR,15,17,SOFT,11,21.085,39.176,21.36,81.621
6,Monaco Grand Prix,Aston Martin,STR,16,17,SOFT,12,20.973,37.591,22.877,81.441
6,Monaco Grand Prix,Aston Martin,STR,17,17,SOFT,13,21.177,37.18,21.254,79.611
6,Monaco Grand Prix,Aston Martin,STR,18,17,SOFT,14,20.898,37.254,21.179,79.331
6,Monaco Grand Prix,Aston Martin,STR,19,17,SOFT,15,20.885,37.304,21.057,79.246
6,Monaco Grand Prix,Aston Martin,STR,20,17,SOFT,16,20.864,37.214,21.069,79.147
6,Monaco Grand Prix,Aston Martin,STR,21,17,SOFT,17,20.784,37.456,21.093,79.333
6,Monaco Grand Prix,Aston Martin,STR,22,17,SOFT,18,20.865,37.217,21.314,79.396
6,Monaco Grand Prix,Aston Martin,STR,23,17,SOFT,19,21.087,37.302,21.082,79.471
6,Monaco Grand Prix,Aston Martin,STR,24,17,SOFT,20,20.843,37.152,21.051,79.046
6,Monaco Grand Prix,Aston Martin,STR,25,17,SOFT,21,20.706,37.154,21.013,78.873
6,Monaco Grand Prix,Aston Martin,STR,26,17,SOFT,22,20.74,37.12,21.383,79.243
6,Monaco Grand Prix,Aston Martin,STR,27,17,SOFT,23,20.951,37.219,21.04,79.21
6,Monaco Grand Prix,Aston Martin,STR,28,17,SOFT,24,20.761,37.204,21.213,79.178
6,Monaco Grand Prix,Aston Martin,STR,29,17,SOFT,25,20.716,37.225,21.027,78.968
6,Monaco Grand Prix,Aston Martin,STR,30,17,SOFT,26,20.629,37.209,21.207,79.045
6,Monaco Grand Prix,Aston Martin,STR,31,17,SOFT,27,20.712,37.164,21.09,78.966
6,Monaco Grand Prix,Aston Martin,STR,32,17,SOFT,28,20.65,37.211,21.191,79.052
6,Monaco Grand Prix,Aston Martin,STR,33,17,SOFT,29,20.918,37.193,21.108,79.219
6,Monaco Grand Prix,Aston Martin,STR,34,17,SOFT,30,20.753,37.21,20.987,78.95
6,Monaco Grand Prix,Aston Martin,STR,35,17,SOFT,31,20.798,37.245,21.056,79.099
6,Monaco Grand Prix,Aston Martin,STR,36,17,SOFT,32,20.721,37.194,20.93,78.845
6,Monaco Grand Prix,Aston Martin,STR,37,17,SOFT,33,20.706,36.363,21.939,79.008
6,Monaco Grand Prix,Aston Martin,STR,38,17,SOFT,34,20.729,37.07,21.393,79.192
6,Monaco Grand Prix,Aston Martin,STR,39,17,SOFT,35,20.803,37.228,21.205,79.236
6,Monaco Grand Prix,Aston Martin,STR,40,17,SOFT,36,23.934,37.731,21.15,82.815
6,Monaco Grand Prix,Aston Martin,STR,41,17,SOFT,37,20.797,37.399,21.164,79.36
6,Monaco Grand Prix,Aston Martin,STR,42,17,SOFT,38,20.72,37.085,21.19,78.995
6,Monaco Grand Prix,Aston Martin,STR,43,17,SOFT,39,20.783,37.423,21.098,79.304
6,Monaco Grand Prix,Aston Martin,STR,44,17,SOFT,40,20.875,37.442,21.111,79.428
6,Monaco Grand Prix,Aston Martin,STR,45,16,SOFT,41,20.856,37.312,21.069,79.237
6,Monaco Grand Prix,Aston Martin,STR,46,16,SOFT,42,20.851,37.524,21.207,79.582
6,Monaco Grand Prix,Aston Martin,STR,47,16,SOFT,43,20.924,39.821,21.405,82.15
6,Monaco Grand Prix,Aston Martin,STR,48,16,SOFT,44,20.906,40.842,21.953,83.701
6,Monaco Grand Prix,Aston Martin,STR,49,16,SOFT,45,21.097,37.628,21.225,79.95
6,Monaco Grand Prix,Aston Martin,STR,50,16,SOFT,46,20.907,37.416,21.038,79.361
6,Monaco Grand Prix,Aston Martin,STR,51,16,SOFT,47,20.961,37.784,21.071,79.816
6,Monaco Grand Prix,Aston Martin,STR,52,16,SOFT,48,20.739,37.442,21.109,79.29
6,Monaco Grand Prix,Aston Martin,STR,53,16,SOFT,49,20.878,38.856,21.592,81.326
6,Monaco Grand Prix,Aston Martin,STR,54,16,SOFT,50,22.86,38.799,21.449,83.108
6,Monaco Grand Prix,Aston Martin,STR,55,16,SOFT,51,20.875,37.608,21.077,79.56
6,Monaco Grand Prix,Aston Martin,STR,56,16,SOFT,52,20.79,37.526,21.017,79.333
6,Monaco Grand Prix,Aston Martin,STR,57,,SOFT,53,,,,
6,Monaco Grand Prix,Williams,ALB,1,10,MEDIUM,1,,40.148,21.575,92.115
6,Monaco Grand Prix,Williams,ALB,2,10,MEDIUM,2,21.614,37.984,21.462,81.06
6,Monaco Grand Prix,Williams,ALB,3,10,MEDIUM,3,21.324,37.624,21.393,80.341
6,Monaco Grand Prix,Williams,ALB,4,10,MEDIUM,4,21.229,37.447,21.212,79.888
6,Monaco Grand Prix,Williams,ALB,5,10,MEDIUM,5,21.155,37.262,21.245,79.662
6,Monaco Grand Prix,Williams,ALB,6,10,MEDIUM,6,21.066,37.215,21.093,79.374
6,Monaco Grand Prix,Williams,ALB,7,10,MEDIUM,7,21.004,36.942,21.001,78.947
6,Monaco Grand Prix,Williams,ALB,8,10,MEDIUM,8,20.935,36.783,21.024,78.742
6,Monaco Grand Prix,Williams,ALB,9,10,MEDIUM,9,20.848,36.883,20.916,78.647
6,Monaco Grand Prix,Williams,ALB,10,10,MEDIUM,10,20.784,36.78,20.923,78.487
6,Monaco Grand Prix,Williams,ALB,11,10,MEDIUM,11,20.75,36.849,20.979,78.578
6,Monaco Grand Prix,Williams,ALB,12,10,MEDIUM,12,20.734,36.737,20.893,78.364
6,Monaco Grand Prix,Williams,ALB,13,10,MEDIUM,13,20.87,36.998,20.966,78.834
6,Monaco Grand Prix,Williams,ALB,14,10,MEDIUM,14,20.898,36.962,20.976,78.836
6,Monaco Grand Prix,Williams,ALB,15,10,MEDIUM,15,20.711,36.808,20.934,78.453
6,Monaco Grand Prix,Williams,ALB,16,10,MEDIUM,16,20.81,36.871,21.065,78.746
6,Monaco Grand Prix,Williams,ALB,17,10,MEDIUM,17,20.839,36.831,21.055,78.725
6,Monaco Grand Prix,Williams,ALB,18,10,MEDIUM,18,20.895,36.936,20.992,78.823
6,Monaco Grand Prix,Williams,ALB,19,10,MEDIUM,19,20.718,37.081,21.063,78.862
6,Monaco Grand Prix,Williams,ALB,20,10,MEDIUM,20,20.808,36.851,21.065,78.724
6,Monaco Grand Prix,Williams,ALB,21,10,MEDIUM,21,20.943,36.965,21.206,79.114
6,Monaco Grand Prix,Williams,ALB,22,10,MEDIUM,22,20.795,37.623,21.132,79.55
6,Monaco Grand Prix,Williams,ALB,23,10,MEDIUM,23,20.807,37.235,21.078,79.12
6,Monaco Grand Prix,Williams,ALB,24,10,MEDIUM,24,20.856,37.194,21.081,79.131
6,Monaco Grand Prix,Williams,ALB,25,10,MEDIUM,25,20.872,37.249,21.012,79.133
6,Monaco Grand Prix,Williams,ALB,26,10,MEDIUM,26,20.82,37.442,21.057,79.319
6,Monaco Grand Prix,Williams,ALB,27,10,MEDIUM,27,20.975,37.014,20.986,78.975
6,Monaco Grand Prix,Williams,ALB,28,10,MEDIUM,28,20.78,37.196,21.021,78.997
6,Monaco Grand Prix,Williams,ALB,29,10,MEDIUM,29,20.814,37.217,21.088,79.119
6,Monaco Grand Prix,Williams,ALB,30,10,MEDIUM,30,20.663,37.33,21.059,79.052
6,Monaco Grand Prix,Williams,ALB,31,10,MEDIUM,31,20.817,37.293,21.621,79.731
6,Monaco Grand Prix,Williams,ALB,32,10,MEDIUM,32,21.656,37.596,21.597,80.849
6,Monaco Grand Prix,Williams,ALB,33,10,MEDIUM,33,21.119,37.205,21.184,79.508
6,Monaco Grand Prix,Williams,ALB,34,10,MEDIUM,34,21.015,37.422,21.238,79.675
6,Monaco Grand Prix,Williams,ALB,35,10,MEDIUM,35,21.047,37.495,21.08,79.622
6,Monaco Grand Prix,Williams,ALB,36,10,MEDIUM,36,20.847,37.403,21.076,79.326
6,Monaco Grand Prix,Williams,ALB,37,10,MEDIUM,37,20.827,37.43,21.179,79.436
6,Monaco Grand Prix,Williams,ALB,38,10,MEDIUM,38,20.89,37.749,21.252,79.891
6,Monaco Grand Prix,Williams,ALB,39,10,MEDIUM,39,23.332,38.074,21.366,82.772
6,Monaco Grand Prix,Williams,ALB,40,10,MEDIUM,40,21.001,37.546,21.184,79.731
6,Monaco Grand Prix,Williams,ALB,41,10,MEDIUM,41,20.786,37.45,21.188,79.424
6,Monaco Grand Prix,Williams,ALB,42,10,MEDIUM,42,21.005,37.605,21.241,79.851
6,Monaco Grand Prix,Williams,ALB,43,10,MEDIUM,43,20.964,37.755,40.281,99.0
6,Monaco Grand Prix,Williams,ALB,44,10,SOFT,1,24.04,37.227,21.076,82.343
6,Monaco Grand Prix,Williams,ALB,45,10,SOFT,2,20.709,40.402,22.271,83.382
6,Monaco Grand Prix,Williams,ALB,46,10,SOFT,3,21.35,38.849,22.022,82.221
6,Monaco Grand Prix,Williams,ALB,47,11,SOFT,4,21.631,38.379,22.893,82.903
6,Monaco Grand Prix,Williams,ALB,48,11,SOFT,5,21.594,37.346,20.969,79.909
6,Monaco Grand Prix,Williams,ALB,49,11,SOFT,6,20.672,37.66,21.241,79.573
6,Monaco Grand Prix,Williams,ALB,50,11,SOFT,7,20.857,37.607,21.763,80.227
6,Monaco Grand Prix,Williams,ALB,51,11,SOFT,8,21.642,38.719,21.317,81.678
6,Monaco Grand Prix,Williams,ALB,52,11,SOFT,9,21.097,37.323,21.349,79.769
6,Monaco Grand Prix,Williams,ALB,53,11,SOFT,10,22.191,39.217,21.163,82.571
6,Monaco Grand Prix,Williams,ALB,54,11,SOFT,11,20.595,36.714,20.848,78.157
6,Monaco Grand Prix,Williams,ALB,55,11,SOFT,12,20.75,37.207,20.943,78.9
6,Monaco Grand Prix,Williams,ALB,56,10,SOFT,13,20.447,36.599,20.9,77.946
6,Monaco Grand Prix,Williams,ALB,57,10,SOFT,14,20.478,36.889,20.824,78.191
6,Monaco Grand Prix,Williams,ALB,58,10,SOFT,15,20.486,45.727,31.394,97.607
6,Monaco Grand Prix,Williams,ALB,59,10,SOFT,16,22.857,49.687,37.166,109.71
6,Monaco Grand Prix,Williams,ALB,60,10,SOFT,17,26.655,53.33,31.65,111.635
6,Monaco Grand Prix,Williams,ALB,61,10,SOFT,18,34.146,50.802,34.618,119.566
6,Monaco Grand Prix,Williams,ALB,62,10,SOFT,19,28.437,40.411,22.401,91.249
6,Monaco Grand Prix,Williams,ALB,63,10,SOFT,20,22.22,39.112,22.013,83.345
6,Monaco Grand Prix,Williams,ALB,64,10,SOFT,21,21.977,37.668,21.343,80.988
6,Monaco Grand Prix,Williams,ALB,65,9,SOFT,22,21.231,51.356,41.226,113.813
6,Monaco Grand Prix,Williams,ALB,66,9,SOFT,23,27.9,50.836,28.529,107.265
6,Monaco Grand Prix,Williams,ALB,67,9,SOFT,24,25.469,54.151,,
6,Monaco Grand Prix,Williams,ALB,68,9,SOFT,7,26.728,40.533,77.829,145.09
6,Monaco Grand Prix,Williams,ALB,69,9,SOFT,7,27.161,38.672,27.0,92.833
6,Monaco Grand Prix,Williams,ALB,70,9,SOFT,8,27.471,51.439,79.126,
6,Monaco Grand Prix,Williams,ALB,71,9,SOFT,9,26.242,41.881,21.681,89.804
6,Monaco Grand Prix,Williams,ALB,72,9,SOFT,10,21.168,38.76,21.423,81.351
6,Monaco Grand Prix,Williams,ALB,73,8,SOFT,11,21.16,36.428,20.57,78.158
6,Monaco Grand Prix,Williams,ALB,74,8,SOFT,12,20.309,36.099,20.368,76.776
6,Monaco Grand Prix,Williams,ALB,75,8,SOFT,13,20.241,35.876,20.359,76.476
6,Monaco Grand Prix,Williams,ALB,76,8,SOFT,14,20.333,35.974,20.297,76.604
6,Monaco Grand Prix,Williams,ALB,77,8,SOFT,15,20.331,35.795,20.28,76.406
6,Monaco Grand Prix,Williams,ALB,78,8,SOFT,16,20.308,35.859,20.226,76.393
6,Monaco Grand Prix,Audi,HUL,1,12,MEDIUM,1,,40.462,22.068,93.75
6,Monaco Grand Prix,Audi,HUL,2,12,MEDIUM,2,21.809,37.947,21.467,81.223
6,Monaco Grand Prix,Audi,HUL,3,12,MEDIUM,3,21.364,37.737,21.434,80.535
6,Monaco Grand Prix,Audi,HUL,4,12,MEDIUM,4,21.105,37.677,21.234,80.016
6,Monaco Grand Prix,Audi,HUL,5,12,MEDIUM,5,21.137,37.483,21.559,80.179
6,Monaco Grand Prix,Audi,HUL,6,12,MEDIUM,6,21.004,37.302,21.403,79.709
6,Monaco Grand Prix,Audi,HUL,7,12,MEDIUM,7,20.921,37.094,21.167,79.182
6,Monaco Grand Prix,Audi,HUL,8,12,MEDIUM,8,21.45,37.158,21.173,79.781
6,Monaco Grand Prix,Audi,HUL,9,12,MEDIUM,9,20.833,36.881,21.659,79.373
6,Monaco Grand Prix,Audi,HUL,10,12,MEDIUM,10,21.28,37.307,21.163,79.75
6,Monaco Grand Prix,Audi,HUL,11,12,MEDIUM,11,20.851,37.033,20.83,78.714
6,Monaco Grand Prix,Audi,HUL,12,14,MEDIUM,12,20.317,36.387,37.975,94.679
6,Monaco Grand Prix,Audi,HUL,13,14,HARD,1,23.274,36.605,20.47,80.349
6,Monaco Grand Prix,Audi,HUL,14,14,HARD,2,20.131,36.055,20.312,76.498
6,Monaco Grand Prix,Audi,HUL,15,14,HARD,3,20.158,35.917,20.257,76.332
6,Monaco Grand Prix,Audi,HUL,16,14,HARD,4,20.078,35.898,20.393,76.369
6,Monaco Grand Prix,Audi,HUL,17,14,HARD,5,20.093,36.143,20.497,76.733
6,Monaco Grand Prix,Audi,HUL,18,14,HARD,6,20.298,36.394,20.475,77.167
6,Monaco Grand Prix,Audi,HUL,19,14,HARD,7,20.128,36.308,20.388,76.824
6,Monaco Grand Prix,Audi,HUL,20,14,HARD,8,20.561,36.778,20.714,78.053
6,Monaco Grand Prix,Audi,HUL,21,14,HARD,9,20.261,36.726,21.056,78.043
6,Monaco Grand Prix,Audi,HUL,22,14,HARD,10,20.61,36.706,20.808,78.124
6,Monaco Grand Prix,Audi,HUL,23,14,HARD,11,20.507,36.861,21.031,78.399
6,Monaco Grand Prix,Audi,HUL,24,14,HARD,12,20.521,37.076,21.229,78.826
6,Monaco Grand Prix,Audi,HUL,25,14,HARD,13,20.649,37.18,21.361,79.19
6,Monaco Grand Prix,Audi,HUL,26,14,HARD,14,20.631,36.99,20.922,78.543
6,Monaco Grand Prix,Audi,HUL,27,14,HARD,15,20.775,37.228,21.253,79.256
6,Monaco Grand Prix,Audi,HUL,28,14,HARD,16,20.633,37.112,22.044,79.789
6,Monaco Grand Prix,Audi,HUL,29,14,HARD,17,21.547,37.188,21.135,79.87
6,Monaco Grand Prix,Audi,HUL,30,14,HARD,18,20.526,37.156,21.092,78.774
6,Monaco Grand Prix,Audi,HUL,31,14,HARD,19,20.744,38.418,21.878,81.04
6,Monaco Grand Prix,Audi,HUL,32,14,HARD,20,20.916,37.203,21.22,79.339
6,Monaco Grand Prix,Audi,HUL,33,14,HARD,21,20.582,37.132,21.292,79.006
6,Monaco Grand Prix,Audi,HUL,34,14,HARD,22,20.731,37.615,21.949,80.295
6,Monaco Grand Prix,Audi,HUL,35,13,HARD,23,21.161,38.549,21.874,81.584
6,Monaco Grand Prix,Audi,HUL,36,13,HARD,24,20.904,38.082,21.95,80.936
6,Monaco Grand Prix,Audi,HUL,37,13,HARD,25,21.252,38.105,21.807,81.164
6,Monaco Grand Prix,Audi,HUL,38,13,HARD,26,21.39,38.406,22.906,82.702
6,Monaco Grand Prix,Audi,HUL,39,13,HARD,27,21.404,38.541,22.016,81.961
6,Monaco Grand Prix,Audi,HUL,40,13,HARD,28,21.133,38.525,22.774,82.432
6,Monaco Grand Prix,Audi,HUL,41,13,HARD,29,21.791,38.074,22.037,81.902
6,Monaco Grand Prix,Audi,HUL,42,13,HARD,30,21.502,38.671,21.748,81.921
6,Monaco Grand Prix,Audi,HUL,43,13,HARD,31,21.71,38.241,21.541,81.492
6,Monaco Grand Prix,Audi,HUL,44,13,HARD,32,21.048,37.774,21.204,80.026
6,Monaco Grand Prix,Audi,HUL,45,12,HARD,33,20.898,38.027,22.25,81.175
6,Monaco Grand Prix,Audi,HUL,46,12,HARD,34,21.335,38.843,22.063,82.241
6,Monaco Grand Prix,Audi,HUL,47,12,HARD,35,21.765,38.468,22.049,82.282
6,Monaco Grand Prix,Audi,HUL,48,12,HARD,36,21.912,37.367,21.046,80.325
6,Monaco Grand Prix,Audi,HUL,49,12,HARD,37,20.645,37.432,21.531,79.608
6,Monaco Grand Prix,Audi,HUL,50,12,HARD,38,20.721,37.57,22.261,80.552
6,Monaco Grand Prix,Audi,HUL,51,12,HARD,39,21.902,38.217,21.26,81.379
6,Monaco Grand Prix,Audi,HUL,52,12,HARD,40,21.004,37.179,21.216,79.399
6,Monaco Grand Prix,Audi,HUL,53,12,HARD,41,22.41,39.135,21.456,83.001
6,Monaco Grand Prix,Audi,HUL,54,12,HARD,42,20.516,36.687,20.866,78.069
6,Monaco Grand Prix,Audi,HUL,55,12,HARD,43,20.554,37.272,21.053,78.879
6,Monaco Grand Prix,Audi,HUL,56,12,HARD,44,20.433,37.133,21.393,78.959
6,Monaco Grand Prix,Audi,HUL,57,12,HARD,45,20.636,36.798,21.69,79.124
6,Monaco Grand Prix,Audi,HUL,58,12,HARD,46,22.71,48.847,37.937,109.494
6,Monaco Grand Prix,Audi,HUL,59,13,HARD,47,26.628,49.81,37.564,114.002
6,Monaco Grand Prix,Audi,HUL,60,13,HARD,48,25.644,39.685,30.285,95.614
6,Monaco Grand Prix,Audi,HUL,61,13,HARD,49,34.424,50.968,33.654,119.046
6,Monaco Grand Prix,Audi,HUL,62,13,HARD,50,29.333,39.911,22.519,91.763
6,Monaco Grand Prix,Audi,HUL,63,13,HARD,51,22.077,39.254,22.71,84.041
6,Monaco Grand Prix,Audi,HUL,64,13,HARD,52,22.016,38.146,22.015,82.177
6,Monaco Grand Prix,Audi,HUL,65,12,HARD,53,24.758,48.678,39.904,113.34
6,Monaco Grand Prix,Audi,HUL,66,12,HARD,54,30.291,48.429,29.406,108.126
6,Monaco Grand Prix,Audi,HUL,67,12,HARD,55,23.626,55.285,,
6,Monaco Grand Prix,Audi,HUL,68,12,SOFT,1,27.252,40.295,78.304,145.851
6,Monaco Grand Prix,Audi,HUL,69,12,SOFT,2,26.972,38.836,24.166,89.974
6,Monaco Grand Prix,Audi,HUL,70,13,SOFT,3,25.722,51.254,76.512,
6,Monaco Grand Prix,Audi,HUL,71,10,SOFT,4,26.341,41.338,21.513,89.192
6,Monaco Grand Prix,Audi,HUL,72,8,SOFT,5,21.377,36.954,21.423,79.754
6,Monaco Grand Prix,Audi,HUL,73,9,SOFT,6,22.603,36.98,20.492,80.075
6,Monaco Grand Prix,Audi,HUL,74,9,SOFT,7,20.359,36.059,20.33,76.748
6,Monaco Grand Prix,Audi,HUL,75,9,SOFT,8,20.243,35.793,20.317,76.353
6,Monaco Grand Prix,Audi,HUL,76,9,SOFT,9,20.449,35.885,20.4,76.734
6,Monaco Grand Prix,Audi,HUL,77,9,SOFT,10,20.251,35.985,20.254,76.49
6,Monaco Grand Prix,Audi,HUL,78,9,SOFT,11,20.119,36.168,20.224,76.511
6,Monaco Grand Prix,Red Bull Racing,VER,1,,MEDIUM,1,,,,
6,Monaco Grand Prix,Racing Bulls,LAW,1,9,MEDIUM,1,,39.584,21.586,91.318
6,Monaco Grand Prix,Racing Bulls,LAW,2,9,MEDIUM,2,21.714,37.771,21.184,80.669
6,Monaco Grand Prix,Racing Bulls,LAW,3,9,MEDIUM,3,21.624,37.615,21.155,80.394
6,Monaco Grand Prix,Racing Bulls,LAW,4,9,MEDIUM,4,21.237,37.294,21.152,79.683
6,Monaco Grand Prix,Racing Bulls,LAW,5,9,MEDIUM,5,21.067,37.156,21.084,79.307
6,Monaco Grand Prix,Racing Bulls,LAW,6,9,MEDIUM,6,21.142,37.33,21.074,79.546
6,Monaco Grand Prix,Racing Bulls,LAW,7,9,MEDIUM,7,20.97,37.087,20.996,79.053
6,Monaco Grand Prix,Racing Bulls,LAW,8,9,MEDIUM,8,20.852,37.011,20.998,78.861
6,Monaco Grand Prix,Racing Bulls,LAW,9,9,MEDIUM,9,20.788,36.834,20.859,78.481
6,Monaco Grand Prix,Racing Bulls,LAW,10,9,MEDIUM,10,20.97,36.737,20.767,78.474
6,Monaco Grand Prix,Racing Bulls,LAW,11,9,MEDIUM,11,20.791,36.89,20.862,78.543
6,Monaco Grand Prix,Racing Bulls,LAW,12,9,MEDIUM,12,20.727,36.907,20.849,78.483
6,Monaco Grand Prix,Racing Bulls,LAW,13,9,MEDIUM,13,20.748,36.901,20.866,78.515
6,Monaco Grand Prix,Racing Bulls,LAW,14,9,MEDIUM,14,20.79,36.921,20.913,78.624
6,Monaco Grand Prix,Racing Bulls,LAW,15,9,MEDIUM,15,20.801,36.845,20.883,78.529
6,Monaco Grand Prix,Racing Bulls,LAW,16,9,MEDIUM,16,20.861,37.019,20.84,78.72
6,Monaco Grand Prix,Racing Bulls,LAW,17,9,MEDIUM,17,20.802,37.059,20.932,78.793
6,Monaco Grand Prix,Racing Bulls,LAW,18,9,MEDIUM,18,20.81,37.192,20.956,78.958
6,Monaco Grand Prix,Racing Bulls,LAW,19,9,MEDIUM,19,20.905,37.047,20.989,78.941
6,Monaco Grand Prix,Racing Bulls,LAW,20,9,MEDIUM,20,20.754,37.035,21.069,78.858
6,Monaco Grand Prix,Racing Bulls,LAW,21,9,MEDIUM,21,20.879,37.02,21.063,78.962
6,Monaco Grand Prix,Racing Bulls,LAW,22,9,MEDIUM,22,20.817,37.134,21.096,79.047
6,Monaco Grand Prix,Racing Bulls,LAW,23,9,MEDIUM,23,20.86,37.097,21.069,79.026
6,Monaco Grand Prix,Racing Bulls,LAW,24,9,MEDIUM,24,20.845,37.067,21.014,78.926
6,Monaco Grand Prix,Racing Bulls,LAW,25,9,MEDIUM,25,20.804,37.112,20.964,78.88
6,Monaco Grand Prix,Racing Bulls,LAW,26,9,MEDIUM,26,20.972,37.051,21.039,79.062
6,Monaco Grand Prix,Racing Bulls,LAW,27,9,MEDIUM,27,20.966,37.15,20.942,79.058
6,Monaco Grand Prix,Racing Bulls,LAW,28,9,MEDIUM,28,20.798,36.974,20.972,78.744
6,Monaco Grand Prix,Racing Bulls,LAW,29,9,MEDIUM,29,20.936,37.004,21.058,78.998
6,Monaco Grand Prix,Racing Bulls,LAW,30,9,MEDIUM,30,20.753,36.794,20.946,78.493
6,Monaco Grand Prix,Racing Bulls,LAW,31,9,MEDIUM,31,20.806,37.041,20.853,78.7
6,Monaco Grand Prix,Racing Bulls,LAW,32,9,MEDIUM,32,21.014,37.239,21.038,79.291
6,Monaco Grand Prix,Racing Bulls,LAW,33,9,MEDIUM,33,20.994,38.959,21.352,81.305
6,Monaco Grand Prix,Racing Bulls,LAW,34,9,MEDIUM,34,21.353,37.488,21.108,79.949
6,Monaco Grand Prix,Racing Bulls,LAW,35,9,MEDIUM,35,20.909,37.217,20.844,78.97
6,Monaco Grand Prix,Racing Bulls,LAW,36,9,MEDIUM,36,20.827,36.947,20.86,78.634
6,Monaco Grand Prix,Racing Bulls,LAW,37,9,MEDIUM,37,20.684,37.093,20.825,78.602
6,Monaco Grand Prix,Racing Bulls,LAW,38,9,MEDIUM,38,20.69,36.955,20.806,78.451
6,Monaco Grand Prix,Racing Bulls,LAW,39,9,MEDIUM,39,20.733,36.872,20.844,78.449
6,Monaco Grand Prix,Racing Bulls,LAW,40,9,MEDIUM,40,20.797,37.003,20.776,78.576
6,Monaco Grand Prix,Racing Bulls,LAW,41,9,MEDIUM,41,20.736,37.062,20.954,78.752
6,Monaco Grand Prix,Racing Bulls,LAW,42,9,MEDIUM,42,20.78,38.876,21.434,81.09
6,Monaco Grand Prix,Racing Bulls,LAW,43,9,MEDIUM,43,21.066,37.27,21.067,79.403
6,Monaco Grand Prix,Racing Bulls,LAW,44,9,MEDIUM,44,20.852,36.951,39.52,97.323
6,Monaco Grand Prix,Racing Bulls,LAW,45,8,SOFT,5,24.934,38.647,21.399,84.98
6,Monaco Grand Prix,Racing Bulls,LAW,46,8,SOFT,6,21.095,36.959,20.826,78.88
6,Monaco Grand Prix,Racing Bulls,LAW,47,8,SOFT,7,20.704,36.637,20.641,77.982
6,Monaco Grand Prix,Racing Bulls,LAW,48,8,SOFT,8,20.9,36.411,20.626,77.937
6,Monaco Grand Prix,Racing Bulls,LAW,49,8,SOFT,9,20.773,36.407,20.604,77.784
6,Monaco Grand Prix,Racing Bulls,LAW,50,8,SOFT,10,20.565,36.21,20.482,77.257
6,Monaco Grand Prix,Racing Bulls,LAW,51,8,SOFT,11,20.626,36.336,20.544,77.506
6,Monaco Grand Prix,Racing Bulls,LAW,52,8,SOFT,12,20.697,36.45,20.558,77.705
6,Monaco Grand Prix,Racing Bulls,LAW,53,8,SOFT,13,20.597,36.529,20.686,77.812
6,Monaco Grand Prix,Racing Bulls,LAW,54,8,SOFT,14,20.489,36.335,20.704,77.528
6,Monaco Grand Prix,Racing Bulls,LAW,55,8,SOFT,15,20.538,36.404,20.702,77.644
6,Monaco Grand Prix,Racing Bulls,LAW,56,8,SOFT,16,20.604,36.842,20.572,78.018
6,Monaco Grand Prix,Racing Bulls,LAW,57,8,SOFT,17,20.542,36.427,20.601,77.57
6,Monaco Grand Prix,Racing Bulls,LAW,58,8,SOFT,18,20.574,36.289,21.718,78.581
6,Monaco Grand Prix,Racing Bulls,LAW,59,8,SOFT,19,28.108,49.669,29.456,107.233
6,Monaco Grand Prix,Racing Bulls,LAW,60,8,SOFT,20,27.321,48.373,38.492,114.186
6,Monaco Grand Prix,Racing Bulls,LAW,61,8,SOFT,21,25.504,39.264,22.42,87.188
6,Monaco Grand Prix,Racing Bulls,LAW,62,8,SOFT,22,22.879,49.392,32.221,104.492
6,Monaco Grand Prix,Racing Bulls,LAW,63,8,SOFT,23,35.79,45.836,22.039,103.665
6,Monaco Grand Prix,Racing Bulls,LAW,64,8,SOFT,24,21.187,37.148,21.224,79.559
6,Monaco Grand Prix,Racing Bulls,LAW,65,7,SOFT,25,20.667,36.735,22.983,80.385
6,Monaco Grand Prix,Racing Bulls,LAW,66,7,SOFT,26,29.362,47.999,38.142,115.503
6,Monaco Grand Prix,Racing Bulls,LAW,67,7,SOFT,7,26.507,52.133,25.106,103.746
6,Monaco Grand Prix,Racing Bulls,LAW,68,7,SOFT,8,29.74,49.477,,
6,Monaco Grand Prix,Racing Bulls,LAW,69,7,SOFT,7,27.841,41.194,26.068,95.103
6,Monaco Grand Prix,Racing Bulls,LAW,70,7,SOFT,8,28.32,50.673,82.003,
6,Monaco Grand Prix,Racing Bulls,LAW,71,7,SOFT,9,26.221,40.929,21.53,88.68
6,Monaco Grand Prix,Racing Bulls,LAW,72,6,SOFT,10,21.195,37.262,20.656,79.113
6,Monaco Grand Prix,Racing Bulls,LAW,73,6,SOFT,11,21.037,36.192,20.416,77.645
6,Monaco Grand Prix,Racing Bulls,LAW,74,6,SOFT,12,20.303,35.932,20.161,76.396
6,Monaco Grand Prix,Racing Bulls,LAW,75,6,SOFT,13,20.18,35.798,20.069,76.047
6,Monaco Grand Prix,Racing Bulls,LAW,76,6,SOFT,14,20.047,35.665,20.042,75.754
6,Monaco Grand Prix,Racing Bulls,LAW,77,6,SOFT,15,20.071,35.708,20.114,75.893
6,Monaco Grand Prix,Racing Bulls,LAW,78,6,SOFT,16,20.031,35.735,20.197,75.963
6,Monaco Grand Prix,Haas F1 Team,OCO,1,16,MEDIUM,1,,41.916,22.06,96.563
6,Monaco Grand Prix,Haas F1 Team,OCO,2,16,MEDIUM,2,21.934,38.056,21.673,81.663
6,Monaco Grand Prix,Haas F1 Team,OCO,3,16,MEDIUM,3,21.625,37.639,21.323,80.587
6,Monaco Grand Prix,Haas F1 Team,OCO,4,15,MEDIUM,4,21.43,37.497,21.31,80.237
6,Monaco Grand Prix,Haas F1 Team,OCO,5,15,MEDIUM,5,21.191,37.159,21.095,79.445
6,Monaco Grand Prix,Haas F1 Team,OCO,6,15,MEDIUM,6,21.182,37.22,21.18,79.582
6,Monaco Grand Prix,Haas F1 Team,OCO,7,15,MEDIUM,7,21.173,37.402,21.132,79.707
6,Monaco Grand Prix,Haas F1 Team,OCO,8,15,MEDIUM,8,21.057,37.073,21.192,79.322
6,Monaco Grand Prix,Haas F1 Team,OCO,9,15,MEDIUM,9,20.984,37.108,39.168,97.26
6,Monaco Grand Prix,Haas F1 Team,OCO,10,15,HARD,1,24.242,37.026,20.686,81.954
6,Monaco Grand Prix,Haas F1 Team,OCO,11,15,HARD,2,20.847,36.469,20.632,77.948
6,Monaco Grand Prix,Haas F1 Team,OCO,12,15,HARD,3,20.587,36.241,20.433,77.261
6,Monaco Grand Prix,Haas F1 Team,OCO,13,15,HARD,4,20.687,36.488,20.579,77.754
6,Monaco Grand Prix,Haas F1 Team,OCO,14,15,HARD,5,20.545,36.341,20.574,77.46
6,Monaco Grand Prix,Haas F1 Team,OCO,15,15,HARD,6,20.552,36.4,20.62,77.572
6,Monaco Grand Prix,Haas F1 Team,OCO,16,15,HARD,7,20.533,36.537,20.669,77.739
6,Monaco Grand Prix,Haas F1 Team,OCO,17,15,HARD,8,20.602,36.488,20.643,77.733
6,Monaco Grand Prix,Haas F1 Team,OCO,18,15,HARD,9,20.532,36.481,20.656,77.669
6,Monaco Grand Prix,Haas F1 Team,OCO,19,15,HARD,10,20.489,36.522,20.609,77.62
6,Monaco Grand Prix,Haas F1 Team,OCO,20,15,HARD,11,20.427,36.641,20.66,77.728
6,Monaco Grand Prix,Haas F1 Team,OCO,21,15,HARD,12,20.582,36.624,20.762,77.968
6,Monaco Grand Prix,Haas F1 Team,OCO,22,15,HARD,13,20.717,36.763,20.891,78.371
6,Monaco Grand Prix,Haas F1 Team,OCO,23,15,HARD,14,20.45,36.62,20.812,77.882
6,Monaco Grand Prix,Haas F1 Team,OCO,24,15,HARD,15,20.599,36.64,20.76,77.999
6,Monaco Grand Prix,Haas F1 Team,OCO,25,15,HARD,16,20.44,36.738,20.876,78.054
6,Monaco Grand Prix,Haas F1 Team,OCO,26,15,HARD,17,20.882,38.633,21.167,80.682
6,Monaco Grand Prix,Haas F1 Team,OCO,27,15,HARD,18,20.77,36.872,20.95,78.592
6,Monaco Grand Prix,Haas F1 Team,OCO,28,15,HARD,19,20.674,36.931,21.033,78.638
6,Monaco Grand Prix,Haas F1 Team,OCO,29,15,HARD,20,20.743,37.063,20.87,78.676
6,Monaco Grand Prix,Haas F1 Team,OCO,30,15,HARD,21,20.797,36.849,20.924,78.57
6,Monaco Grand Prix,Haas F1 Team,OCO,31,15,HARD,22,20.732,36.955,21.01,78.697
6,Monaco Grand Prix,Haas F1 Team,OCO,32,15,HARD,23,20.891,37.092,20.977,78.96
6,Monaco Grand Prix,Haas F1 Team,OCO,33,15,HARD,24,20.816,36.994,21.077,78.887
6,Monaco Grand Prix,Haas F1 Team,OCO,34,15,HARD,25,20.878,37.372,21.507,79.757
6,Monaco Grand Prix,Haas F1 Team,OCO,35,14,HARD,26,21.341,38.206,21.941,81.488
6,Monaco Grand Prix,Haas F1 Team,OCO,36,14,HARD,27,21.114,37.842,22.019,80.975
6,Monaco Grand Prix,Haas F1 Team,OCO,37,14,HARD,28,21.337,37.987,21.847,81.171
6,Monaco Grand Prix,Haas F1 Team,OCO,38,14,HARD,29,21.396,39.501,21.745,82.642
6,Monaco Grand Prix,Haas F1 Team,OCO,39,14,HARD,30,21.47,38.473,21.928,81.871
6,Monaco Grand Prix,Haas F1 Team,OCO,40,14,HARD,31,21.34,39.966,21.677,82.983
6,Monaco Grand Prix,Haas F1 Team,OCO,41,14,HARD,32,21.436,37.881,22.031,81.348
6,Monaco Grand Prix,Haas F1 Team,OCO,42,14,HARD,33,21.499,38.538,21.874,81.911
6,Monaco Grand Prix,Haas F1 Team,OCO,43,14,HARD,34,21.682,38.411,21.37,81.463
6,Monaco Grand Prix,Haas F1 Team,OCO,44,14,HARD,35,21.199,37.776,21.281,80.256
6,Monaco Grand Prix,Haas F1 Team,OCO,45,13,HARD,36,20.997,37.628,22.414,81.039
6,Monaco Grand Prix,Haas F1 Team,OCO,46,13,HARD,37,21.334,38.875,21.915,82.124
6,Monaco Grand Prix,Haas F1 Team,OCO,47,13,HARD,38,21.633,38.504,22.051,82.188
6,Monaco Grand Prix,Haas F1 Team,OCO,48,13,HARD,39,22.118,37.58,21.119,80.817
6,Monaco Grand Prix,Haas F1 Team,OCO,49,13,HARD,40,20.862,37.149,21.41,79.421
6,Monaco Grand Prix,Haas F1 Team,OCO,50,13,HARD,41,20.997,38.737,21.787,81.521
6,Monaco Grand Prix,Haas F1 Team,OCO,51,13,HARD,42,21.724,37.702,21.19,80.616
6,Monaco Grand Prix,Haas F1 Team,OCO,52,13,HARD,43,21.203,37.202,21.017,79.422
6,Monaco Grand Prix,Haas F1 Team,OCO,53,13,HARD,44,22.502,38.577,21.661,82.74
6,Monaco Grand Prix,Haas F1 Team,OCO,54,13,HARD,45,20.995,37.371,20.959,79.325
6,Monaco Grand Prix,Haas F1 Team,OCO,55,13,HARD,46,20.93,37.179,21.106,79.215
6,Monaco Grand Prix,Haas F1 Team,OCO,56,13,HARD,47,20.916,38.987,21.883,81.786
6,Monaco Grand Prix,Haas F1 Team,OCO,57,13,HARD,48,21.566,38.64,21.497,81.703
6,Monaco Grand Prix,Haas F1 Team,OCO,58,13,HARD,49,21.16,50.042,31.045,102.247
6,Monaco Grand Prix,Haas F1 Team,OCO,59,12,HARD,50,24.633,49.511,37.367,111.511
6,Monaco Grand Prix,Haas F1 Team,OCO,60,12,HARD,51,26.346,40.322,30.043,96.711
6,Monaco Grand Prix,Haas F1 Team,OCO,61,12,HARD,52,34.818,50.424,34.082,119.324
6,Monaco Grand Prix,Haas F1 Team,OCO,62,12,HARD,53,28.637,40.639,22.483,91.759
6,Monaco Grand Prix,Haas F1 Team,OCO,63,12,HARD,54,22.258,39.226,22.608,84.092
6,Monaco Grand Prix,Haas F1 Team,OCO,64,12,HARD,55,22.019,37.902,21.988,81.909
6,Monaco Grand Prix,Haas F1 Team,OCO,65,11,HARD,56,24.698,48.853,38.883,112.434
6,Monaco Grand Prix,Haas F1 Team,OCO,66,11,HARD,57,30.676,48.696,28.602,107.974
6,Monaco Grand Prix,Haas F1 Team,OCO,67,11,HARD,58,24.547,54.564,,
6,Monaco Grand Prix,Haas F1 Team,OCO,68,11,SOFT,1,27.481,39.21,78.595,145.286
6,Monaco Grand Prix,Haas F1 Team,OCO,69,11,SOFT,2,28.733,39.123,23.663,91.519
6,Monaco Grand Prix,Haas F1 Team,OCO,70,11,SOFT,3,26.1,51.133,77.588,
6,Monaco Grand Prix,Haas F1 Team,OCO,71,11,SOFT,4,26.365,41.878,21.613,89.856
6,Monaco Grand Prix,Haas F1 Team,OCO,72,10,SOFT,5,21.602,38.022,21.401,81.025
6,Monaco Grand Prix,Haas F1 Team,OCO,73,10,SOFT,6,21.369,37.242,20.51,79.121
6,Monaco Grand Prix,Haas F1 Team,OCO,74,10,SOFT,7,20.597,36.189,20.436,77.222
6,Monaco Grand Prix,Haas F1 Team,OCO,75,10,SOFT,8,20.527,36.15,20.275,76.952
6,Monaco Grand Prix,Haas F1 Team,OCO,76,10,SOFT,9,20.359,36.162,20.471,76.992
6,Monaco Grand Prix,Haas F1 Team,OCO,77,10,SOFT,10,20.303,36.281,20.33,76.914
6,Monaco Grand Prix,Haas F1 Team,OCO,78,10,SOFT,11,20.346,36.216,20.495,77.057
6,Monaco Grand Prix,Racing Bulls,LIN,1,15,MEDIUM,1,,42.161,21.886,95.957
6,Monaco Grand Prix,Racing Bulls,LIN,2,15,MEDIUM,2,21.738,38.17,21.494,81.402
6,Monaco Grand Prix,Racing Bulls,LIN,3,15,MEDIUM,3,21.573,37.777,21.278,80.628
6,Monaco Grand Prix,Racing Bulls,LIN,4,14,MEDIUM,4,21.227,37.627,21.262,80.116
6,Monaco Grand Prix,Racing Bulls,LIN,5,14,MEDIUM,5,21.042,37.447,20.93,79.419
6,Monaco Grand Prix,Racing Bulls,LIN,6,14,MEDIUM,6,21.199,37.366,21.149,79.714
6,Monaco Grand Prix,Racing Bulls,LIN,7,14,MEDIUM,7,21.051,37.585,21.073,79.709
6,Monaco Grand Prix,Racing Bulls,LIN,8,14,MEDIUM,8,20.909,37.352,20.936,79.197
6,Monaco Grand Prix,Racing Bulls,LIN,9,14,MEDIUM,9,20.966,37.139,21.057,79.162
6,Monaco Grand Prix,Racing Bulls,LIN,10,14,MEDIUM,10,21.097,37.42,21.298,79.815
6,Monaco Grand Prix,Racing Bulls,LIN,11,14,MEDIUM,11,21.131,36.968,20.89,78.989
6,Monaco Grand Prix,Racing Bulls,LIN,12,13,MEDIUM,12,21.035,37.187,20.969,79.191
6,Monaco Grand Prix,Racing Bulls,LIN,13,13,MEDIUM,13,21.012,36.993,20.994,78.999
6,Monaco Grand Prix,Racing Bulls,LIN,14,13,MEDIUM,14,20.815,36.817,20.71,78.342
6,Monaco Grand Prix,Racing Bulls,LIN,15,13,MEDIUM,15,20.683,36.814,20.914,78.411
6,Monaco Grand Prix,Racing Bulls,LIN,16,13,MEDIUM,16,20.723,36.961,20.868,78.552
6,Monaco Grand Prix,Racing Bulls,LIN,17,13,MEDIUM,17,20.879,37.509,21.018,79.406
6,Monaco Grand Prix,Racing Bulls,LIN,18,13,MEDIUM,18,20.723,36.958,20.847,78.528
6,Monaco Grand Prix,Racing Bulls,LIN,19,13,MEDIUM,19,20.648,36.879,20.913,78.44
6,Monaco Grand Prix,Racing Bulls,LIN,20,13,MEDIUM,20,20.745,36.919,20.821,78.485
6,Monaco Grand Prix,Racing Bulls,LIN,21,13,MEDIUM,21,20.682,36.977,20.799,78.458
6,Monaco Grand Prix,Racing Bulls,LIN,22,13,MEDIUM,22,20.703,37.026,20.954,78.683
6,Monaco Grand Prix,Racing Bulls,LIN,23,13,MEDIUM,23,20.686,37.081,20.974,78.741
6,Monaco Grand Prix,Racing Bulls,LIN,24,13,MEDIUM,24,20.802,37.118,21.092,79.012
6,Monaco Grand Prix,Racing Bulls,LIN,25,13,MEDIUM,25,20.907,37.234,21.011,79.152
6,Monaco Grand Prix,Racing Bulls,LIN,26,13,MEDIUM,26,20.913,37.172,21.049,79.134
6,Monaco Grand Prix,Racing Bulls,LIN,27,13,MEDIUM,27,20.856,37.394,21.037,79.287
6,Monaco Grand Prix,Racing Bulls,LIN,28,13,MEDIUM,28,20.776,37.197,21.045,79.018
6,Monaco Grand Prix,Racing Bulls,LIN,29,13,MEDIUM,29,21.55,38.042,20.923,80.515
6,Monaco Grand Prix,Racing Bulls,LIN,30,13,MEDIUM,30,20.829,37.174,21.044,79.047
6,Monaco Grand Prix,Racing Bulls,LIN,31,13,MEDIUM,31,20.796,37.437,21.08,79.313
6,Monaco Grand Prix,Racing Bulls,LIN,32,13,MEDIUM,32,20.908,37.252,21.043,79.203
6,Monaco Grand Prix,Racing Bulls,LIN,33,13,MEDIUM,33,20.888,37.929,21.257,80.074
6,Monaco Grand Prix,Racing Bulls,LIN,34,13,MEDIUM,34,21.06,38.017,21.892,80.969
6,Monaco Grand Prix,Racing Bulls,LIN,35,12,MEDIUM,35,21.475,38.448,21.835,81.758
6,Monaco Grand Prix,Racing Bulls,LIN,36,12,MEDIUM,36,21.08,38.068,21.926,81.074
6,Monaco Grand Prix,Racing Bulls,LIN,37,12,MEDIUM,37,21.213,38.133,21.776,81.122
6,Monaco Grand Prix,Racing Bulls,LIN,38,12,MEDIUM,38,21.529,38.14,22.074,81.743
6,Monaco Grand Prix,Racing Bulls,LIN,39,12,MEDIUM,39,22.415,38.529,21.907,82.851
6,Monaco Grand Prix,Racing Bulls,LIN,40,12,MEDIUM,40,21.287,38.552,21.974,81.813
6,Monaco Grand Prix,Racing Bulls,LIN,41,12,MEDIUM,41,22.454,38.143,22.022,82.619
6,Monaco Grand Prix,Racing Bulls,LIN,42,12,MEDIUM,42,21.653,38.522,21.731,81.906
6,Monaco Grand Prix,Racing Bulls,LIN,43,12,MEDIUM,43,21.8,38.065,21.59,81.455
6,Monaco Grand Prix,Racing Bulls,LIN,44,12,MEDIUM,44,21.128,37.629,21.15,79.907
6,Monaco Grand Prix,Racing Bulls,LIN,45,11,MEDIUM,45,21.13,37.927,22.269,81.326
6,Monaco Grand Prix,Racing Bulls,LIN,46,11,MEDIUM,46,21.44,38.882,21.973,82.295
6,Monaco Grand Prix,Racing Bulls,LIN,47,10,MEDIUM,47,21.712,38.525,22.011,82.248
6,Monaco Grand Prix,Racing Bulls,LIN,48,10,MEDIUM,48,21.096,36.892,20.894,78.882
6,Monaco Grand Prix,Racing Bulls,LIN,49,10,MEDIUM,49,20.622,37.134,20.899,78.655
6,Monaco Grand Prix,Racing Bulls,LIN,50,10,MEDIUM,50,20.741,37.011,20.994,78.746
6,Monaco Grand Prix,Racing Bulls,LIN,51,10,MEDIUM,51,20.753,37.206,20.932,78.891
6,Monaco Grand Prix,Racing Bulls,LIN,52,9,MEDIUM,52,20.819,38.437,22.653,81.909
6,Monaco Grand Prix,Racing Bulls,LIN,53,9,MEDIUM,53,20.914,37.269,21.065,79.248
6,Monaco Grand Prix,Racing Bulls,LIN,54,9,MEDIUM,54,20.723,37.31,20.909,78.942
6,Monaco Grand Prix,Racing Bulls,LIN,55,9,MEDIUM,55,20.627,37.184,21.189,79.0
6,Monaco Grand Prix,Racing Bulls,LIN,56,9,MEDIUM,56,20.735,37.248,21.669,79.652
6,Monaco Grand Prix,Racing Bulls,LIN,57,9,MEDIUM,57,21.716,38.214,21.064,80.994
6,Monaco Grand Prix,Racing Bulls,LIN,58,9,MEDIUM,58,20.835,44.553,31.432,96.82
6,Monaco Grand Prix,Racing Bulls,LIN,59,9,MEDIUM,59,23.486,50.364,37.262,111.112
6,Monaco Grand Prix,Racing Bulls,LIN,60,9,MEDIUM,60,27.466,52.32,32.419,112.205
6,Monaco Grand Prix,Racing Bulls,LIN,61,9,MEDIUM,61,34.088,51.134,34.374,119.596
6,Monaco Grand Prix,Racing Bulls,LIN,62,9,MEDIUM,62,26.976,39.995,21.86,88.831
6,Monaco Grand Prix,Racing Bulls,LIN,63,9,MEDIUM,63,21.759,41.703,21.66,85.122
6,Monaco Grand Prix,Racing Bulls,LIN,64,9,MEDIUM,64,21.516,38.121,22.487,82.124
6,Monaco Grand Prix,Racing Bulls,LIN,65,8,MEDIUM,65,21.244,51.04,40.709,112.993
6,Monaco Grand Prix,Racing Bulls,LIN,66,8,MEDIUM,66,27.871,49.616,29.596,107.083
6,Monaco Grand Prix,Racing Bulls,LIN,67,8,MEDIUM,67,25.307,54.809,,
6,Monaco Grand Prix,Racing Bulls,LIN,68,8,SOFT,1,27.631,39.756,78.136,145.523
6,Monaco Grand Prix,Racing Bulls,LIN,69,8,SOFT,1,26.363,40.423,25.957,92.743
6,Monaco Grand Prix,Racing Bulls,LIN,70,8,SOFT,2,27.82,50.74,81.658,
6,Monaco Grand Prix,Racing Bulls,LIN,71,8,SOFT,3,26.176,41.249,21.637,89.062
6,Monaco Grand Prix,Racing Bulls,LIN,72,7,SOFT,4,21.208,37.224,20.843,79.275
6,Monaco Grand Prix,Racing Bulls,LIN,73,7,SOFT,5,21.094,36.801,20.498,78.393
6,Monaco Grand Prix,Racing Bulls,LIN,74,7,SOFT,6,20.447,36.087,20.255,76.789
6,Monaco Grand Prix,Racing Bulls,LIN,75,7,SOFT,7,20.172,35.901,20.172,76.245
6,Monaco Grand Prix,Racing Bulls,LIN,76,7,SOFT,8,20.031,35.783,20.094,75.908
6,Monaco Grand Prix,Racing Bulls,LIN,77,7,SOFT,9,20.034,35.773,20.113,75.92
6,Monaco Grand Prix,Racing Bulls,LIN,78,7,SOFT,10,19.973,35.787,20.2,75.96
6,Monaco Grand Prix,Alpine,COL,1,13,MEDIUM,1,,40.912,22.197,94.728
6,Monaco Grand Prix,Alpine,COL,2,13,MEDIUM,2,21.586,37.901,21.671,81.158
6,Monaco Grand Prix,Alpine,COL,3,13,MEDIUM,3,21.413,37.761,21.309,80.483
6,Monaco Grand Prix,Alpine,COL,4,13,MEDIUM,4,21.177,37.562,21.42,80.159
6,Monaco Grand Prix,Alpine,COL,5,13,MEDIUM,5,21.209,37.673,21.202,80.084
6,Monaco Grand Prix,Alpine,COL,6,13,MEDIUM,6,21.106,37.349,21.435,79.89
6,Monaco Grand Prix,Alpine,COL,7,13,MEDIUM,7,20.955,37.311,21.161,79.427
6,Monaco Grand Prix,Alpine,COL,8,13,MEDIUM,8,20.986,37.433,21.212,79.631
6,Monaco Grand Prix,Alpine,COL,9,13,MEDIUM,9,20.911,36.984,20.929,78.824
6,Monaco Grand Prix,Alpine,COL,10,13,MEDIUM,10,21.342,37.359,21.442,80.143
6,Monaco Grand Prix,Alpine,COL,11,13,MEDIUM,11,20.693,37.017,20.972,78.682
6,Monaco Grand Prix,Alpine,COL,12,12,MEDIUM,12,20.849,37.108,20.934,78.891
6,Monaco Grand Prix,Alpine,COL,13,12,MEDIUM,13,20.541,37.099,20.777,78.417
6,Monaco Grand Prix,Alpine,COL,14,12,MEDIUM,14,20.581,36.937,20.834,78.352
6,Monaco Grand Prix,Alpine,COL,15,12,MEDIUM,15,20.606,37.286,20.917,78.809
6,Monaco Grand Prix,Alpine,COL,16,12,MEDIUM,16,20.622,36.982,20.889,78.493
6,Monaco Grand Prix,Alpine,COL,17,12,MEDIUM,17,20.576,36.906,20.745,78.227
6,Monaco Grand Prix,Alpine,COL,18,12,MEDIUM,18,20.651,37.153,20.872,78.676
6,Monaco Grand Prix,Alpine,COL,19,12,MEDIUM,19,20.622,37.099,20.974,78.695
6,Monaco Grand Prix,Alpine,COL,20,12,MEDIUM,20,20.722,37.091,20.947,78.76
6,Monaco Grand Prix,Alpine,COL,21,12,MEDIUM,21,20.581,37.154,20.973,78.708
6,Monaco Grand Prix,Alpine,COL,22,12,MEDIUM,22,20.568,37.227,20.989,78.784
6,Monaco Grand Prix,Alpine,COL,23,12,MEDIUM,23,20.762,37.462,20.903,79.127
6,Monaco Grand Prix,Alpine,COL,24,12,MEDIUM,24,20.719,37.123,21.245,79.087
6,Monaco Grand Prix,Alpine,COL,25,12,MEDIUM,25,20.702,37.342,21.094,79.138
6,Monaco Grand Prix,Alpine,COL,26,12,MEDIUM,26,20.783,37.306,21.032,79.121
6,Monaco Grand Prix,Alpine,COL,27,12,MEDIUM,27,20.896,37.309,20.975,79.18
6,Monaco Grand Prix,Alpine,COL,28,12,MEDIUM,28,20.571,37.268,20.915,78.754
6,Monaco Grand Prix,Alpine,COL,29,12,MEDIUM,29,20.703,37.494,21.64,79.837
6,Monaco Grand Prix,Alpine,COL,30,12,MEDIUM,30,21.272,37.709,21.149,80.13
6,Monaco Grand Prix,Alpine,COL,31,12,MEDIUM,31,20.736,37.638,21.008,79.382
6,Monaco Grand Prix,Alpine,COL,32,12,MEDIUM,32,20.777,37.407,21.338,79.522
6,Monaco Grand Prix,Alpine,COL,33,12,MEDIUM,33,20.858,37.628,21.256,79.742
6,Monaco Grand Prix,Alpine,COL,34,12,MEDIUM,34,21.166,38.415,22.146,81.727
6,Monaco Grand Prix,Alpine,COL,35,15,MEDIUM,35,21.389,38.336,40.124,99.849
6,Monaco Grand Prix,Alpine,COL,36,15,HARD,1,23.894,37.116,20.413,81.423
6,Monaco Grand Prix,Alpine,COL,37,15,HARD,2,20.337,36.528,20.553,77.418
6,Monaco Grand Prix,Alpine,COL,38,15,HARD,3,20.149,36.342,20.361,76.852
6,Monaco Grand Prix,Alpine,COL,39,15,HARD,4,20.33,38.49,21.237,80.057
6,Monaco Grand Prix,Alpine,COL,40,15,HARD,5,20.46,37.326,21.304,79.09
6,Monaco Grand Prix,Alpine,COL,41,15,HARD,6,20.731,38.095,21.717,80.543
6,Monaco Grand Prix,Alpine,COL,42,15,HARD,7,21.267,38.712,21.866,81.845
6,Monaco Grand Prix,Alpine,COL,43,15,HARD,8,21.159,39.038,21.447,81.644
6,Monaco Grand Prix,Alpine,COL,44,15,HARD,9,20.816,37.914,21.324,80.054
6,Monaco Grand Prix,Alpine,COL,45,14,HARD,10,20.784,37.761,22.349,80.894
6,Monaco Grand Prix,Alpine,COL,46,14,HARD,11,21.42,38.852,21.959,82.231
6,Monaco Grand Prix,Alpine,COL,47,14,HARD,12,21.339,38.807,21.979,82.125
6,Monaco Grand Prix,Alpine,COL,48,14,HARD,13,21.706,38.089,21.511,81.306
6,Monaco Grand Prix,Alpine,COL,49,14,HARD,14,20.781,37.721,22.028,80.53
6,Monaco Grand Prix,Alpine,COL,50,14,HARD,15,21.522,38.402,21.241,81.165
6,Monaco Grand Prix,Alpine,COL,51,14,HARD,16,20.656,37.593,21.386,79.635
6,Monaco Grand Prix,Alpine,COL,52,14,HARD,17,20.842,39.031,21.162,81.035
6,Monaco Grand Prix,Alpine,COL,53,14,HARD,18,20.796,38.176,21.688,80.66
6,Monaco Grand Prix,Alpine,COL,54,14,HARD,19,20.947,37.67,21.061,79.678
6,Monaco Grand Prix,Alpine,COL,55,14,HARD,20,20.673,37.562,21.023,79.258
6,Monaco Grand Prix,Alpine,COL,56,14,HARD,21,20.837,40.482,21.174,82.493
6,Monaco Grand Prix,Alpine,COL,57,14,HARD,22,21.916,37.419,21.188,80.523
6,Monaco Grand Prix,Alpine,COL,58,14,HARD,23,21.102,51.575,30.575,103.252
6,Monaco Grand Prix,Alpine,COL,59,14,HARD,24,25.462,50.304,39.639,115.405
6,Monaco Grand Prix,Alpine,COL,60,14,HARD,25,26.677,39.925,26.953,93.555
6,Monaco Grand Prix,Alpine,COL,61,14,HARD,26,34.601,51.008,32.416,118.025
6,Monaco Grand Prix,Alpine,COL,62,14,HARD,27,29.794,40.725,22.521,93.04
6,Monaco Grand Prix,Alpine,COL,63,14,HARD,28,22.562,40.152,21.994,84.708
6,Monaco Grand Prix,Alpine,COL,64,14,HARD,29,22.2,37.807,21.657,81.664
6,Monaco Grand Prix,Alpine,COL,65,13,HARD,30,26.222,49.951,40.784,116.957
6,Monaco Grand Prix,Alpine,COL,66,13,HARD,31,27.147,50.663,27.746,105.556
6,Monaco Grand Prix,Alpine,COL,67,13,HARD,32,26.531,52.591,,
6,Monaco Grand Prix,Alpine,COL,68,13,SOFT,1,28.257,41.963,80.068,
6,Monaco Grand Prix,Alpine,COL,69,13,SOFT,1,26.672,40.664,22.405,89.741
6,Monaco Grand Prix,Alpine,COL,70,12,SOFT,2,23.032,49.08,75.759,147.871
6,Monaco Grand Prix,Alpine,COL,71,15,SOFT,3,27.247,49.713,22.386,99.346
6,Monaco Grand Prix,Alpine,COL,72,15,SOFT,4,21.353,37.542,20.804,79.699
6,Monaco Grand Prix,Alpine,COL,73,15,SOFT,5,20.677,36.73,21.235,78.642
6,Monaco Grand Prix,Alpine,COL,74,15,SOFT,6,20.347,35.9,20.069,76.316
6,Monaco Grand Prix,Alpine,COL,75,15,SOFT,7,20.099,35.933,20.499,76.531
6,Monaco Grand Prix,Alpine,COL,76,15,SOFT,8,20.541,36.414,20.564,77.519
6,Monaco Grand Prix,Alpine,COL,77,15,SOFT,9,20.112,36.239,20.744,77.095
6,Monaco Grand Prix,Alpine,COL,78,15,SOFT,10,19.982,36.293,20.379,76.654
6,Monaco Grand Prix,Ferrari,HAM,1,2,MEDIUM,1,,37.275,20.837,84.337
6,Monaco Grand Prix,Ferrari,HAM,2,2,MEDIUM,2,21.163,36.847,20.735,78.745
6,Monaco Grand Prix,Ferrari,HAM,3,2,MEDIUM,3,20.798,36.447,20.433,77.678
6,Monaco Grand Prix,Ferrari,HAM,4,2,MEDIUM,4,20.656,36.082,20.34,77.078
6,Monaco Grand Prix,Ferrari,HAM,5,2,MEDIUM,5,20.634,36.05,20.374,77.058
6,Monaco Grand Prix,Ferrari,HAM,6,2,MEDIUM,6,20.543,35.934,20.223,76.7
6,Monaco Grand Prix,Ferrari,HAM,7,2,MEDIUM,7,20.516,35.838,20.233,76.587
6,Monaco Grand Prix,Ferrari,HAM,8,2,MEDIUM,8,20.455,36.111,20.439,77.005
6,Monaco Grand Prix,Ferrari,HAM,9,2,MEDIUM,9,20.471,35.812,20.358,76.641
6,Monaco Grand Prix,Ferrari,HAM,10,2,MEDIUM,10,20.461,35.938,20.442,76.841
6,Monaco Grand Prix,Ferrari,HAM,11,2,MEDIUM,11,20.443,36.062,20.631,77.136
6,Monaco Grand Prix,Ferrari,HAM,12,2,MEDIUM,12,20.867,35.961,20.406,77.234
6,Monaco Grand Prix,Ferrari,HAM,13,2,MEDIUM,13,20.372,36.141,20.515,77.028
6,Monaco Grand Prix,Ferrari,HAM,14,2,MEDIUM,14,20.518,36.066,20.406,76.99
6,Monaco Grand Prix,Ferrari,HAM,15,2,MEDIUM,15,20.443,36.05,20.419,76.912
6,Monaco Grand Prix,Ferrari,HAM,16,2,MEDIUM,16,20.409,36.2,20.405,77.014
6,Monaco Grand Prix,Ferrari,HAM,17,2,MEDIUM,17,20.581,36.126,20.532,77.239
6,Monaco Grand Prix,Ferrari,HAM,18,2,MEDIUM,18,20.458,36.082,20.489,77.029
6,Monaco Grand Prix,Ferrari,HAM,19,2,MEDIUM,19,20.437,36.363,20.471,77.271
6,Monaco Grand Prix,Ferrari,HAM,20,2,MEDIUM,20,20.502,36.129,20.488,77.119
6,Monaco Grand Prix,Ferrari,HAM,21,2,MEDIUM,21,20.5,36.179,20.397,77.076
6,Monaco Grand Prix,Ferrari,HAM,22,2,MEDIUM,22,20.528,36.195,20.526,77.249
6,Monaco Grand Prix,Ferrari,HAM,23,2,MEDIUM,23,20.553,36.218,20.609,77.38
6,Monaco Grand Prix,Ferrari,HAM,24,2,MEDIUM,24,20.793,36.38,20.61,77.783
6,Monaco Grand Prix,Ferrari,HAM,25,2,MEDIUM,25,20.545,36.556,20.633,77.734
6,Monaco Grand Prix,Ferrari,HAM,26,2,MEDIUM,26,20.827,36.495,20.666,77.988
6,Monaco Grand Prix,Ferrari,HAM,27,2,MEDIUM,27,20.627,37.009,20.589,78.225
6,Monaco Grand Prix,Ferrari,HAM,28,3,MEDIUM,28,20.556,36.29,37.324,94.17
6,Monaco Grand Prix,Ferrari,HAM,29,3,HARD,1,23.514,36.798,20.517,80.829
6,Monaco Grand Prix,Ferrari,HAM,30,3,HARD,2,20.651,36.409,20.632,77.692
6,Monaco Grand Prix,Ferrari,HAM,31,3,HARD,3,20.33,35.956,20.233,76.519
6,Monaco Grand Prix,Ferrari,HAM,32,3,HARD,4,20.246,35.993,20.313,76.552
6,Monaco Grand Prix,Ferrari,HAM,33,3,HARD,5,20.29,35.963,20.407,76.66
6,Monaco Grand Prix,Ferrari,HAM,34,3,HARD,6,20.396,35.999,20.405,76.8
6,Monaco Grand Prix,Ferrari,HAM,35,2,HARD,7,20.37,35.971,20.417,76.758
6,Monaco Grand Prix,Ferrari,HAM,36,2,HARD,8,20.288,35.903,20.375,76.566
6,Monaco Grand Prix,Ferrari,HAM,37,2,HARD,9,20.607,36.186,20.641,77.434
6,Monaco Grand Prix,Ferrari,HAM,38,2,HARD,10,20.543,36.272,20.561,77.376
6,Monaco Grand Prix,Ferrari,HAM,39,2,HARD,11,20.708,36.84,20.923,78.471
6,Monaco Grand Prix,Ferrari,HAM,40,2,HARD,12,20.805,36.344,20.534,77.683
6,Monaco Grand Prix,Ferrari,HAM,41,2,HARD,13,20.672,36.327,20.39,77.389
6,Monaco Grand Prix,Ferrari,HAM,42,2,HARD,14,20.402,36.247,20.463,77.112
6,Monaco Grand Prix,Ferrari,HAM,43,2,HARD,15,20.603,36.213,20.444,77.26
6,Monaco Grand Prix,Ferrari,HAM,44,2,HARD,16,20.414,36.24,20.474,77.128
6,Monaco Grand Prix,Ferrari,HAM,45,2,HARD,17,20.399,36.008,20.386,76.793
6,Monaco Grand Prix,Ferrari,HAM,46,2,HARD,18,20.317,36.063,20.277,76.657
6,Monaco Grand Prix,Ferrari,HAM,47,2,HARD,19,20.347,36.146,20.356,76.849
6,Monaco Grand Prix,Ferrari,HAM,48,2,HARD,20,20.472,36.282,20.435,77.189
6,Monaco Grand Prix,Ferrari,HAM,49,2,HARD,21,20.377,36.306,20.505,77.188
6,Monaco Grand Prix,Ferrari,HAM,50,2,HARD,22,20.623,36.129,20.3,77.052
6,Monaco Grand Prix,Ferrari,HAM,51,2,HARD,23,20.293,36.028,20.374,76.695
6,Monaco Grand Prix,Ferrari,HAM,52,2,HARD,24,20.338,35.997,20.326,76.661
6,Monaco Grand Prix,Ferrari,HAM,53,2,HARD,25,20.217,36.049,20.411,76.677
6,Monaco Grand Prix,Ferrari,HAM,54,2,HARD,26,20.403,36.029,20.257,76.689
6,Monaco Grand Prix,Ferrari,HAM,55,2,HARD,27,20.418,36.006,20.343,76.767
6,Monaco Grand Prix,Ferrari,HAM,56,2,HARD,28,20.408,35.862,20.237,76.507
6,Monaco Grand Prix,Ferrari,HAM,57,2,HARD,29,20.232,35.966,20.458,76.656
6,Monaco Grand Prix,Ferrari,HAM,58,2,HARD,30,20.279,35.994,20.604,76.877
6,Monaco Grand Prix,Ferrari,HAM,59,2,HARD,31,20.156,35.861,20.261,76.278
6,Monaco Grand Prix,Ferrari,HAM,60,2,HARD,32,20.417,47.271,48.43,116.118
6,Monaco Grand Prix,Ferrari,HAM,61,2,SOFT,5,29.116,48.94,42.29,120.346
6,Monaco Grand Prix,Ferrari,HAM,62,2,SOFT,6,30.31,38.843,23.108,92.261
6,Monaco Grand Prix,Ferrari,HAM,63,2,SOFT,7,27.219,51.554,32.009,110.782
6,Monaco Grand Prix,Ferrari,HAM,64,2,SOFT,8,36.327,58.244,30.823,125.394
6,Monaco Grand Prix,Ferrari,HAM,65,2,SOFT,9,31.838,56.421,29.919,118.178
6,Monaco Grand Prix,Ferrari,HAM,66,2,SOFT,10,21.414,51.221,40.637,113.272
6,Monaco Grand Prix,Ferrari,HAM,67,2,SOFT,11,27.9,51.235,25.162,104.297
6,Monaco Grand Prix,Ferrari,HAM,68,2,SOFT,12,30.106,54.975,,
6,Monaco Grand Prix,Ferrari,HAM,69,2,SOFT,5,26.297,45.913,29.983,102.193
6,Monaco Grand Prix,Ferrari,HAM,70,2,SOFT,6,29.033,49.304,87.759,
6,Monaco Grand Prix,Ferrari,HAM,71,2,SOFT,7,23.802,36.922,20.285,81.009
6,Monaco Grand Prix,Ferrari,HAM,72,2,SOFT,8,20.292,35.353,19.824,75.469
6,Monaco Grand Prix,Ferrari,HAM,73,2,SOFT,9,19.918,35.195,19.856,74.969
6,Monaco Grand Prix,Ferrari,HAM,74,2,SOFT,10,19.895,35.013,19.735,74.643
6,Monaco Grand Prix,Ferrari,HAM,75,2,SOFT,11,19.879,35.004,19.843,74.726
6,Monaco Grand Prix,Ferrari,HAM,76,2,SOFT,12,19.975,35.139,19.935,75.049
6,Monaco Grand Prix,Ferrari,HAM,77,2,SOFT,13,20.028,35.27,20.032,75.33
6,Monaco Grand Prix,Ferrari,HAM,78,2,SOFT,14,20.099,35.49,20.202,75.791
6,Monaco Grand Prix,Audi,BOR,1,20,SOFT,1,,42.861,41.083,118.809
6,Monaco Grand Prix,Audi,BOR,2,20,HARD,1,24.947,38.18,21.67,84.797
6,Monaco Grand Prix,Audi,BOR,3,20,HARD,2,21.319,38.017,21.931,81.267
6,Monaco Grand Prix,Audi,BOR,4,20,HARD,3,21.613,37.972,22.102,81.687
6,Monaco Grand Prix,Audi,BOR,5,20,HARD,4,21.607,38.366,21.707,81.68
6,Monaco Grand Prix,Audi,BOR,6,20,HARD,5,21.743,38.044,21.625,81.412
6,Monaco Grand Prix,Audi,BOR,7,20,HARD,6,21.623,37.838,21.648,81.109
6,Monaco Grand Prix,Audi,BOR,8,20,HARD,7,21.107,37.76,21.688,80.555
6,Monaco Grand Prix,Audi,BOR,9,20,HARD,8,20.998,37.718,21.957,80.673
6,Monaco Grand Prix,Audi,BOR,10,20,HARD,9,22.321,39.079,22.502,83.902
6,Monaco Grand Prix,Audi,BOR,11,20,HARD,10,21.992,37.96,22.749,82.701
6,Monaco Grand Prix,Audi,BOR,12,20,HARD,11,21.42,37.503,22.521,81.444
6,Monaco Grand Prix,Audi,BOR,13,20,HARD,12,22.448,37.759,21.685,81.892
6,Monaco Grand Prix,Audi,BOR,14,20,HARD,13,21.102,37.991,21.786,80.879
6,Monaco Grand Prix,Audi,BOR,15,20,HARD,14,21.188,37.846,22.049,81.083
6,Monaco Grand Prix,Audi,BOR,16,20,HARD,15,22.543,38.794,22.607,83.944
6,Monaco Grand Prix,Audi,BOR,17,19,HARD,16,20.559,36.667,21.104,78.33
6,Monaco Grand Prix,Audi,BOR,18,19,HARD,17,20.586,36.754,20.853,78.193
6,Monaco Grand Prix,Audi,BOR,19,19,HARD,18,20.55,36.616,20.742,77.908
6,Monaco Grand Prix,Audi,BOR,20,19,HARD,19,20.502,36.84,20.987,78.329
6,Monaco Grand Prix,Audi,BOR,21,19,HARD,20,20.467,36.884,21.118,78.469
6,Monaco Grand Prix,Audi,BOR,22,19,HARD,21,20.485,36.761,20.831,78.077
6,Monaco Grand Prix,Audi,BOR,23,19,HARD,22,20.503,36.675,20.864,78.042
6,Monaco Grand Prix,Audi,BOR,24,19,HARD,23,20.436,36.739,20.896,78.071
6,Monaco Grand Prix,Audi,BOR,25,19,HARD,24,20.567,36.993,20.864,78.424
6,Monaco Grand Prix,Audi,BOR,26,19,HARD,25,20.511,36.567,20.828,77.906
6,Monaco Grand Prix,Audi,BOR,27,19,HARD,26,20.512,36.665,20.919,78.096
6,Monaco Grand Prix,Audi,BOR,28,19,HARD,27,21.064,36.915,20.918,78.897
6,Monaco Grand Prix,Audi,BOR,29,19,HARD,28,20.591,36.874,20.977,78.442
6,Monaco Grand Prix,Audi,BOR,30,19,HARD,29,20.645,36.868,21.252,78.765
6,Monaco Grand Prix,Audi,BOR,31,19,HARD,30,20.626,36.784,20.88,78.29
6,Monaco Grand Prix,Audi,BOR,32,19,HARD,31,20.52,36.657,20.915,78.092
6,Monaco Grand Prix,Audi,BOR,33,19,HARD,32,20.601,36.686,20.85,78.137
6,Monaco Grand Prix,Audi,BOR,34,19,HARD,33,20.607,36.718,20.908,78.233
6,Monaco Grand Prix,Audi,BOR,35,19,HARD,34,21.214,37.679,21.12,80.013
6,Monaco Grand Prix,Audi,BOR,36,19,HARD,35,20.845,37.476,21.35,79.671
6,Monaco Grand Prix,Audi,BOR,37,19,HARD,36,20.873,37.429,21.603,79.905
6,Monaco Grand Prix,Audi,BOR,38,19,HARD,37,20.968,37.338,23.63,81.936
6,Monaco Grand Prix,Audi,BOR,39,19,HARD,38,21.762,37.442,21.165,80.369
6,Monaco Grand Prix,Audi,BOR,40,19,HARD,39,21.175,38.288,21.563,81.026
6,Monaco Grand Prix,Audi,BOR,41,19,HARD,40,21.251,37.874,21.668,80.793
6,Monaco Grand Prix,Audi,BOR,42,19,HARD,41,22.482,37.962,21.713,82.157
6,Monaco Grand Prix,Audi,BOR,43,19,HARD,42,21.386,37.911,38.723,98.02
6,Monaco Grand Prix,Audi,BOR,44,19,MEDIUM,1,23.956,37.038,20.766,81.76
6,Monaco Grand Prix,Audi,BOR,45,18,MEDIUM,2,20.499,36.41,20.507,77.416
6,Monaco Grand Prix,Audi,BOR,46,18,MEDIUM,3,20.279,35.982,20.542,76.803
6,Monaco Grand Prix,Audi,BOR,47,18,MEDIUM,4,20.245,36.045,20.57,76.86
6,Monaco Grand Prix,Audi,BOR,48,18,MEDIUM,5,20.282,36.144,20.756,77.182
6,Monaco Grand Prix,Audi,BOR,49,18,MEDIUM,6,20.412,38.004,20.937,79.353
6,Monaco Grand Prix,Audi,BOR,50,18,MEDIUM,7,21.092,36.999,24.809,82.9
6,Monaco Grand Prix,Audi,BOR,51,18,MEDIUM,8,21.04,36.528,20.828,78.396
6,Monaco Grand Prix,Audi,BOR,52,18,MEDIUM,9,20.314,36.653,21.586,78.553
6,Monaco Grand Prix,Audi,BOR,53,18,MEDIUM,10,21.364,37.889,22.065,81.318
6,Monaco Grand Prix,Audi,BOR,54,18,MEDIUM,11,21.392,36.716,21.472,79.58
6,Monaco Grand Prix,Audi,BOR,55,18,MEDIUM,12,21.191,38.93,21.764,81.885
6,Monaco Grand Prix,Audi,BOR,56,18,MEDIUM,13,21.017,37.713,26.138,84.868
6,Monaco Grand Prix,Audi,BOR,57,17,MEDIUM,14,20.548,36.466,25.495,82.509
6,Monaco Grand Prix,Audi,BOR,58,17,MEDIUM,15,28.104,49.291,39.876,117.271
6,Monaco Grand Prix,Audi,BOR,59,17,MEDIUM,16,25.663,50.187,41.011,116.861
6,Monaco Grand Prix,Audi,BOR,60,17,SOFT,1,24.037,38.016,21.762,83.815
6,Monaco Grand Prix,Audi,BOR,61,17,SOFT,2,21.163,38.384,24.391,83.938
6,Monaco Grand Prix,Audi,BOR,62,17,SOFT,3,31.443,41.125,21.374,93.942
6,Monaco Grand Prix,Audi,BOR,63,17,SOFT,4,21.173,37.315,22.601,81.089
6,Monaco Grand Prix,Audi,BOR,64,17,SOFT,5,21.848,37.867,23.165,82.88
6,Monaco Grand Prix,Audi,BOR,65,16,SOFT,6,29.458,45.817,39.803,115.078
6,Monaco Grand Prix,Audi,BOR,66,16,SOFT,7,28.37,49.403,27.495,105.268
6,Monaco Grand Prix,Audi,BOR,67,16,SOFT,8,29.752,50.415,,
6,Monaco Grand Prix,Audi,BOR,68,16,SOFT,1,27.134,39.725,79.401,146.26
6,Monaco Grand Prix,Audi,BOR,69,16,SOFT,2,25.511,39.376,22.565,87.452
6,Monaco Grand Prix,Audi,BOR,70,16,SOFT,3,23.287,49.379,71.034,143.7
6,Monaco Grand Prix,Audi,BOR,71,14,SOFT,4,26.832,46.992,21.027,94.851
6,Monaco Grand Prix,Audi,BOR,72,14,SOFT,5,20.666,36.301,20.517,77.484
6,Monaco Grand Prix,Audi,BOR,73,13,SOFT,6,20.516,37.928,20.862,79.306
6,Monaco Grand Prix,Audi,BOR,74,13,SOFT,7,20.715,36.601,20.908,78.224
6,Monaco Grand Prix,Audi,BOR,75,13,SOFT,8,20.537,36.582,20.778,77.897
6,Monaco Grand Prix,Audi,BOR,76,13,SOFT,9,20.508,36.354,20.726,77.588
6,Monaco Grand Prix,Audi,BOR,77,13,SOFT,10,20.127,36.341,20.636,77.104
6,Monaco Grand Prix,Audi,BOR,78,13,SOFT,11,20.202,36.331,20.779,77.312
6,Monaco Grand Prix,Williams,SAI,1,11,MEDIUM,1,,40.537,21.921,93.309
6,Monaco Grand Prix,Williams,SAI,2,11,MEDIUM,2,21.733,38.016,21.389,81.138
6,Monaco Grand Prix,Williams,SAI,3,11,MEDIUM,3,21.397,37.757,21.359,80.513
6,Monaco Grand Prix,Williams,SAI,4,11,MEDIUM,4,21.307,37.611,21.235,80.153
6,Monaco Grand Prix,Williams,SAI,5,11,MEDIUM,5,21.27,37.339,21.287,79.896
6,Monaco Grand Prix,Williams,SAI,6,11,MEDIUM,6,21.037,37.481,21.181,79.699
6,Monaco Grand Prix,Williams,SAI,7,11,MEDIUM,7,21.05,37.313,21.001,79.364
6,Monaco Grand Prix,Williams,SAI,8,11,MEDIUM,8,20.903,37.217,21.002,79.122
6,Monaco Grand Prix,Williams,SAI,9,11,MEDIUM,9,20.871,37.238,20.959,79.068
6,Monaco Grand Prix,Williams,SAI,10,11,MEDIUM,10,20.823,36.735,21.167,78.725
6,Monaco Grand Prix,Williams,SAI,11,11,MEDIUM,11,20.895,36.873,21.092,78.86
6,Monaco Grand Prix,Williams,SAI,12,11,MEDIUM,12,20.715,36.904,21.239,78.858
6,Monaco Grand Prix,Williams,SAI,13,11,MEDIUM,13,20.688,36.976,20.989,78.653
6,Monaco Grand Prix,Williams,SAI,14,11,MEDIUM,14,20.724,37.231,21.265,79.22
6,Monaco Grand Prix,Williams,SAI,15,11,MEDIUM,15,20.73,36.811,20.984,78.525
6,Monaco Grand Prix,Williams,SAI,16,11,MEDIUM,16,20.625,36.832,21.045,78.502
6,Monaco Grand Prix,Williams,SAI,17,11,MEDIUM,17,20.628,36.858,20.9,78.386
6,Monaco Grand Prix,Williams,SAI,18,11,MEDIUM,18,20.657,36.842,20.977,78.476
6,Monaco Grand Prix,Williams,SAI,19,11,MEDIUM,19,20.673,36.958,20.902,78.533
6,Monaco Grand Prix,Williams,SAI,20,11,MEDIUM,20,20.684,36.98,21.037,78.701
6,Monaco Grand Prix,Williams,SAI,21,11,MEDIUM,21,20.752,36.982,21.202,78.936
6,Monaco Grand Prix,Williams,SAI,22,11,MEDIUM,22,20.755,37.192,21.183,79.13
6,Monaco Grand Prix,Williams,SAI,23,11,MEDIUM,23,20.968,37.254,21.138,79.36
6,Monaco Grand Prix,Williams,SAI,24,11,MEDIUM,24,20.887,37.16,21.164,79.211
6,Monaco Grand Prix,Williams,SAI,25,11,MEDIUM,25,21.026,37.245,21.144,79.415
6,Monaco Grand Prix,Williams,SAI,26,11,MEDIUM,26,20.806,37.07,21.092,78.968
6,Monaco Grand Prix,Williams,SAI,27,11,MEDIUM,27,20.851,37.101,21.075,79.027
6,Monaco Grand Prix,Williams,SAI,28,11,MEDIUM,28,20.721,37.039,21.056,78.816
6,Monaco Grand Prix,Williams,SAI,29,11,MEDIUM,29,20.813,37.096,21.13,79.039
6,Monaco Grand Prix,Williams,SAI,30,11,MEDIUM,30,20.741,38.865,21.294,80.9
6,Monaco Grand Prix,Williams,SAI,31,11,MEDIUM,31,20.762,37.07,20.987,78.819
6,Monaco Grand Prix,Williams,SAI,32,11,MEDIUM,32,20.73,37.135,21.174,79.039
6,Monaco Grand Prix,Williams,SAI,33,11,MEDIUM,33,20.913,37.777,22.954,81.644
6,Monaco Grand Prix,Williams,SAI,34,11,MEDIUM,34,21.567,38.369,21.999,81.935
6,Monaco Grand Prix,Williams,SAI,35,11,MEDIUM,35,21.546,38.554,21.8,81.9
6,Monaco Grand Prix,Williams,SAI,36,11,MEDIUM,36,21.502,38.225,21.873,81.6
6,Monaco Grand Prix,Williams,SAI,37,11,MEDIUM,37,21.263,38.128,21.834,81.225
6,Monaco Grand Prix,Williams,SAI,38,11,MEDIUM,38,21.429,38.215,21.808,81.452
6,Monaco Grand Prix,Williams,SAI,39,11,MEDIUM,39,22.699,38.489,21.894,83.082
6,Monaco Grand Prix,Williams,SAI,40,11,MEDIUM,40,21.269,38.686,21.872,81.827
6,Monaco Grand Prix,Williams,SAI,41,11,MEDIUM,41,21.112,39.606,21.875,82.593
6,Monaco Grand Prix,Williams,SAI,42,11,MEDIUM,42,21.672,38.544,21.699,81.915
6,Monaco Grand Prix,Williams,SAI,43,11,MEDIUM,43,21.81,37.739,21.496,81.045
6,Monaco Grand Prix,Williams,SAI,44,11,MEDIUM,44,21.18,37.443,21.267,79.89
6,Monaco Grand Prix,Williams,SAI,45,9,MEDIUM,45,21.128,37.657,21.013,79.798
6,Monaco Grand Prix,Williams,SAI,46,9,MEDIUM,46,20.699,36.953,20.825,78.477
6,Monaco Grand Prix,Williams,SAI,47,9,MEDIUM,47,20.667,36.816,20.886,78.369
6,Monaco Grand Prix,Williams,SAI,48,9,MEDIUM,48,20.536,36.759,20.804,78.099
6,Monaco Grand Prix,Williams,SAI,49,9,MEDIUM,49,20.608,36.8,20.783,78.191
6,Monaco Grand Prix,Williams,SAI,50,9,MEDIUM,50,20.545,36.742,20.785,78.072
6,Monaco Grand Prix,Williams,SAI,51,9,MEDIUM,51,20.561,36.647,20.814,78.022
6,Monaco Grand Prix,Williams,SAI,52,10,MEDIUM,52,20.569,36.773,39.234,96.576
6,Monaco Grand Prix,Williams,SAI,53,10,SOFT,1,24.049,37.243,20.6,81.892
6,Monaco Grand Prix,Williams,SAI,54,10,SOFT,2,20.326,37.195,21.925,79.446
6,Monaco Grand Prix,Williams,SAI,55,10,SOFT,3,21.79,37.213,20.761,79.764
6,Monaco Grand Prix,Williams,SAI,56,11,SOFT,4,20.511,38.185,21.272,79.968
6,Monaco Grand Prix,Williams,SAI,57,11,SOFT,5,20.574,36.753,20.768,78.095
6,Monaco Grand Prix,Williams,SAI,58,11,SOFT,6,20.655,47.107,30.35,98.112
6,Monaco Grand Prix,Williams,SAI,59,11,SOFT,7,24.367,48.136,37.272,109.775
6,Monaco Grand Prix,Williams,SAI,60,11,SOFT,8,26.467,53.326,31.303,111.096
6,Monaco Grand Prix,Williams,SAI,61,11,SOFT,9,34.247,50.746,34.604,119.597
6,Monaco Grand Prix,Williams,SAI,62,11,SOFT,10,28.374,40.652,22.561,91.587
6,Monaco Grand Prix,Williams,SAI,63,11,SOFT,11,22.069,39.258,22.755,84.082
6,Monaco Grand Prix,Williams,SAI,64,11,SOFT,12,21.708,37.602,21.783,81.093
6,Monaco Grand Prix,Williams,SAI,65,10,SOFT,13,22.681,50.101,39.779,112.561
6,Monaco Grand Prix,Williams,SAI,66,10,SOFT,14,30.666,48.423,28.307,107.396
6,Monaco Grand Prix,Williams,SAI,67,10,SOFT,15,25.257,54.545,,
6,Monaco Grand Prix,Williams,SAI,68,10,SOFT,5,27.171,40.426,77.406,145.003
6,Monaco Grand Prix,Williams,SAI,69,10,SOFT,5,28.253,40.059,24.52,92.832
6,Monaco Grand Prix,Williams,SAI,70,10,SOFT,6,25.577,51.219,78.575,
6,Monaco Grand Prix,Williams,SAI,71,,SOFT,7,,,,
6,Monaco Grand Prix,Red Bull Racing,HAD,1,4,MEDIUM,1,,38.197,21.155,86.741
6,Monaco Grand Prix,Red Bull Racing,HAD,2,4,MEDIUM,2,21.167,37.22,20.791,79.178
6,Monaco Grand Prix,Red Bull Racing,HAD,3,4,MEDIUM,3,20.592,36.958,20.59,78.14
6,Monaco Grand Prix,Red Bull Racing,HAD,4,4,MEDIUM,4,20.475,36.606,20.47,77.551
6,Monaco Grand Prix,Red Bull Racing,HAD,5,4,MEDIUM,5,20.387,36.556,20.459,77.402
6,Monaco Grand Prix,Red Bull Racing,HAD,6,4,MEDIUM,6,20.374,36.618,20.614,77.606
6,Monaco Grand Prix,Red Bull Racing,HAD,7,4,MEDIUM,7,20.304,36.489,20.635,77.428
6,Monaco Grand Prix,Red Bull Racing,HAD,8,4,MEDIUM,8,20.549,36.563,20.577,77.689
6,Monaco Grand Prix,Red Bull Racing,HAD,9,4,MEDIUM,9,20.346,36.492,20.478,77.316
6,Monaco Grand Prix,Red Bull Racing,HAD,10,4,MEDIUM,10,20.184,36.398,20.556,77.138
6,Monaco Grand Prix,Red Bull Racing,HAD,11,4,MEDIUM,11,20.212,36.643,20.675,77.53
6,Monaco Grand Prix,Red Bull Racing,HAD,12,4,MEDIUM,12,20.344,36.667,20.7,77.711
6,Monaco Grand Prix,Red Bull Racing,HAD,13,4,MEDIUM,13,20.512,37.115,20.913,78.54
6,Monaco Grand Prix,Red Bull Racing,HAD,14,4,MEDIUM,14,20.556,37.07,20.866,78.492
6,Monaco Grand Prix,Red Bull Racing,HAD,15,4,MEDIUM,15,20.418,36.987,20.872,78.277
6,Monaco Grand Prix,Red Bull Racing,HAD,16,4,MEDIUM,16,20.368,37.063,20.808,78.239
6,Monaco Grand Prix,Red Bull Racing,HAD,17,4,MEDIUM,17,20.431,37.014,20.859,78.304
6,Monaco Grand Prix,Red Bull Racing,HAD,18,4,MEDIUM,18,20.437,37.159,21.226,78.822
6,Monaco Grand Prix,Red Bull Racing,HAD,19,4,MEDIUM,19,20.795,37.559,20.993,79.347
6,Monaco Grand Prix,Red Bull Racing,HAD,20,4,MEDIUM,20,20.765,37.045,21.04,78.85
6,Monaco Grand Prix,Red Bull Racing,HAD,21,4,MEDIUM,21,20.739,37.392,20.958,79.089
6,Monaco Grand Prix,Red Bull Racing,HAD,22,4,MEDIUM,22,20.671,37.687,21.063,79.421
6,Monaco Grand Prix,Red Bull Racing,HAD,23,4,MEDIUM,23,20.592,37.49,21.105,79.187
6,Monaco Grand Prix,Red Bull Racing,HAD,24,4,MEDIUM,24,20.653,37.152,21.101,78.906
6,Monaco Grand Prix,Red Bull Racing,HAD,25,4,MEDIUM,25,20.622,37.773,21.023,79.418
6,Monaco Grand Prix,Red Bull Racing,HAD,26,4,MEDIUM,26,20.576,37.297,20.987,78.86
6,Monaco Grand Prix,Red Bull Racing,HAD,27,4,MEDIUM,27,20.749,37.344,20.981,79.074
6,Monaco Grand Prix,Red Bull Racing,HAD,28,4,MEDIUM,28,20.58,37.198,20.917,78.695
6,Monaco Grand Prix,Red Bull Racing,HAD,29,4,MEDIUM,29,20.614,37.249,20.955,78.818
6,Monaco Grand Prix,Red Bull Racing,HAD,30,4,MEDIUM,30,20.646,37.131,21.041,78.818
6,Monaco Grand Prix,Red Bull Racing,HAD,31,4,MEDIUM,31,20.636,37.185,20.894,78.715
6,Monaco Grand Prix,Red Bull Racing,HAD,32,7,MEDIUM,32,20.611,37.225,38.355,96.191
6,Monaco Grand Prix,Red Bull Racing,HAD,33,8,HARD,1,24.187,38.41,22.524,85.121
6,Monaco Grand Prix,Red Bull Racing,HAD,34,8,HARD,2,20.851,37.173,20.971,78.995
6,Monaco Grand Prix,Red Bull Racing,HAD,35,8,HARD,3,20.517,36.71,20.558,77.785
6,Monaco Grand Prix,Red Bull Racing,HAD,36,8,HARD,4,20.357,36.851,20.498,77.706
6,Monaco Grand Prix,Red Bull Racing,HAD,37,8,HARD,5,20.349,36.906,20.656,77.911
6,Monaco Grand Prix,Red Bull Racing,HAD,38,8,HARD,6,20.499,36.66,20.619,77.778
6,Monaco Grand Prix,Red Bull Racing,HAD,39,8,HARD,7,20.439,36.486,20.404,77.329
6,Monaco Grand Prix,Red Bull Racing,HAD,40,8,HARD,8,20.234,36.449,20.701,77.384
6,Monaco Grand Prix,Red Bull Racing,HAD,41,8,HARD,9,20.19,36.541,20.66,77.391
6,Monaco Grand Prix,Red Bull Racing,HAD,42,8,HARD,10,20.312,36.884,20.964,78.16
6,Monaco Grand Prix,Red Bull Racing,HAD,43,8,HARD,11,20.666,37.248,20.865,78.779
6,Monaco Grand Prix,Red Bull Racing,HAD,44,8,HARD,12,20.403,37.547,20.827,78.777
6,Monaco Grand Prix,Red Bull Racing,HAD,45,6,HARD,13,20.236,36.791,20.588,77.615
6,Monaco Grand Prix,Red Bull Racing,HAD,46,6,HARD,14,20.311,36.529,20.517,77.357
6,Monaco Grand Prix,Red Bull Racing,HAD,47,6,HARD,15,20.26,36.495,20.581,77.336
6,Monaco Grand Prix,Red Bull Racing,HAD,48,5,HARD,16,20.262,38.232,20.86,79.354
6,Monaco Grand Prix,Red Bull Racing,HAD,49,5,HARD,17,20.309,36.887,20.694,77.89
6,Monaco Grand Prix,Red Bull Racing,HAD,50,5,HARD,18,20.38,36.512,20.612,77.504
6,Monaco Grand Prix,Red Bull Racing,HAD,51,5,HARD,19,20.52,36.54,20.714,77.774
6,Monaco Grand Prix,Red Bull Racing,HAD,52,5,HARD,20,20.509,36.799,20.608,77.916
6,Monaco Grand Prix,Red Bull Racing,HAD,53,5,HARD,21,20.351,36.735,20.642,77.728
6,Monaco Grand Prix,Red Bull Racing,HAD,54,5,HARD,22,20.859,37.386,20.549,78.794
6,Monaco Grand Prix,Red Bull Racing,HAD,55,5,HARD,23,20.223,36.584,20.866,77.673
6,Monaco Grand Prix,Red Bull Racing,HAD,56,5,HARD,24,20.302,36.488,20.561,77.351
6,Monaco Grand Prix,Red Bull Racing,HAD,57,5,HARD,25,20.239,36.718,20.637,77.594
6,Monaco Grand Prix,Red Bull Racing,HAD,58,5,HARD,26,20.349,36.401,20.529,77.279
6,Monaco Grand Prix,Red Bull Racing,HAD,59,5,HARD,27,20.158,43.151,29.386,92.695
6,Monaco Grand Prix,Red Bull Racing,HAD,60,4,HARD,28,24.654,50.298,37.718,112.67
6,Monaco Grand Prix,Red Bull Racing,HAD,61,4,HARD,29,29.795,53.152,31.971,114.918
6,Monaco Grand Prix,Red Bull Racing,HAD,62,4,HARD,30,34.209,51.113,35.238,120.56
6,Monaco Grand Prix,Red Bull Racing,HAD,63,4,HARD,31,26.498,38.658,21.941,87.097
6,Monaco Grand Prix,Red Bull Racing,HAD,64,4,HARD,32,20.952,37.53,21.492,79.974
6,Monaco Grand Prix,Red Bull Racing,HAD,65,3,HARD,33,20.721,40.087,25.446,86.254
6,Monaco Grand Prix,Red Bull Racing,HAD,66,3,HARD,34,21.236,50.79,41.112,113.138
6,Monaco Grand Prix,Red Bull Racing,HAD,67,3,HARD,35,28.035,51.787,25.711,105.533
6,Monaco Grand Prix,Red Bull Racing,HAD,68,3,HARD,36,28.744,54.483,,
6,Monaco Grand Prix,Red Bull Racing,HAD,69,3,SOFT,5,29.752,41.494,29.274,100.52
6,Monaco Grand Prix,Red Bull Racing,HAD,70,3,SOFT,6,29.358,49.605,86.904,
6,Monaco Grand Prix,Red Bull Racing,HAD,71,5,SOFT,7,26.431,40.181,21.43,88.042
6,Monaco Grand Prix,Red Bull Racing,HAD,72,4,SOFT,8,21.35,36.621,20.526,78.497
6,Monaco Grand Prix,Red Bull Racing,HAD,73,4,SOFT,9,20.529,36.12,20.164,76.813
6,Monaco Grand Prix,Red Bull Racing,HAD,74,4,SOFT,10,20.166,36.032,20.43,76.628
6,Monaco Grand Prix,Red Bull Racing,HAD,75,4,SOFT,11,20.142,35.836,20.11,76.088
6,Monaco Grand Prix,Red Bull Racing,HAD,76,4,SOFT,12,20.003,35.735,20.16,75.898
6,Monaco Grand Prix,Red Bull Racing,HAD,77,4,SOFT,13,19.955,35.578,20.136,75.669
6,Monaco Grand Prix,Red Bull Racing,HAD,78,4,SOFT,14,19.91,35.603,20.26,75.773
6,Monaco Grand Prix,Mercedes,RUS,1,5,MEDIUM,1,,38.369,21.245,87.676
6,Monaco Grand Prix,Mercedes,RUS,2,5,MEDIUM,2,21.335,37.577,21.114,80.026
6,Monaco Grand Prix,Mercedes,RUS,3,5,MEDIUM,3,20.825,36.736,20.85,78.411
6,Monaco Grand Prix,Mercedes,RUS,4,5,MEDIUM,4,20.613,36.817,20.667,78.097
6,Monaco Grand Prix,Mercedes,RUS,5,5,MEDIUM,5,20.597,36.352,20.649,77.598
6,Monaco Grand Prix,Mercedes,RUS,6,5,MEDIUM,6,20.295,36.399,20.563,77.257
6,Monaco Grand Prix,Mercedes,RUS,7,5,MEDIUM,7,20.351,36.256,20.548,77.155
6,Monaco Grand Prix,Mercedes,RUS,8,5,MEDIUM,8,20.337,36.24,20.611,77.188
6,Monaco Grand Prix,Mercedes,RUS,9,5,MEDIUM,9,20.427,36.28,20.645,77.352
6,Monaco Grand Prix,Mercedes,RUS,10,5,MEDIUM,10,20.415,36.229,20.578,77.222
6,Monaco Grand Prix,Mercedes,RUS,11,5,MEDIUM,11,20.282,36.356,20.726,77.364
6,Monaco Grand Prix,Mercedes,RUS,12,5,MEDIUM,12,20.349,36.395,20.852,77.596
6,Monaco Grand Prix,Mercedes,RUS,13,5,MEDIUM,13,20.491,36.514,20.886,77.891
6,Monaco Grand Prix,Mercedes,RUS,14,5,MEDIUM,14,20.936,36.822,20.821,78.579
6,Monaco Grand Prix,Mercedes,RUS,15,5,MEDIUM,15,20.374,36.61,21.02,78.004
6,Monaco Grand Prix,Mercedes,RUS,16,5,MEDIUM,16,20.658,36.853,20.957,78.468
6,Monaco Grand Prix,Mercedes,RUS,17,5,MEDIUM,17,20.458,36.934,21.019,78.411
6,Monaco Grand Prix,Mercedes,RUS,18,5,MEDIUM,18,20.515,36.897,21.062,78.474
6,Monaco Grand Prix,Mercedes,RUS,19,5,MEDIUM,19,20.745,37.276,21.201,79.222
6,Monaco Grand Prix,Mercedes,RUS,20,5,MEDIUM,20,20.894,36.841,21.088,78.823
6,Monaco Grand Prix,Mercedes,RUS,21,5,MEDIUM,21,20.774,37.176,21.279,79.229
6,Monaco Grand Prix,Mercedes,RUS,22,5,MEDIUM,22,20.591,37.475,21.294,79.36
6,Monaco Grand Prix,Mercedes,RUS,23,5,MEDIUM,23,20.775,37.086,21.189,79.05
6,Monaco Grand Prix,Mercedes,RUS,24,5,MEDIUM,24,20.81,36.951,21.134,78.895
6,Monaco Grand Prix,Mercedes,RUS,25,5,MEDIUM,25,20.671,37.627,21.235,79.533
6,Monaco Grand Prix,Mercedes,RUS,26,5,MEDIUM,26,20.651,37.072,21.071,78.794
6,Monaco Grand Prix,Mercedes,RUS,27,5,MEDIUM,27,20.783,37.13,21.27,79.183
6,Monaco Grand Prix,Mercedes,RUS,28,5,MEDIUM,28,20.693,37.033,21.039,78.765
6,Monaco Grand Prix,Mercedes,RUS,29,5,MEDIUM,29,20.681,36.95,21.084,78.715
6,Monaco Grand Prix,Mercedes,RUS,30,5,MEDIUM,30,20.676,36.972,21.105,78.753
6,Monaco Grand Prix,Mercedes,RUS,31,8,MEDIUM,31,20.701,37.098,37.521,95.32
6,Monaco Grand Prix,Mercedes,RUS,32,8,HARD,1,23.494,36.602,20.679,80.775
6,Monaco Grand Prix,Mercedes,RUS,33,7,HARD,2,20.682,36.266,20.507,77.455
6,Monaco Grand Prix,Mercedes,RUS,34,7,HARD,3,20.233,35.972,20.426,76.631
6,Monaco Grand Prix,Mercedes,RUS,35,7,HARD,4,20.2,35.949,20.299,76.448
6,Monaco Grand Prix,Mercedes,RUS,36,7,HARD,5,20.023,35.885,20.335,76.243
6,Monaco Grand Prix,Mercedes,RUS,37,7,HARD,6,20.224,36.274,20.528,77.026
6,Monaco Grand Prix,Mercedes,RUS,38,7,HARD,7,20.396,36.536,20.889,77.821
6,Monaco Grand Prix,Mercedes,RUS,39,7,HARD,8,20.777,37.194,21.118,79.089
6,Monaco Grand Prix,Mercedes,RUS,40,7,HARD,9,20.841,37.047,21.182,79.07
6,Monaco Grand Prix,Mercedes,RUS,41,7,HARD,10,21.484,37.474,21.645,80.603
6,Monaco Grand Prix,Mercedes,RUS,42,7,HARD,11,21.476,37.668,21.265,80.409
6,Monaco Grand Prix,Mercedes,RUS,43,7,HARD,12,20.914,37.515,20.988,79.417
6,Monaco Grand Prix,Mercedes,RUS,44,7,HARD,13,20.496,37.109,21.017,78.622
6,Monaco Grand Prix,Mercedes,RUS,45,5,HARD,14,20.409,36.231,20.531,77.171
6,Monaco Grand Prix,Mercedes,RUS,46,5,HARD,15,20.099,35.875,20.468,76.442
6,Monaco Grand Prix,Mercedes,RUS,47,5,HARD,16,20.072,35.965,20.44,76.477
6,Monaco Grand Prix,Mercedes,RUS,48,4,HARD,17,20.324,37.437,20.531,78.292
6,Monaco Grand Prix,Mercedes,RUS,49,4,HARD,18,20.07,36.119,20.585,76.774
6,Monaco Grand Prix,Mercedes,RUS,50,4,HARD,19,20.318,36.578,20.506,77.402
6,Monaco Grand Prix,Mercedes,RUS,51,4,HARD,20,20.197,36.417,20.694,77.308
6,Monaco Grand Prix,Mercedes,RUS,52,4,HARD,21,20.681,35.97,20.32,76.971
6,Monaco Grand Prix,Mercedes,RUS,53,4,HARD,22,19.869,35.944,20.217,76.03
6,Monaco Grand Prix,Mercedes,RUS,54,4,HARD,23,19.794,38.71,20.674,79.178
6,Monaco Grand Prix,Mercedes,RUS,55,4,HARD,24,20.123,36.027,20.338,76.488
6,Monaco Grand Prix,Mercedes,RUS,56,4,HARD,25,19.823,35.741,20.209,75.773
6,Monaco Grand Prix,Mercedes,RUS,57,4,HARD,26,19.784,35.729,20.314,75.827
6,Monaco Grand Prix,Mercedes,RUS,58,4,HARD,27,19.77,35.795,20.261,75.826
6,Monaco Grand Prix,Mercedes,RUS,59,4,HARD,28,19.773,35.969,31.755,87.497
6,Monaco Grand Prix,Mercedes,RUS,60,5,HARD,29,24.372,55.014,58.3,137.686
6,Monaco Grand Prix,Mercedes,RUS,61,5,SOFT,5,27.639,52.262,31.904,111.805
6,Monaco Grand Prix,Mercedes,RUS,62,5,SOFT,6,34.703,50.518,35.197,120.418
6,Monaco Grand Prix,Mercedes,RUS,63,5,SOFT,7,28.777,39.902,22.397,91.076
6,Monaco Grand Prix,Mercedes,RUS,64,5,SOFT,8,21.383,37.78,20.716,79.879
6,Monaco Grand Prix,Mercedes,RUS,65,4,SOFT,9,20.312,37.554,23.927,81.793
6,Monaco Grand Prix,Mercedes,RUS,66,4,SOFT,10,21.475,51.736,41.85,115.061
6,Monaco Grand Prix,Mercedes,RUS,67,4,SOFT,11,28.227,50.411,27.587,106.225
6,Monaco Grand Prix,Mercedes,RUS,68,4,SOFT,12,26.797,54.804,,
6,Monaco Grand Prix,Mercedes,RUS,69,4,SOFT,5,28.473,41.188,28.651,98.312
6,Monaco Grand Prix,Mercedes,RUS,70,4,SOFT,6,30.051,49.944,85.355,
6,Monaco Grand Prix,Mercedes,RUS,71,3,SOFT,7,25.639,38.752,20.465,84.856
6,Monaco Grand Prix,Mercedes,RUS,72,11,SOFT,8,20.083,35.542,32.63,88.255
6,Monaco Grand Prix,Mercedes,RUS,73,14,SOFT,9,23.526,37.495,20.864,81.885
6,Monaco Grand Prix,Mercedes,RUS,74,14,SOFT,10,20.743,36.425,20.99,78.158
6,Monaco Grand Prix,Mercedes,RUS,75,14,SOFT,11,20.692,36.376,20.837,77.905
6,Monaco Grand Prix,Mercedes,RUS,76,14,SOFT,12,20.567,36.286,20.743,77.596
6,Monaco Grand Prix,Mercedes,RUS,77,14,SOFT,13,20.389,36.09,20.791,77.27
6,Monaco Grand Prix,Mercedes,RUS,78,14,SOFT,14,20.243,36.187,20.827,77.257
6,Monaco Grand Prix,Cadillac,BOT,1,19,SOFT,1,,43.033,41.429,118.143
6,Monaco Grand Prix,Cadillac,BOT,2,19,MEDIUM,1,24.612,38.096,21.425,84.133
6,Monaco Grand Prix,Cadillac,BOT,3,19,MEDIUM,2,21.773,38.422,21.558,81.753
6,Monaco Grand Prix,Cadillac,BOT,4,19,MEDIUM,3,21.958,38.198,21.453,81.609
6,Monaco Grand Prix,Cadillac,BOT,5,19,MEDIUM,4,22.077,38.471,21.364,81.912
6,Monaco Grand Prix,Cadillac,BOT,6,19,MEDIUM,5,22.007,38.11,21.176,81.293
6,Monaco Grand Prix,Cadillac,BOT,7,19,MEDIUM,6,21.993,37.984,21.16,81.137
6,Monaco Grand Prix,Cadillac,BOT,8,19,MEDIUM,7,21.46,37.781,21.253,80.494
6,Monaco Grand Prix,Cadillac,BOT,9,19,MEDIUM,8,21.372,37.899,21.642,80.913
6,Monaco Grand Prix,Cadillac,BOT,10,19,MEDIUM,9,21.567,40.028,21.57,83.165
6,Monaco Grand Prix,Cadillac,BOT,11,19,MEDIUM,10,21.973,38.885,22.222,83.08
6,Monaco Grand Prix,Cadillac,BOT,12,19,MEDIUM,11,21.763,37.604,21.337,80.704
6,Monaco Grand Prix,Cadillac,BOT,13,19,MEDIUM,12,21.202,40.221,21.452,82.875
6,Monaco Grand Prix,Cadillac,BOT,14,19,MEDIUM,13,21.363,38.052,21.457,80.872
6,Monaco Grand Prix,Cadillac,BOT,15,19,MEDIUM,14,21.52,37.913,21.601,81.034
6,Monaco Grand Prix,Cadillac,BOT,16,19,MEDIUM,15,22.007,39.762,,
6,Monaco Grand Prix,McLaren,PIA,1,6,MEDIUM,1,,38.91,21.687,89.36
6,Monaco Grand Prix,McLaren,PIA,2,6,MEDIUM,2,21.54,37.617,21.297,80.454
6,Monaco Grand Prix,McLaren,PIA,3,6,MEDIUM,3,21.391,37.492,20.893,79.776
6,Monaco Grand Prix,McLaren,PIA,4,6,MEDIUM,4,21.043,36.75,21.093,78.886
6,Monaco Grand Prix,McLaren,PIA,5,6,MEDIUM,5,20.889,36.464,20.719,78.072
6,Monaco Grand Prix,McLaren,PIA,6,6,MEDIUM,6,20.506,36.843,20.889,78.238
6,Monaco Grand Prix,McLaren,PIA,7,6,MEDIUM,7,20.622,36.327,20.624,77.573
6,Monaco Grand Prix,McLaren,PIA,8,6,MEDIUM,8,20.374,36.23,20.583,77.187
6,Monaco Grand Prix,McLaren,PIA,9,6,MEDIUM,9,20.384,36.166,20.644,77.194
6,Monaco Grand Prix,McLaren,PIA,10,6,MEDIUM,10,20.352,36.199,20.629,77.18
6,Monaco Grand Prix,McLaren,PIA,11,6,MEDIUM,11,20.471,36.548,20.87,77.889
6,Monaco Grand Prix,McLaren,PIA,12,6,MEDIUM,12,20.567,36.526,20.846,77.939
6,Monaco Grand Prix,McLaren,PIA,13,6,MEDIUM,13,20.777,36.69,21.001,78.468
6,Monaco Grand Prix,McLaren,PIA,14,6,MEDIUM,14,20.658,36.669,20.854,78.181
6,Monaco Grand Prix,McLaren,PIA,15,6,MEDIUM,15,20.716,37.006,21.243,78.965
6,Monaco Grand Prix,McLaren,PIA,16,6,MEDIUM,16,20.919,37.43,21.219,79.568
6,Monaco Grand Prix,McLaren,PIA,17,6,MEDIUM,17,20.936,36.885,21.318,79.139
6,Monaco Grand Prix,McLaren,PIA,18,6,MEDIUM,18,20.811,36.888,20.814,78.513
6,Monaco Grand Prix,McLaren,PIA,19,6,MEDIUM,19,20.611,36.634,20.975,78.22
6,Monaco Grand Prix,McLaren,PIA,20,6,MEDIUM,20,20.63,36.651,20.801,78.082
6,Monaco Grand Prix,McLaren,PIA,21,6,MEDIUM,21,20.509,36.737,20.952,78.198
6,Monaco Grand Prix,McLaren,PIA,22,6,MEDIUM,22,20.536,36.792,20.902,78.23
6,Monaco Grand Prix,McLaren,PIA,23,6,MEDIUM,23,20.62,36.852,20.916,78.388
6,Monaco Grand Prix,McLaren,PIA,24,6,MEDIUM,24,20.487,36.698,20.903,78.088
6,Monaco Grand Prix,McLaren,PIA,25,6,MEDIUM,25,20.517,36.816,20.957,78.29
6,Monaco Grand Prix,McLaren,PIA,26,6,MEDIUM,26,20.664,37.116,20.882,78.662
6,Monaco Grand Prix,McLaren,PIA,27,6,MEDIUM,27,20.554,37.074,21.009,78.637
6,Monaco Grand Prix,McLaren,PIA,28,6,MEDIUM,28,20.584,37.124,20.999,78.707
6,Monaco Grand Prix,McLaren,PIA,29,6,MEDIUM,29,20.579,36.915,20.985,78.479
6,Monaco Grand Prix,McLaren,PIA,30,6,MEDIUM,30,20.63,36.955,21.022,78.607
6,Monaco Grand Prix,McLaren,PIA,31,5,MEDIUM,31,20.601,36.984,21.075,78.66
6,Monaco Grand Prix,McLaren,PIA,32,4,MEDIUM,32,20.607,36.757,20.813,78.177
6,Monaco Grand Prix,McLaren,PIA,33,4,MEDIUM,33,20.488,36.77,20.854,78.112
6,Monaco Grand Prix,McLaren,PIA,34,4,MEDIUM,34,20.559,36.916,20.935,78.41
6,Monaco Grand Prix,McLaren,PIA,35,4,MEDIUM,35,20.61,36.992,20.958,78.56
6,Monaco Grand Prix,McLaren,PIA,36,4,MEDIUM,36,20.714,36.847,20.763,78.324
6,Monaco Grand Prix,McLaren,PIA,37,4,MEDIUM,37,20.442,36.757,20.719,77.918
6,Monaco Grand Prix,McLaren,PIA,38,4,MEDIUM,38,20.629,36.802,20.856,78.287
6,Monaco Grand Prix,McLaren,PIA,39,4,MEDIUM,39,20.562,36.796,20.813,78.171
6,Monaco Grand Prix,McLaren,PIA,40,4,MEDIUM,40,20.831,37.264,21.254,79.349
6,Monaco Grand Prix,McLaren,PIA,41,4,MEDIUM,41,20.631,36.941,20.985,78.557
6,Monaco Grand Prix,McLaren,PIA,42,4,MEDIUM,42,20.693,37.049,20.944,78.686
6,Monaco Grand Prix,McLaren,PIA,43,4,MEDIUM,43,20.742,37.234,21.117,79.093
6,Monaco Grand Prix,McLaren,PIA,44,4,MEDIUM,44,20.961,37.155,21.163,79.279
6,Monaco Grand Prix,McLaren,PIA,45,4,MEDIUM,45,20.967,37.533,21.164,79.664
6,Monaco Grand Prix,McLaren,PIA,46,4,MEDIUM,46,20.828,37.15,21.367,79.345
6,Monaco Grand Prix,McLaren,PIA,47,4,MEDIUM,47,20.956,37.421,21.198,79.575
6,Monaco Grand Prix,McLaren,PIA,48,6,MEDIUM,48,20.954,37.679,38.108,96.741
6,Monaco Grand Prix,McLaren,PIA,49,6,HARD,1,24.626,37.827,21.193,83.646
6,Monaco Grand Prix,McLaren,PIA,50,6,HARD,2,20.731,36.743,20.715,78.189
6,Monaco Grand Prix,McLaren,PIA,51,6,HARD,3,20.591,36.394,20.438,77.423
6,Monaco Grand Prix,McLaren,PIA,52,6,HARD,4,20.357,35.991,20.515,76.863
6,Monaco Grand Prix,McLaren,PIA,53,6,HARD,5,20.229,36.024,20.443,76.696
6,Monaco Grand Prix,McLaren,PIA,54,6,HARD,6,20.21,36.655,20.387,77.252
6,Monaco Grand Prix,McLaren,PIA,55,6,HARD,7,20.41,36.143,20.274,76.827
6,Monaco Grand Prix,McLaren,PIA,56,6,HARD,8,20.21,36.028,20.362,76.6
6,Monaco Grand Prix,McLaren,PIA,57,6,HARD,9,20.278,36.411,20.415,77.104
6,Monaco Grand Prix,McLaren,PIA,58,6,HARD,10,20.08,35.994,20.467,76.541
6,Monaco Grand Prix,McLaren,PIA,59,7,HARD,11,20.148,48.109,49.096,117.353
6,Monaco Grand Prix,McLaren,PIA,60,7,SOFT,5,28.588,47.93,38.376,114.894
6,Monaco Grand Prix,McLaren,PIA,61,7,SOFT,6,26.767,40.431,23.268,90.466
6,Monaco Grand Prix,McLaren,PIA,62,7,SOFT,7,34.356,51.008,32.397,117.761
6,Monaco Grand Prix,McLaren,PIA,63,7,SOFT,8,31.41,40.611,21.858,93.879
6,Monaco Grand Prix,McLaren,PIA,64,7,SOFT,9,22.036,39.449,22.674,84.159
6,Monaco Grand Prix,McLaren,PIA,65,6,SOFT,10,22.061,38.079,22.332,82.472
6,Monaco Grand Prix,McLaren,PIA,66,6,SOFT,11,24.286,50.92,39.529,114.735
6,Monaco Grand Prix,McLaren,PIA,67,6,SOFT,12,29.732,49.436,27.558,106.726
6,Monaco Grand Prix,McLaren,PIA,68,6,SOFT,13,27.003,52.382,,
6,Monaco Grand Prix,McLaren,PIA,69,6,SOFT,5,29.361,41.117,25.432,95.91
6,Monaco Grand Prix,McLaren,PIA,70,6,SOFT,6,28.89,51.013,82.757,
6,Monaco Grand Prix,McLaren,PIA,71,6,SOFT,7,26.069,40.598,21.299,87.966
6,Monaco Grand Prix,McLaren,PIA,72,5,SOFT,8,21.353,36.829,20.577,78.759
6,Monaco Grand Prix,McLaren,PIA,73,5,SOFT,9,20.497,35.941,20.25,76.688
6,Monaco Grand Prix,McLaren,PIA,74,5,SOFT,10,20.095,35.644,20.448,76.187
6,Monaco Grand Prix,McLaren,PIA,75,5,SOFT,11,20.252,35.688,20.318,76.258
6,Monaco Grand Prix,McLaren,PIA,76,5,SOFT,12,19.979,35.621,20.216,75.816
6,Monaco Grand Prix,McLaren,PIA,77,5,SOFT,13,20.057,35.584,20.205,75.846
6,Monaco Grand Prix,McLaren,PIA,78,5,SOFT,14,20.044,35.532,20.286,75.862
6,Monaco Grand Prix,Haas F1 Team,BEA,1,21,MEDIUM,1,,42.941,46.792,122.78
6,Monaco Grand Prix,Haas F1 Team,BEA,2,21,HARD,1,24.755,37.72,21.19,83.665
6,Monaco Grand Prix,Haas F1 Team,BEA,3,21,HARD,2,21.088,37.072,21.114,79.274
6,Monaco Grand Prix,Haas F1 Team,BEA,4,21,HARD,3,21.358,37.854,21.809,81.021
6,Monaco Grand Prix,Haas F1 Team,BEA,5,21,HARD,4,21.817,38.333,21.676,81.826
6,Monaco Grand Prix,Haas F1 Team,BEA,6,21,HARD,5,21.823,38.044,21.643,81.51
6,Monaco Grand Prix,Haas F1 Team,BEA,7,21,HARD,6,21.587,37.978,21.445,81.01
6,Monaco Grand Prix,Haas F1 Team,BEA,8,21,HARD,7,21.284,37.635,21.566,80.485
6,Monaco Grand Prix,Haas F1 Team,BEA,9,21,HARD,8,21.305,37.459,22.045,80.809
6,Monaco Grand Prix,Haas F1 Team,BEA,10,21,HARD,9,22.65,38.782,22.689,84.121
6,Monaco Grand Prix,Haas F1 Team,BEA,11,21,HARD,10,21.98,39.339,21.293,82.612
6,Monaco Grand Prix,Haas F1 Team,BEA,12,21,HARD,11,21.38,40.743,21.492,83.615
6,Monaco Grand Prix,Haas F1 Team,BEA,13,21,HARD,12,21.028,37.201,21.313,79.542
6,Monaco Grand Prix,Haas F1 Team,BEA,14,21,HARD,13,21.191,37.968,21.629,80.788
6,Monaco Grand Prix,Haas F1 Team,BEA,15,21,HARD,14,21.365,37.859,23.211,82.435
6,Monaco Grand Prix,Haas F1 Team,BEA,16,21,HARD,15,21.411,38.655,22.629,82.695
6,Monaco Grand Prix,Haas F1 Team,BEA,17,20,HARD,16,22.497,38.2,20.959,81.656
6,Monaco Grand Prix,Haas F1 Team,BEA,18,20,HARD,17,20.952,37.021,21.009,78.982
6,Monaco Grand Prix,Haas F1 Team,BEA,19,20,HARD,18,20.872,36.852,20.865,78.589
6,Monaco Grand Prix,Haas F1 Team,BEA,20,20,HARD,19,20.803,36.816,21.15,78.769
6,Monaco Grand Prix,Haas F1 Team,BEA,21,20,HARD,20,20.772,36.793,20.975,78.54
6,Monaco Grand Prix,Haas F1 Team,BEA,22,20,HARD,21,20.698,36.734,21.043,78.475
6,Monaco Grand Prix,Haas F1 Team,BEA,23,20,HARD,22,20.733,36.992,20.94,78.665
6,Monaco Grand Prix,Haas F1 Team,BEA,24,20,HARD,23,20.767,37.212,21.158,79.137
6,Monaco Grand Prix,Haas F1 Team,BEA,25,20,HARD,24,20.809,36.585,21.289,78.683
6,Monaco Grand Prix,Haas F1 Team,BEA,26,20,HARD,25,20.828,37.028,20.935,78.791
6,Monaco Grand Prix,Haas F1 Team,BEA,27,20,HARD,26,20.669,36.971,20.983,78.623
6,Monaco Grand Prix,Haas F1 Team,BEA,28,20,HARD,27,20.7,37.555,,
7,Barcelona Grand Prix,McLaren,NOR,1,4,MEDIUM,1,,33.656,24.811,87.198
7,Barcelona Grand Prix,McLaren,NOR,2,4,MEDIUM,2,23.744,33.611,24.896,82.251
7,Barcelona Grand Prix,McLaren,NOR,3,4,MEDIUM,3,23.976,33.5,24.946,82.422
7,Barcelona Grand Prix,McLaren,NOR,4,4,MEDIUM,4,23.999,33.552,25.222,82.773
7,Barcelona Grand Prix,McLaren,NOR,5,4,MEDIUM,5,24.189,33.813,25.285,83.287
7,Barcelona Grand Prix,McLaren,NOR,6,4,MEDIUM,6,24.222,33.707,25.297,83.226
7,Barcelona Grand Prix,McLaren,NOR,7,4,MEDIUM,7,24.175,33.895,25.287,83.357
7,Barcelona Grand Prix,McLaren,NOR,8,4,MEDIUM,8,24.237,33.773,25.382,83.392
7,Barcelona Grand Prix,McLaren,NOR,9,4,MEDIUM,9,24.26,33.774,25.467,83.501
7,Barcelona Grand Prix,McLaren,NOR,10,4,MEDIUM,10,24.292,33.706,25.321,83.319
7,Barcelona Grand Prix,McLaren,NOR,11,3,MEDIUM,11,24.283,33.758,25.36,83.401
7,Barcelona Grand Prix,McLaren,NOR,12,3,MEDIUM,12,24.221,33.969,25.428,83.618
7,Barcelona Grand Prix,McLaren,NOR,13,2,MEDIUM,13,24.308,33.977,29.561,87.846
7,Barcelona Grand Prix,McLaren,NOR,14,6,HARD,1,43.21,32.876,24.565,100.651
7,Barcelona Grand Prix,McLaren,NOR,15,5,HARD,2,24.024,33.249,24.797,82.07
7,Barcelona Grand Prix,McLaren,NOR,16,5,HARD,3,23.947,33.261,24.985,82.193
7,Barcelona Grand Prix,McLaren,NOR,17,4,HARD,4,23.89,33.232,24.822,81.944
7,Barcelona Grand Prix,McLaren,NOR,18,4,HARD,5,23.788,33.283,24.91,81.981
7,Barcelona Grand Prix,McLaren,NOR,19,4,HARD,6,23.972,33.368,25.014,82.354
7,Barcelona Grand Prix,McLaren,NOR,20,4,HARD,7,23.843,33.384,25.016,82.243
7,Barcelona Grand Prix,McLaren,NOR,21,4,HARD,8,23.963,33.337,25.075,82.375
7,Barcelona Grand Prix,McLaren,NOR,22,4,HARD,9,23.827,33.197,24.998,82.022
7,Barcelona Grand Prix,McLaren,NOR,23,4,HARD,10,23.938,33.372,24.969,82.279
7,Barcelona Grand Prix,McLaren,NOR,24,4,HARD,11,23.965,33.349,25.13,82.444
7,Barcelona Grand Prix,McLaren,NOR,25,4,HARD,12,23.696,33.686,25.081,82.463
7,Barcelona Grand Prix,McLaren,NOR,26,4,HARD,13,23.976,33.641,25.047,82.664
7,Barcelona Grand Prix,McLaren,NOR,27,3,HARD,14,23.984,33.774,25.151,82.909
7,Barcelona Grand Prix,McLaren,NOR,28,3,HARD,15,23.984,33.678,24.998,82.66
7,Barcelona Grand Prix,McLaren,NOR,29,3,HARD,16,23.926,33.566,25.762,83.254
7,Barcelona Grand Prix,McLaren,NOR,30,3,HARD,17,24.034,33.865,25.257,83.156
7,Barcelona Grand Prix,McLaren,NOR,31,3,HARD,18,24.044,33.558,25.345,82.947
7,Barcelona Grand Prix,McLaren,NOR,32,3,HARD,19,24.072,34.168,25.357,83.597
7,Barcelona Grand Prix,McLaren,NOR,33,3,HARD,20,23.966,33.715,25.168,82.849
7,Barcelona Grand Prix,McLaren,NOR,34,3,HARD,21,24.053,33.75,25.312,83.115
7,Barcelona Grand Prix,McLaren,NOR,35,4,HARD,22,24.361,33.564,29.374,87.299
7,Barcelona Grand Prix,McLaren,NOR,36,5,HARD,1,43.08,32.56,24.322,99.962
7,Barcelona Grand Prix,McLaren,NOR,37,5,HARD,2,23.543,32.468,24.221,80.232
7,Barcelona Grand Prix,McLaren,NOR,38,5,HARD,3,23.831,32.939,24.342,81.112
7,Barcelona Grand Prix,McLaren,NOR,39,4,HARD,4,23.47,33.243,24.452,81.165
7,Barcelona Grand Prix,McLaren,NOR,40,4,HARD,5,23.347,33.246,31.796,88.389
7,Barcelona Grand Prix,McLaren,NOR,41,4,HARD,6,30.39,46.147,30.401,106.938
7,Barcelona Grand Prix,McLaren,NOR,42,4,HARD,7,28.197,32.459,24.418,85.074
7,Barcelona Grand Prix,McLaren,NOR,43,4,HARD,8,23.706,32.674,24.551,80.931
7,Barcelona Grand Prix,McLaren,NOR,44,4,HARD,9,23.673,32.782,24.351,80.806
7,Barcelona Grand Prix,McLaren,NOR,45,4,HARD,10,23.674,32.754,24.5,80.928
7,Barcelona Grand Prix,McLaren,NOR,46,4,HARD,11,23.5,32.761,24.569,80.83
7,Barcelona Grand Prix,McLaren,NOR,47,4,HARD,12,23.589,32.809,24.55,80.948
7,Barcelona Grand Prix,McLaren,NOR,48,4,HARD,13,23.621,33.007,24.572,81.2
7,Barcelona Grand Prix,McLaren,NOR,49,4,HARD,14,23.694,32.89,24.678,81.262
7,Barcelona Grand Prix,McLaren,NOR,50,4,HARD,15,23.594,32.842,24.526,80.962
7,Barcelona Grand Prix,McLaren,NOR,51,4,HARD,16,23.659,33.065,24.529,81.253
7,Barcelona Grand Prix,McLaren,NOR,52,4,HARD,17,23.631,33.095,24.88,81.606
7,Barcelona Grand Prix,McLaren,NOR,53,4,HARD,18,23.832,33.088,24.891,81.811
7,Barcelona Grand Prix,McLaren,NOR,54,4,HARD,19,23.8,33.133,24.876,81.809
7,Barcelona Grand Prix,McLaren,NOR,55,4,HARD,20,23.877,33.254,24.833,81.964
7,Barcelona Grand Prix,McLaren,NOR,56,4,HARD,21,24.03,33.276,24.821,82.127
7,Barcelona Grand Prix,McLaren,NOR,57,4,HARD,22,23.853,33.339,25.031,82.223
7,Barcelona Grand Prix,McLaren,NOR,58,4,HARD,23,23.823,33.543,24.886,82.252
7,Barcelona Grand Prix,McLaren,NOR,59,4,HARD,24,23.994,33.42,25.075,82.489
7,Barcelona Grand Prix,McLaren,NOR,60,4,HARD,25,24.035,33.315,25.05,82.4
7,Barcelona Grand Prix,McLaren,NOR,61,4,HARD,26,24.207,33.648,25.287,83.142
7,Barcelona Grand Prix,McLaren,NOR,62,3,HARD,27,24.048,33.546,25.13,82.724
7,Barcelona Grand Prix,McLaren,NOR,63,3,HARD,28,32.145,44.414,32.914,109.473
7,Barcelona Grand Prix,McLaren,NOR,64,3,HARD,29,30.638,44.146,33.557,108.341
7,Barcelona Grand Prix,McLaren,NOR,65,3,HARD,30,27.45,33.429,25.131,86.01
7,Barcelona Grand Prix,McLaren,NOR,66,3,HARD,31,23.985,33.349,25.067,82.401
7,Barcelona Grand Prix,Alpine,GAS,1,12,MEDIUM,1,,35.429,25.735,92.099
7,Barcelona Grand Prix,Alpine,GAS,2,12,MEDIUM,2,24.204,34.532,25.567,84.303
7,Barcelona Grand Prix,Alpine,GAS,3,12,MEDIUM,3,24.0,34.587,25.632,84.219
7,Barcelona Grand Prix,Alpine,GAS,4,12,MEDIUM,4,24.239,34.535,25.753,84.527
7,Barcelona Grand Prix,Alpine,GAS,5,12,MEDIUM,5,24.441,34.833,25.823,85.097
7,Barcelona Grand Prix,Alpine,GAS,6,13,MEDIUM,6,24.558,35.254,25.996,85.808
7,Barcelona Grand Prix,Alpine,GAS,7,13,MEDIUM,7,24.429,34.792,26.165,85.386
7,Barcelona Grand Prix,Alpine,GAS,8,13,MEDIUM,8,24.435,35.203,26.082,85.72
7,Barcelona Grand Prix,Alpine,GAS,9,13,MEDIUM,9,24.409,35.397,26.248,86.054
7,Barcelona Grand Prix,Alpine,GAS,10,13,MEDIUM,10,24.495,35.281,26.279,86.055
7,Barcelona Grand Prix,Alpine,GAS,11,13,MEDIUM,11,24.64,35.135,26.179,85.954
7,Barcelona Grand Prix,Alpine,GAS,12,11,MEDIUM,12,24.436,35.155,26.215,85.806
7,Barcelona Grand Prix,Alpine,GAS,13,11,MEDIUM,13,24.767,34.894,26.137,85.798
7,Barcelona Grand Prix,Alpine,GAS,14,10,MEDIUM,14,24.685,35.057,30.003,89.745
7,Barcelona Grand Prix,Alpine,GAS,15,15,HARD,1,44.085,33.504,25.21,102.799
7,Barcelona Grand Prix,Alpine,GAS,16,14,HARD,2,23.989,33.724,25.31,83.023
7,Barcelona Grand Prix,Alpine,GAS,17,14,HARD,3,24.022,33.972,25.243,83.237
7,Barcelona Grand Prix,Alpine,GAS,18,13,HARD,4,24.019,34.008,25.485,83.512
7,Barcelona Grand Prix,Alpine,GAS,19,12,HARD,5,24.062,34.044,25.513,83.619
7,Barcelona Grand Prix,Alpine,GAS,20,12,HARD,6,24.125,34.208,25.493,83.826
7,Barcelona Grand Prix,Alpine,GAS,21,12,HARD,7,24.229,33.83,25.73,83.789
7,Barcelona Grand Prix,Alpine,GAS,22,12,HARD,8,24.163,34.142,25.683,83.988
7,Barcelona Grand Prix,Alpine,GAS,23,11,HARD,9,24.112,34.262,25.722,84.096
7,Barcelona Grand Prix,Alpine,GAS,24,11,HARD,10,24.287,34.895,25.945,85.127
7,Barcelona Grand Prix,Alpine,GAS,25,11,HARD,11,24.214,34.5,25.892,84.606
7,Barcelona Grand Prix,Alpine,GAS,26,11,HARD,12,24.195,34.594,25.863,84.652
7,Barcelona Grand Prix,Alpine,GAS,27,11,HARD,13,24.485,34.809,25.831,85.125
7,Barcelona Grand Prix,Alpine,GAS,28,11,HARD,14,24.46,34.532,26.151,85.143
7,Barcelona Grand Prix,Alpine,GAS,29,10,HARD,15,24.391,34.498,25.886,84.775
7,Barcelona Grand Prix,Alpine,GAS,30,10,HARD,16,24.403,34.391,25.793,84.587
7,Barcelona Grand Prix,Alpine,GAS,31,10,HARD,17,24.52,34.347,25.867,84.734
7,Barcelona Grand Prix,Alpine,GAS,32,10,HARD,18,24.408,34.546,25.923,84.877
7,Barcelona Grand Prix,Alpine,GAS,33,10,HARD,19,24.523,34.922,25.914,85.359
7,Barcelona Grand Prix,Alpine,GAS,34,10,HARD,20,24.45,34.685,25.978,85.113
7,Barcelona Grand Prix,Alpine,GAS,35,9,HARD,21,24.431,34.758,25.879,85.068
7,Barcelona Grand Prix,Alpine,GAS,36,9,HARD,22,24.24,34.283,25.794,84.317
7,Barcelona Grand Prix,Alpine,GAS,37,9,HARD,23,24.561,34.412,26.132,85.105
7,Barcelona Grand Prix,Alpine,GAS,38,9,HARD,24,24.778,34.876,27.079,86.733
7,Barcelona Grand Prix,Alpine,GAS,39,9,HARD,25,24.607,34.862,29.205,88.674
7,Barcelona Grand Prix,Alpine,GAS,40,9,HARD,26,30.471,44.025,34.024,108.52
7,Barcelona Grand Prix,Alpine,GAS,41,9,HARD,1,45.587,32.929,24.884,103.4
7,Barcelona Grand Prix,Alpine,GAS,42,9,HARD,2,23.728,33.155,24.825,81.708
7,Barcelona Grand Prix,Alpine,GAS,43,9,HARD,3,23.865,33.267,24.828,81.96
7,Barcelona Grand Prix,Alpine,GAS,44,9,HARD,4,23.74,33.245,25.029,82.014
7,Barcelona Grand Prix,Alpine,GAS,45,9,HARD,5,23.891,33.277,25.523,82.691
7,Barcelona Grand Prix,Alpine,GAS,46,9,HARD,6,23.926,33.455,25.181,82.562
7,Barcelona Grand Prix,Alpine,GAS,47,9,HARD,7,24.04,33.739,25.337,83.116
7,Barcelona Grand Prix,Alpine,GAS,48,9,HARD,8,24.073,33.449,25.268,82.79
7,Barcelona Grand Prix,Alpine,GAS,49,9,HARD,9,23.957,33.738,25.297,82.992
7,Barcelona Grand Prix,Alpine,GAS,50,9,HARD,10,24.249,33.561,25.302,83.112
7,Barcelona Grand Prix,Alpine,GAS,51,9,HARD,11,24.157,33.735,25.3,83.192
7,Barcelona Grand Prix,Alpine,GAS,52,9,HARD,12,24.157,35.063,25.328,84.548
7,Barcelona Grand Prix,Alpine,GAS,53,9,HARD,13,24.194,35.025,25.778,84.997
7,Barcelona Grand Prix,Alpine,GAS,54,9,HARD,14,24.071,34.043,25.312,83.426
7,Barcelona Grand Prix,Alpine,GAS,55,9,HARD,15,24.205,33.872,25.297,83.374
7,Barcelona Grand Prix,Alpine,GAS,56,9,HARD,16,24.048,33.65,25.329,83.027
7,Barcelona Grand Prix,Alpine,GAS,57,9,HARD,17,24.111,33.559,25.336,83.006
7,Barcelona Grand Prix,Alpine,GAS,58,9,HARD,18,24.031,33.615,25.487,83.133
7,Barcelona Grand Prix,Alpine,GAS,59,9,HARD,19,24.184,33.552,25.446,83.182
7,Barcelona Grand Prix,Alpine,GAS,60,9,HARD,20,24.168,33.68,25.444,83.292
7,Barcelona Grand Prix,Alpine,GAS,61,9,HARD,21,24.439,37.753,32.063,94.255
7,Barcelona Grand Prix,Alpine,GAS,62,8,HARD,22,32.218,45.187,30.045,107.45
7,Barcelona Grand Prix,Alpine,GAS,63,7,HARD,23,31.805,43.409,27.571,102.785
7,Barcelona Grand Prix,Alpine,GAS,64,7,HARD,24,24.219,33.696,25.37,83.285
7,Barcelona Grand Prix,Alpine,GAS,65,7,HARD,25,24.302,33.939,25.381,83.622
7,Barcelona Grand Prix,Cadillac,PER,1,19,SOFT,1,,36.014,26.63,94.895
7,Barcelona Grand Prix,Cadillac,PER,2,19,SOFT,2,24.677,34.998,25.874,85.549
7,Barcelona Grand Prix,Cadillac,PER,3,19,SOFT,3,24.482,34.882,26.014,85.378
7,Barcelona Grand Prix,Cadillac,PER,4,19,SOFT,4,24.472,34.898,26.331,85.701
7,Barcelona Grand Prix,Cadillac,PER,5,19,SOFT,5,24.677,34.805,26.286,85.768
7,Barcelona Grand Prix,Cadillac,PER,6,19,SOFT,6,24.732,34.942,26.342,86.016
7,Barcelona Grand Prix,Cadillac,PER,7,19,SOFT,7,24.905,34.724,26.461,86.09
7,Barcelona Grand Prix,Cadillac,PER,8,19,SOFT,8,25.05,35.1,26.332,86.482
7,Barcelona Grand Prix,Cadillac,PER,9,19,SOFT,9,25.091,35.283,26.528,86.902
7,Barcelona Grand Prix,Cadillac,PER,10,19,SOFT,10,25.157,35.101,26.47,86.728
7,Barcelona Grand Prix,Cadillac,PER,11,19,SOFT,11,25.109,35.201,26.68,86.99
7,Barcelona Grand Prix,Cadillac,PER,12,19,SOFT,12,25.22,35.223,30.905,91.348
7,Barcelona Grand Prix,Cadillac,PER,13,21,HARD,1,46.593,34.216,25.66,106.469
7,Barcelona Grand Prix,Cadillac,PER,14,21,HARD,2,24.739,34.327,25.61,84.676
7,Barcelona Grand Prix,Cadillac,PER,15,20,HARD,3,24.532,34.1,25.588,84.22
7,Barcelona Grand Prix,Cadillac,PER,16,20,HARD,4,24.711,34.751,25.96,85.422
7,Barcelona Grand Prix,Cadillac,PER,17,20,HARD,5,24.673,34.467,25.979,85.119
7,Barcelona Grand Prix,Cadillac,PER,18,20,HARD,6,24.574,34.517,25.927,85.018
7,Barcelona Grand Prix,Cadillac,PER,19,19,HARD,7,24.813,34.814,26.622,86.249
7,Barcelona Grand Prix,Cadillac,PER,20,19,HARD,8,24.716,34.863,26.757,86.336
7,Barcelona Grand Prix,Cadillac,PER,21,19,HARD,9,24.609,34.682,26.22,85.511
7,Barcelona Grand Prix,Cadillac,PER,22,19,HARD,10,24.833,35.317,26.853,87.003
7,Barcelona Grand Prix,Cadillac,PER,23,19,HARD,11,25.656,35.455,26.762,87.873
7,Barcelona Grand Prix,Cadillac,PER,24,19,HARD,12,25.382,34.915,26.335,86.632
7,Barcelona Grand Prix,Cadillac,PER,25,19,HARD,13,25.029,34.846,26.364,86.239
7,Barcelona Grand Prix,Cadillac,PER,26,19,HARD,14,26.074,36.015,26.519,88.608
7,Barcelona Grand Prix,Cadillac,PER,27,19,HARD,15,25.217,35.241,26.526,86.984
7,Barcelona Grand Prix,Cadillac,PER,28,19,HARD,16,25.759,35.131,26.473,87.363
7,Barcelona Grand Prix,Cadillac,PER,29,19,HARD,17,25.09,34.983,26.383,86.456
7,Barcelona Grand Prix,Cadillac,PER,30,17,HARD,18,25.009,35.003,26.687,86.699
7,Barcelona Grand Prix,Cadillac,PER,31,17,HARD,19,25.242,35.97,30.596,91.808
7,Barcelona Grand Prix,Cadillac,PER,32,19,HARD,1,46.166,33.736,25.335,105.237
7,Barcelona Grand Prix,Cadillac,PER,33,19,HARD,2,24.487,33.699,25.413,83.599
7,Barcelona Grand Prix,Cadillac,PER,34,19,HARD,3,24.519,34.541,26.228,85.288
7,Barcelona Grand Prix,Cadillac,PER,35,18,HARD,4,24.323,34.442,25.541,84.306
7,Barcelona Grand Prix,Cadillac,PER,36,18,HARD,5,24.603,34.28,26.0,84.883
7,Barcelona Grand Prix,Cadillac,PER,37,18,HARD,6,24.55,35.061,26.217,85.828
7,Barcelona Grand Prix,Cadillac,PER,38,17,HARD,7,24.486,34.293,25.938,84.717
7,Barcelona Grand Prix,Cadillac,PER,39,17,HARD,8,31.05,45.569,36.004,112.623
7,Barcelona Grand Prix,Cadillac,PER,40,17,MEDIUM,1,47.888,33.437,24.959,106.284
7,Barcelona Grand Prix,Cadillac,PER,41,17,MEDIUM,2,25.169,33.474,25.238,83.881
7,Barcelona Grand Prix,Cadillac,PER,42,17,MEDIUM,3,25.616,35.738,25.021,86.375
7,Barcelona Grand Prix,Cadillac,PER,43,17,MEDIUM,4,24.125,33.531,25.164,82.82
7,Barcelona Grand Prix,Cadillac,PER,44,17,MEDIUM,5,24.231,33.598,27.517,85.346
7,Barcelona Grand Prix,Cadillac,PER,45,17,MEDIUM,6,24.108,33.998,25.336,83.442
7,Barcelona Grand Prix,Cadillac,PER,46,17,MEDIUM,7,24.472,33.973,25.354,83.799
7,Barcelona Grand Prix,Cadillac,PER,47,17,MEDIUM,8,24.312,33.936,25.548,83.796
7,Barcelona Grand Prix,Cadillac,PER,48,17,MEDIUM,9,24.531,34.989,26.22,85.74
7,Barcelona Grand Prix,Cadillac,PER,49,17,MEDIUM,10,25.476,35.489,26.276,87.241
7,Barcelona Grand Prix,Cadillac,PER,50,17,MEDIUM,11,24.492,37.302,26.289,88.083
7,Barcelona Grand Prix,Cadillac,PER,51,17,MEDIUM,12,24.742,34.376,25.788,84.906
7,Barcelona Grand Prix,Cadillac,PER,52,17,MEDIUM,13,24.634,34.372,25.702,84.708
7,Barcelona Grand Prix,Cadillac,PER,53,17,MEDIUM,14,24.721,34.332,25.842,84.895
7,Barcelona Grand Prix,Cadillac,PER,54,17,MEDIUM,15,24.713,34.273,26.097,85.083
7,Barcelona Grand Prix,Cadillac,PER,55,17,MEDIUM,16,26.304,34.69,26.11,87.104
7,Barcelona Grand Prix,Cadillac,PER,56,17,MEDIUM,17,24.818,34.53,26.049,85.397
7,Barcelona Grand Prix,Cadillac,PER,57,17,MEDIUM,18,24.84,34.482,26.173,85.495
7,Barcelona Grand Prix,Cadillac,PER,58,17,MEDIUM,19,25.033,34.729,26.18,85.942
7,Barcelona Grand Prix,Cadillac,PER,59,17,MEDIUM,20,25.162,35.494,26.188,86.844
7,Barcelona Grand Prix,Cadillac,PER,60,17,MEDIUM,21,28.491,50.513,27.955,106.959
7,Barcelona Grand Prix,Cadillac,PER,61,16,MEDIUM,22,29.858,45.596,32.804,108.258
7,Barcelona Grand Prix,Cadillac,PER,62,15,MEDIUM,23,29.103,34.655,25.927,89.685
7,Barcelona Grand Prix,Cadillac,PER,63,14,MEDIUM,24,24.584,34.395,25.799,84.778
7,Barcelona Grand Prix,Mercedes,ANT,1,3,MEDIUM,1,,33.434,24.649,86.497
7,Barcelona Grand Prix,Mercedes,ANT,2,3,MEDIUM,2,23.835,33.536,24.671,82.042
7,Barcelona Grand Prix,Mercedes,ANT,3,3,MEDIUM,3,24.112,33.182,24.826,82.12
7,Barcelona Grand Prix,Mercedes,ANT,4,3,MEDIUM,4,23.943,33.385,24.943,82.271
7,Barcelona Grand Prix,Mercedes,ANT,5,3,MEDIUM,5,23.969,33.509,24.97,82.448
7,Barcelona Grand Prix,Mercedes,ANT,6,3,MEDIUM,6,24.113,33.613,25.266,82.992
7,Barcelona Grand Prix,Mercedes,ANT,7,3,MEDIUM,7,24.314,33.639,25.135,83.088
7,Barcelona Grand Prix,Mercedes,ANT,8,3,MEDIUM,8,24.364,33.983,25.41,83.757
7,Barcelona Grand Prix,Mercedes,ANT,9,3,MEDIUM,9,24.322,33.892,25.346,83.56
7,Barcelona Grand Prix,Mercedes,ANT,10,3,MEDIUM,10,24.411,33.875,25.596,83.882
7,Barcelona Grand Prix,Mercedes,ANT,11,2,MEDIUM,11,24.36,33.783,25.443,83.586
7,Barcelona Grand Prix,Mercedes,ANT,12,2,MEDIUM,12,24.151,33.816,25.4,83.367
7,Barcelona Grand Prix,Mercedes,ANT,13,1,MEDIUM,13,24.432,33.823,25.305,83.56
7,Barcelona Grand Prix,Mercedes,ANT,14,1,MEDIUM,14,24.267,33.754,29.013,87.034
7,Barcelona Grand Prix,Mercedes,ANT,15,4,HARD,1,43.282,32.949,24.639,100.87
7,Barcelona Grand Prix,Mercedes,ANT,16,4,HARD,2,23.903,33.23,24.87,82.003
7,Barcelona Grand Prix,Mercedes,ANT,17,3,HARD,3,23.974,33.183,24.748,81.905
7,Barcelona Grand Prix,Mercedes,ANT,18,3,HARD,4,23.847,33.093,24.692,81.632
7,Barcelona Grand Prix,Mercedes,ANT,19,3,HARD,5,23.959,33.125,24.837,81.921
7,Barcelona Grand Prix,Mercedes,ANT,20,3,HARD,6,23.832,33.246,24.971,82.049
7,Barcelona Grand Prix,Mercedes,ANT,21,3,HARD,7,23.889,33.36,24.947,82.196
7,Barcelona Grand Prix,Mercedes,ANT,22,3,HARD,8,23.831,33.356,24.974,82.161
7,Barcelona Grand Prix,Mercedes,ANT,23,3,HARD,9,23.962,33.542,24.946,82.45
7,Barcelona Grand Prix,Mercedes,ANT,24,3,HARD,10,23.892,33.802,25.149,82.843
7,Barcelona Grand Prix,Mercedes,ANT,25,3,HARD,11,23.896,33.592,25.189,82.677
7,Barcelona Grand Prix,Mercedes,ANT,26,3,HARD,12,23.874,33.643,25.097,82.614
7,Barcelona Grand Prix,Mercedes,ANT,27,2,HARD,13,23.936,33.669,25.155,82.76
7,Barcelona Grand Prix,Mercedes,ANT,28,2,HARD,14,23.648,33.452,24.955,82.055
7,Barcelona Grand Prix,Mercedes,ANT,29,2,HARD,15,23.872,33.673,25.078,82.623
7,Barcelona Grand Prix,Mercedes,ANT,30,2,HARD,16,23.802,33.614,25.086,82.502
7,Barcelona Grand Prix,Mercedes,ANT,31,2,HARD,17,23.718,33.853,25.268,82.839
7,Barcelona Grand Prix,Mercedes,ANT,32,2,HARD,18,23.793,33.762,25.133,82.688
7,Barcelona Grand Prix,Mercedes,ANT,33,2,HARD,19,24.509,34.083,25.165,83.757
7,Barcelona Grand Prix,Mercedes,ANT,34,2,HARD,20,23.996,33.668,25.053,82.717
7,Barcelona Grand Prix,Mercedes,ANT,35,2,HARD,21,23.931,33.662,25.068,82.661
7,Barcelona Grand Prix,Mercedes,ANT,36,1,HARD,22,24.13,34.044,25.25,83.424
7,Barcelona Grand Prix,Mercedes,ANT,37,1,HARD,23,23.705,33.406,28.582,85.693
7,Barcelona Grand Prix,Mercedes,ANT,38,4,HARD,1,43.369,32.524,24.202,100.095
7,Barcelona Grand Prix,Mercedes,ANT,39,3,HARD,2,23.696,32.892,24.311,80.899
7,Barcelona Grand Prix,Mercedes,ANT,40,3,HARD,3,23.423,33.054,31.671,88.148
7,Barcelona Grand Prix,Mercedes,ANT,41,3,HARD,4,30.134,45.064,31.038,106.236
7,Barcelona Grand Prix,Mercedes,ANT,42,3,HARD,5,28.739,32.701,24.346,85.786
7,Barcelona Grand Prix,Mercedes,ANT,43,3,HARD,6,23.692,32.895,24.311,80.898
7,Barcelona Grand Prix,Mercedes,ANT,44,3,HARD,7,23.625,33.074,24.218,80.917
7,Barcelona Grand Prix,Mercedes,ANT,45,3,HARD,8,23.585,32.853,24.279,80.717
7,Barcelona Grand Prix,Mercedes,ANT,46,3,HARD,9,23.536,32.859,24.309,80.704
7,Barcelona Grand Prix,Mercedes,ANT,47,3,HARD,10,23.545,32.976,24.346,80.867
7,Barcelona Grand Prix,Mercedes,ANT,48,3,HARD,11,23.658,33.217,24.453,81.328
7,Barcelona Grand Prix,Mercedes,ANT,49,3,HARD,12,23.67,33.1,24.459,81.229
7,Barcelona Grand Prix,Mercedes,ANT,50,3,HARD,13,23.719,33.108,24.534,81.361
7,Barcelona Grand Prix,Mercedes,ANT,51,3,HARD,14,23.747,33.062,24.549,81.358
7,Barcelona Grand Prix,Mercedes,ANT,52,3,HARD,15,23.548,33.294,24.608,81.45
7,Barcelona Grand Prix,Mercedes,ANT,53,3,HARD,16,23.712,33.492,24.705,81.909
7,Barcelona Grand Prix,Mercedes,ANT,54,3,HARD,17,23.826,33.371,24.539,81.736
7,Barcelona Grand Prix,Mercedes,ANT,55,3,HARD,18,23.828,33.493,24.532,81.853
7,Barcelona Grand Prix,Mercedes,ANT,56,3,HARD,19,23.771,33.28,24.717,81.768
7,Barcelona Grand Prix,Mercedes,ANT,57,3,HARD,20,23.773,33.48,24.674,81.927
7,Barcelona Grand Prix,Mercedes,ANT,58,3,HARD,21,23.841,33.415,24.614,81.87
7,Barcelona Grand Prix,Mercedes,ANT,59,3,HARD,22,23.821,33.507,24.763,82.091
7,Barcelona Grand Prix,Mercedes,ANT,60,3,HARD,23,23.632,33.482,24.689,81.803
7,Barcelona Grand Prix,Mercedes,ANT,61,2,HARD,24,24.387,33.583,24.745,82.715
7,Barcelona Grand Prix,Mercedes,ANT,62,,HARD,25,,,,
7,Barcelona Grand Prix,Aston Martin,ALO,1,22,HARD,1,,34.708,26.209,97.171
7,Barcelona Grand Prix,Aston Martin,ALO,2,22,HARD,2,24.91,34.884,25.957,85.751
7,Barcelona Grand Prix,Aston Martin,ALO,3,22,HARD,3,25.051,35.007,26.196,86.254
7,Barcelona Grand Prix,Aston Martin,ALO,4,22,HARD,4,24.839,35.14,26.1,86.079
7,Barcelona Grand Prix,Aston Martin,ALO,5,21,HARD,5,24.99,35.262,26.476,86.728
7,Barcelona Grand Prix,Aston Martin,ALO,6,21,HARD,6,24.86,35.197,26.222,86.279
7,Barcelona Grand Prix,Aston Martin,ALO,7,21,HARD,7,25.112,34.96,26.261,86.333
7,Barcelona Grand Prix,Aston Martin,ALO,8,21,HARD,8,24.96,35.263,26.421,86.644
7,Barcelona Grand Prix,Aston Martin,ALO,9,21,HARD,9,25.088,35.762,26.629,87.479
7,Barcelona Grand Prix,Aston Martin,ALO,10,21,HARD,10,26.16,35.597,26.703,88.46
7,Barcelona Grand Prix,Aston Martin,ALO,11,21,HARD,11,25.068,35.602,26.807,87.477
7,Barcelona Grand Prix,Aston Martin,ALO,12,20,HARD,12,25.308,35.436,26.637,87.381
7,Barcelona Grand Prix,Aston Martin,ALO,13,19,HARD,13,25.228,35.695,26.697,87.62
7,Barcelona Grand Prix,Aston Martin,ALO,14,17,HARD,14,25.203,35.606,26.756,87.565
7,Barcelona Grand Prix,Aston Martin,ALO,15,16,HARD,15,25.378,35.38,26.543,87.301
7,Barcelona Grand Prix,Aston Martin,ALO,16,17,HARD,16,25.675,35.282,26.885,87.842
7,Barcelona Grand Prix,Aston Martin,ALO,17,17,HARD,17,24.947,35.295,26.639,86.881
7,Barcelona Grand Prix,Aston Martin,ALO,18,18,HARD,18,25.166,35.685,26.557,87.408
7,Barcelona Grand Prix,Aston Martin,ALO,19,18,HARD,19,25.669,35.497,26.735,87.901
7,Barcelona Grand Prix,Aston Martin,ALO,20,20,HARD,20,25.79,35.774,26.829,88.393
7,Barcelona Grand Prix,Aston Martin,ALO,21,20,HARD,21,25.754,36.713,31.362,93.829
7,Barcelona Grand Prix,Aston Martin,ALO,22,20,HARD,1,44.443,34.657,26.073,105.173
7,Barcelona Grand Prix,Aston Martin,ALO,23,20,HARD,2,24.966,34.5,25.971,85.437
7,Barcelona Grand Prix,Aston Martin,ALO,24,20,HARD,3,24.887,34.773,26.101,85.761
7,Barcelona Grand Prix,Aston Martin,ALO,25,20,HARD,4,25.186,34.754,26.018,85.958
7,Barcelona Grand Prix,Aston Martin,ALO,26,20,HARD,5,24.793,34.942,25.956,85.691
7,Barcelona Grand Prix,Aston Martin,ALO,27,20,HARD,6,24.744,34.654,25.968,85.366
7,Barcelona Grand Prix,Aston Martin,ALO,28,20,HARD,7,25.367,35.022,26.027,86.416
7,Barcelona Grand Prix,Aston Martin,ALO,29,20,HARD,8,24.813,34.909,26.081,85.803
7,Barcelona Grand Prix,Aston Martin,ALO,30,19,HARD,9,24.745,34.853,26.229,85.827
7,Barcelona Grand Prix,Aston Martin,ALO,31,19,HARD,10,24.802,34.932,26.054,85.788
7,Barcelona Grand Prix,Aston Martin,ALO,32,18,HARD,11,24.833,34.838,26.18,85.851
7,Barcelona Grand Prix,Aston Martin,ALO,33,18,HARD,12,24.946,34.923,26.076,85.945
7,Barcelona Grand Prix,Aston Martin,ALO,34,18,HARD,13,24.978,35.047,26.19,86.215
7,Barcelona Grand Prix,Aston Martin,ALO,35,17,HARD,14,24.969,35.035,26.941,86.945
7,Barcelona Grand Prix,Aston Martin,ALO,36,17,HARD,15,24.779,35.036,26.248,86.063
7,Barcelona Grand Prix,Aston Martin,ALO,37,17,HARD,16,24.999,35.029,26.231,86.259
7,Barcelona Grand Prix,Aston Martin,ALO,38,,HARD,17,,,,
7,Barcelona Grand Prix,Ferrari,LEC,1,7,MEDIUM,1,,34.359,25.298,89.361
7,Barcelona Grand Prix,Ferrari,LEC,2,7,MEDIUM,2,24.325,33.586,24.972,82.883
7,Barcelona Grand Prix,Ferrari,LEC,3,7,MEDIUM,3,24.033,33.426,25.191,82.65
7,Barcelona Grand Prix,Ferrari,LEC,4,7,MEDIUM,4,24.045,33.512,25.357,82.914
7,Barcelona Grand Prix,Ferrari,LEC,5,7,MEDIUM,5,24.19,33.664,25.209,83.063
7,Barcelona Grand Prix,Ferrari,LEC,6,7,MEDIUM,6,24.939,33.615,25.281,83.835
7,Barcelona Grand Prix,Ferrari,LEC,7,7,MEDIUM,7,24.086,33.681,25.335,83.102
7,Barcelona Grand Prix,Ferrari,LEC,8,6,MEDIUM,8,23.954,34.031,25.417,83.402
7,Barcelona Grand Prix,Ferrari,LEC,9,6,MEDIUM,9,24.364,33.791,25.406,83.561
7,Barcelona Grand Prix,Ferrari,LEC,10,6,MEDIUM,10,24.324,33.799,25.677,83.8
7,Barcelona Grand Prix,Ferrari,LEC,11,6,MEDIUM,11,24.404,34.092,25.682,84.178
7,Barcelona Grand Prix,Ferrari,LEC,12,4,MEDIUM,12,24.357,34.176,25.767,84.3
7,Barcelona Grand Prix,Ferrari,LEC,13,3,MEDIUM,13,24.335,33.56,25.615,83.51
7,Barcelona Grand Prix,Ferrari,LEC,14,2,MEDIUM,14,24.573,33.77,25.653,83.996
7,Barcelona Grand Prix,Ferrari,LEC,15,1,MEDIUM,15,24.641,33.831,25.567,84.039
7,Barcelona Grand Prix,Ferrari,LEC,16,2,MEDIUM,16,24.573,33.882,29.46,87.915
7,Barcelona Grand Prix,Ferrari,LEC,17,6,HARD,1,43.883,33.135,24.956,101.974
7,Barcelona Grand Prix,Ferrari,LEC,18,6,HARD,2,24.182,32.918,25.098,82.198
7,Barcelona Grand Prix,Ferrari,LEC,19,6,HARD,3,24.015,32.995,24.975,81.985
7,Barcelona Grand Prix,Ferrari,LEC,20,6,HARD,4,23.957,33.002,24.794,81.753
7,Barcelona Grand Prix,Ferrari,LEC,21,6,HARD,5,23.854,32.923,24.812,81.589
7,Barcelona Grand Prix,Ferrari,LEC,22,6,HARD,6,23.878,33.177,24.956,82.011
7,Barcelona Grand Prix,Ferrari,LEC,23,6,HARD,7,23.82,33.012,25.032,81.864
7,Barcelona Grand Prix,Ferrari,LEC,24,6,HARD,8,23.996,33.338,25.129,82.463
7,Barcelona Grand Prix,Ferrari,LEC,25,6,HARD,9,23.995,33.497,25.108,82.6
7,Barcelona Grand Prix,Ferrari,LEC,26,6,HARD,10,24.051,33.47,25.214,82.735
7,Barcelona Grand Prix,Ferrari,LEC,27,6,HARD,11,24.151,33.766,25.279,83.196
7,Barcelona Grand Prix,Ferrari,LEC,28,5,HARD,12,24.094,33.787,25.187,83.068
7,Barcelona Grand Prix,Ferrari,LEC,29,4,HARD,13,24.106,33.8,25.218,83.124
7,Barcelona Grand Prix,Ferrari,LEC,30,4,HARD,14,24.041,33.451,25.213,82.705
7,Barcelona Grand Prix,Ferrari,LEC,31,4,HARD,15,24.161,33.406,25.286,82.853
7,Barcelona Grand Prix,Ferrari,LEC,32,5,HARD,16,24.768,33.968,25.451,84.187
7,Barcelona Grand Prix,Ferrari,LEC,33,5,HARD,17,24.284,33.7,25.344,83.328
7,Barcelona Grand Prix,Ferrari,LEC,34,5,HARD,18,24.174,33.485,25.303,82.962
7,Barcelona Grand Prix,Ferrari,LEC,35,5,HARD,19,24.338,33.511,25.191,83.04
7,Barcelona Grand Prix,Ferrari,LEC,36,4,HARD,20,24.088,33.405,25.275,82.768
7,Barcelona Grand Prix,Ferrari,LEC,37,3,HARD,21,24.206,33.607,25.211,83.024
7,Barcelona Grand Prix,Ferrari,LEC,38,2,HARD,22,24.29,33.806,25.419,83.515
7,Barcelona Grand Prix,Ferrari,LEC,39,5,HARD,23,24.367,33.831,30.116,88.314
7,Barcelona Grand Prix,Ferrari,LEC,40,6,HARD,1,43.405,39.684,31.105,114.194
7,Barcelona Grand Prix,Ferrari,LEC,41,6,HARD,2,31.816,45.547,27.415,104.778
7,Barcelona Grand Prix,Ferrari,LEC,42,6,HARD,3,23.449,32.701,24.477,80.627
7,Barcelona Grand Prix,Ferrari,LEC,43,6,HARD,4,23.654,32.845,24.5,80.999
7,Barcelona Grand Prix,Ferrari,LEC,44,6,HARD,5,23.645,32.657,24.438,80.74
7,Barcelona Grand Prix,Ferrari,LEC,45,6,HARD,6,23.701,32.737,24.443,80.881
7,Barcelona Grand Prix,Ferrari,LEC,46,6,HARD,7,23.435,32.655,24.368,80.458
7,Barcelona Grand Prix,Ferrari,LEC,47,6,HARD,8,23.407,32.526,24.446,80.379
7,Barcelona Grand Prix,Ferrari,LEC,48,6,HARD,9,23.452,32.853,24.712,81.017
7,Barcelona Grand Prix,Ferrari,LEC,49,6,HARD,10,23.595,32.695,24.594,80.884
7,Barcelona Grand Prix,Ferrari,LEC,50,6,HARD,11,23.915,33.584,24.877,82.376
7,Barcelona Grand Prix,Ferrari,LEC,51,6,HARD,12,23.95,33.026,24.705,81.681
7,Barcelona Grand Prix,Ferrari,LEC,52,6,HARD,13,23.892,33.174,25.088,82.154
7,Barcelona Grand Prix,Ferrari,LEC,53,6,HARD,14,23.928,33.063,24.884,81.875
7,Barcelona Grand Prix,Ferrari,LEC,54,6,HARD,15,23.917,33.211,24.882,82.01
7,Barcelona Grand Prix,Ferrari,LEC,55,6,HARD,16,23.932,33.315,24.768,82.015
7,Barcelona Grand Prix,Ferrari,LEC,56,6,HARD,17,24.05,33.341,25.377,82.768
7,Barcelona Grand Prix,Ferrari,LEC,57,6,HARD,18,24.108,33.294,25.048,82.45
7,Barcelona Grand Prix,Ferrari,LEC,58,6,HARD,19,24.13,33.239,24.896,82.265
7,Barcelona Grand Prix,Ferrari,LEC,59,6,HARD,20,24.115,33.181,24.9,82.196
7,Barcelona Grand Prix,Ferrari,LEC,60,6,HARD,21,24.288,33.539,25.245,83.072
7,Barcelona Grand Prix,Ferrari,LEC,61,6,HARD,22,24.231,33.384,25.24,82.855
7,Barcelona Grand Prix,Ferrari,LEC,62,6,HARD,23,34.196,51.206,39.856,125.258
7,Barcelona Grand Prix,Aston Martin,STR,1,21,HARD,1,,36.479,26.683,96.077
7,Barcelona Grand Prix,Aston Martin,STR,2,21,HARD,2,24.744,35.528,26.029,86.301
7,Barcelona Grand Prix,Aston Martin,STR,3,21,HARD,3,24.632,35.081,26.191,85.904
7,Barcelona Grand Prix,Aston Martin,STR,4,21,HARD,4,24.87,35.228,26.332,86.43
7,Barcelona Grand Prix,Aston Martin,STR,5,22,HARD,5,24.98,35.13,34.235,94.345
7,Barcelona Grand Prix,Williams,ALB,1,18,MEDIUM,1,,36.691,26.408,94.507
7,Barcelona Grand Prix,Williams,ALB,2,18,MEDIUM,2,24.529,35.025,25.751,85.305
7,Barcelona Grand Prix,Williams,ALB,3,18,MEDIUM,3,24.339,35.066,25.919,85.324
7,Barcelona Grand Prix,Williams,ALB,4,18,MEDIUM,4,24.453,34.954,25.913,85.32
7,Barcelona Grand Prix,Williams,ALB,5,18,MEDIUM,5,24.781,34.884,26.042,85.707
7,Barcelona Grand Prix,Williams,ALB,6,18,MEDIUM,6,24.813,34.842,26.025,85.68
7,Barcelona Grand Prix,Williams,ALB,7,18,MEDIUM,7,24.855,34.979,26.274,86.108
7,Barcelona Grand Prix,Williams,ALB,8,18,MEDIUM,8,24.983,35.062,26.393,86.438
7,Barcelona Grand Prix,Williams,ALB,9,18,MEDIUM,9,24.941,35.279,26.368,86.588
7,Barcelona Grand Prix,Williams,ALB,10,18,MEDIUM,10,25.051,35.039,26.474,86.564
7,Barcelona Grand Prix,Williams,ALB,11,18,MEDIUM,11,25.03,35.181,26.266,86.477
7,Barcelona Grand Prix,Williams,ALB,12,17,MEDIUM,12,25.069,35.087,26.413,86.569
7,Barcelona Grand Prix,Williams,ALB,13,16,MEDIUM,13,25.222,35.223,29.928,90.373
7,Barcelona Grand Prix,Williams,ALB,14,20,HARD,1,46.356,34.145,25.679,106.18
7,Barcelona Grand Prix,Williams,ALB,15,19,HARD,2,24.72,34.155,25.607,84.482
7,Barcelona Grand Prix,Williams,ALB,16,18,HARD,3,24.899,34.287,25.787,84.973
7,Barcelona Grand Prix,Williams,ALB,17,19,HARD,4,25.073,34.812,25.653,85.538
7,Barcelona Grand Prix,Williams,ALB,18,19,HARD,5,24.613,34.569,25.787,84.969
7,Barcelona Grand Prix,Williams,ALB,19,17,HARD,6,24.68,34.664,25.678,85.022
7,Barcelona Grand Prix,Williams,ALB,20,17,HARD,7,24.823,34.753,25.867,85.443
7,Barcelona Grand Prix,Williams,ALB,21,17,HARD,8,24.742,34.59,25.885,85.217
7,Barcelona Grand Prix,Williams,ALB,22,17,HARD,9,24.786,34.64,25.875,85.301
7,Barcelona Grand Prix,Williams,ALB,23,18,HARD,10,25.264,34.842,25.803,85.909
7,Barcelona Grand Prix,Williams,ALB,24,18,HARD,11,25.42,36.064,26.34,87.824
7,Barcelona Grand Prix,Williams,ALB,25,18,HARD,12,25.901,36.235,25.883,88.019
7,Barcelona Grand Prix,Williams,ALB,26,18,HARD,13,24.706,34.766,25.741,85.213
7,Barcelona Grand Prix,Williams,ALB,27,18,HARD,14,24.769,34.856,25.842,85.467
7,Barcelona Grand Prix,Williams,ALB,28,18,HARD,15,25.287,36.39,26.52,88.197
7,Barcelona Grand Prix,Williams,ALB,29,18,HARD,16,24.839,36.143,29.562,90.544
7,Barcelona Grand Prix,Williams,ALB,30,18,HARD,1,43.903,35.774,25.594,105.271
7,Barcelona Grand Prix,Williams,ALB,31,18,HARD,2,24.57,34.259,25.514,84.343
7,Barcelona Grand Prix,Williams,ALB,32,17,HARD,3,24.51,34.002,25.291,83.803
7,Barcelona Grand Prix,Williams,ALB,33,17,HARD,4,24.418,34.383,25.578,84.379
7,Barcelona Grand Prix,Williams,ALB,34,17,HARD,5,24.629,34.069,29.04,87.738
7,Barcelona Grand Prix,Williams,ALB,35,19,SOFT,1,,34.65,25.581,
7,Barcelona Grand Prix,Williams,ALB,36,19,SOFT,2,24.141,33.71,25.3,83.151
7,Barcelona Grand Prix,Williams,ALB,37,19,SOFT,3,24.25,33.779,25.166,83.195
7,Barcelona Grand Prix,Williams,ALB,38,18,SOFT,4,24.346,33.727,25.121,83.194
7,Barcelona Grand Prix,Williams,ALB,39,18,SOFT,5,24.29,33.76,25.237,83.287
7,Barcelona Grand Prix,Williams,ALB,40,18,SOFT,6,24.42,33.828,25.325,83.573
7,Barcelona Grand Prix,Williams,ALB,41,18,SOFT,7,24.293,33.848,25.269,83.41
7,Barcelona Grand Prix,Williams,ALB,42,18,SOFT,8,24.567,33.8,25.235,83.602
7,Barcelona Grand Prix,Williams,ALB,43,18,SOFT,9,24.51,35.988,25.54,86.038
7,Barcelona Grand Prix,Williams,ALB,44,18,SOFT,10,24.476,33.843,25.371,83.69
7,Barcelona Grand Prix,Williams,ALB,45,18,SOFT,11,24.415,33.9,25.323,83.638
7,Barcelona Grand Prix,Williams,ALB,46,18,SOFT,12,24.515,35.469,25.534,85.518
7,Barcelona Grand Prix,Williams,ALB,47,18,SOFT,13,24.455,34.22,25.477,84.152
7,Barcelona Grand Prix,Williams,ALB,48,18,SOFT,14,24.449,33.851,25.55,83.85
7,Barcelona Grand Prix,Williams,ALB,49,18,SOFT,15,24.498,34.215,25.694,84.407
7,Barcelona Grand Prix,Williams,ALB,50,18,SOFT,16,24.651,34.293,29.218,88.162
7,Barcelona Grand Prix,Williams,ALB,51,18,SOFT,4,44.735,33.43,33.585,111.75
7,Barcelona Grand Prix,Williams,ALB,52,18,SOFT,5,31.056,42.772,33.567,107.395
7,Barcelona Grand Prix,Williams,ALB,53,18,SOFT,6,31.021,44.529,29.932,105.482
7,Barcelona Grand Prix,Williams,ALB,54,18,SOFT,7,23.861,33.043,24.84,81.744
7,Barcelona Grand Prix,Williams,ALB,55,18,SOFT,8,24.005,34.074,25.509,83.588
7,Barcelona Grand Prix,Audi,HUL,1,10,SOFT,1,,35.374,25.446,90.923
7,Barcelona Grand Prix,Audi,HUL,2,9,SOFT,2,24.259,34.123,25.065,83.447
7,Barcelona Grand Prix,Audi,HUL,3,9,SOFT,3,23.839,34.691,25.47,84.0
7,Barcelona Grand Prix,Audi,HUL,4,9,SOFT,4,24.067,34.27,25.469,83.806
7,Barcelona Grand Prix,Audi,HUL,5,9,SOFT,5,24.197,34.593,25.597,84.387
7,Barcelona Grand Prix,Audi,HUL,6,9,SOFT,6,24.067,35.207,25.962,85.236
7,Barcelona Grand Prix,Audi,HUL,7,9,SOFT,7,24.133,34.978,26.217,85.328
7,Barcelona Grand Prix,Audi,HUL,8,9,SOFT,8,24.694,34.673,25.739,85.106
7,Barcelona Grand Prix,Audi,HUL,9,9,SOFT,9,24.552,34.659,25.888,85.099
7,Barcelona Grand Prix,Audi,HUL,10,9,SOFT,10,24.759,34.675,26.017,85.451
7,Barcelona Grand Prix,Audi,HUL,11,8,SOFT,11,24.678,34.747,25.962,85.387
7,Barcelona Grand Prix,Audi,HUL,12,8,SOFT,12,24.818,34.859,26.068,85.745
7,Barcelona Grand Prix,Audi,HUL,13,9,SOFT,13,24.776,34.74,30.395,89.911
7,Barcelona Grand Prix,Audi,HUL,14,15,HARD,1,44.564,34.378,25.796,104.738
7,Barcelona Grand Prix,Audi,HUL,15,13,HARD,2,24.546,34.583,25.65,84.779
7,Barcelona Grand Prix,Audi,HUL,16,12,HARD,3,24.574,34.058,25.494,84.126
7,Barcelona Grand Prix,Audi,HUL,17,12,HARD,4,24.404,34.303,25.76,84.467
7,Barcelona Grand Prix,Audi,HUL,18,11,HARD,5,24.508,34.48,25.891,84.879
7,Barcelona Grand Prix,Audi,HUL,19,11,HARD,6,24.056,34.301,25.597,83.954
7,Barcelona Grand Prix,Audi,HUL,20,11,HARD,7,24.318,34.317,25.603,84.238
7,Barcelona Grand Prix,Audi,HUL,21,11,HARD,8,24.158,34.388,25.525,84.071
7,Barcelona Grand Prix,Audi,HUL,22,10,HARD,9,24.071,34.445,25.51,84.026
7,Barcelona Grand Prix,Audi,HUL,23,10,HARD,10,24.236,34.54,25.562,84.338
7,Barcelona Grand Prix,Audi,HUL,24,10,HARD,11,24.86,34.699,25.701,85.26
7,Barcelona Grand Prix,Audi,HUL,25,10,HARD,12,24.26,34.651,25.696,84.607
7,Barcelona Grand Prix,Audi,HUL,26,10,HARD,13,24.311,34.524,25.837,84.672
7,Barcelona Grand Prix,Audi,HUL,27,10,HARD,14,24.547,34.61,25.616,84.773
7,Barcelona Grand Prix,Audi,HUL,28,10,HARD,15,24.364,34.84,25.901,85.105
7,Barcelona Grand Prix,Audi,HUL,29,12,HARD,16,24.187,34.735,36.814,95.736
7,Barcelona Grand Prix,Red Bull Racing,VER,1,5,SOFT,4,,33.932,24.966,87.92
7,Barcelona Grand Prix,Red Bull Racing,VER,2,5,SOFT,5,23.69,33.833,25.105,82.628
7,Barcelona Grand Prix,Red Bull Racing,VER,3,5,SOFT,6,23.85,33.625,25.259,82.734
7,Barcelona Grand Prix,Red Bull Racing,VER,4,5,SOFT,7,23.988,33.679,25.331,82.998
7,Barcelona Grand Prix,Red Bull Racing,VER,5,5,SOFT,8,24.014,33.666,25.349,83.029
7,Barcelona Grand Prix,Red Bull Racing,VER,6,5,SOFT,9,24.045,33.861,25.507,83.413
7,Barcelona Grand Prix,Red Bull Racing,VER,7,5,SOFT,10,24.032,33.854,25.457,83.343
7,Barcelona Grand Prix,Red Bull Racing,VER,8,5,SOFT,11,24.149,34.009,25.505,83.663
7,Barcelona Grand Prix,Red Bull Racing,VER,9,5,SOFT,12,24.243,34.087,25.639,83.969
7,Barcelona Grand Prix,Red Bull Racing,VER,10,5,SOFT,13,24.228,34.084,26.001,84.313
7,Barcelona Grand Prix,Red Bull Racing,VER,11,5,SOFT,14,24.26,34.106,25.811,84.177
7,Barcelona Grand Prix,Red Bull Racing,VER,12,6,SOFT,15,24.277,34.254,29.963,88.494
7,Barcelona Grand Prix,Red Bull Racing,VER,13,8,MEDIUM,1,43.206,33.051,24.84,101.097
7,Barcelona Grand Prix,Red Bull Racing,VER,14,7,MEDIUM,2,23.601,33.295,25.008,81.904
7,Barcelona Grand Prix,Red Bull Racing,VER,15,6,MEDIUM,3,23.748,33.132,25.037,81.917
7,Barcelona Grand Prix,Red Bull Racing,VER,16,6,MEDIUM,4,23.764,33.367,25.067,82.198
7,Barcelona Grand Prix,Red Bull Racing,VER,17,5,MEDIUM,5,23.869,33.333,25.118,82.32
7,Barcelona Grand Prix,Red Bull Racing,VER,18,5,MEDIUM,6,23.823,33.513,25.151,82.487
7,Barcelona Grand Prix,Red Bull Racing,VER,19,5,MEDIUM,7,23.894,33.399,25.23,82.523
7,Barcelona Grand Prix,Red Bull Racing,VER,20,5,MEDIUM,8,24.024,33.538,25.308,82.87
7,Barcelona Grand Prix,Red Bull Racing,VER,21,5,MEDIUM,9,24.061,33.555,25.261,82.877
7,Barcelona Grand Prix,Red Bull Racing,VER,22,5,MEDIUM,10,23.982,33.641,25.198,82.821
7,Barcelona Grand Prix,Red Bull Racing,VER,23,5,MEDIUM,11,24.029,33.531,25.247,82.807
7,Barcelona Grand Prix,Red Bull Racing,VER,24,5,MEDIUM,12,24.019,33.608,25.184,82.811
7,Barcelona Grand Prix,Red Bull Racing,VER,25,5,MEDIUM,13,24.002,33.702,25.35,83.054
7,Barcelona Grand Prix,Red Bull Racing,VER,26,5,MEDIUM,14,24.0,33.633,25.579,83.212
7,Barcelona Grand Prix,Red Bull Racing,VER,27,5,MEDIUM,15,23.943,34.083,25.457,83.483
7,Barcelona Grand Prix,Red Bull Racing,VER,28,4,MEDIUM,16,24.091,33.818,25.4,83.309
7,Barcelona Grand Prix,Red Bull Racing,VER,29,5,MEDIUM,17,24.11,33.83,29.302,87.242
7,Barcelona Grand Prix,Red Bull Racing,VER,30,7,HARD,1,45.015,32.859,24.64,102.514
7,Barcelona Grand Prix,Red Bull Racing,VER,31,7,HARD,2,23.6,32.942,24.68,81.222
7,Barcelona Grand Prix,Red Bull Racing,VER,32,7,HARD,3,23.671,33.159,24.89,81.72
7,Barcelona Grand Prix,Red Bull Racing,VER,33,7,HARD,4,23.676,33.148,24.721,81.545
7,Barcelona Grand Prix,Red Bull Racing,VER,34,7,HARD,5,23.888,33.066,24.875,81.829
7,Barcelona Grand Prix,Red Bull Racing,VER,35,7,HARD,6,23.699,33.191,24.884,81.774
7,Barcelona Grand Prix,Red Bull Racing,VER,36,7,HARD,7,23.785,33.369,24.967,82.121
7,Barcelona Grand Prix,Red Bull Racing,VER,37,6,HARD,8,23.657,33.277,24.95,81.884
7,Barcelona Grand Prix,Red Bull Racing,VER,38,6,HARD,9,23.713,33.292,24.915,81.92
7,Barcelona Grand Prix,Red Bull Racing,VER,39,6,HARD,10,23.857,33.394,24.847,82.098
7,Barcelona Grand Prix,Red Bull Racing,VER,40,5,HARD,11,23.719,33.49,35.462,92.671
7,Barcelona Grand Prix,Red Bull Racing,VER,41,5,MEDIUM,1,48.009,44.353,28.418,120.78
7,Barcelona Grand Prix,Red Bull Racing,VER,42,5,MEDIUM,2,23.372,32.542,24.316,80.23
7,Barcelona Grand Prix,Red Bull Racing,VER,43,5,MEDIUM,3,23.464,32.645,24.425,80.534
7,Barcelona Grand Prix,Red Bull Racing,VER,44,5,MEDIUM,4,23.479,32.693,24.519,80.691
7,Barcelona Grand Prix,Red Bull Racing,VER,45,5,MEDIUM,5,23.392,32.784,24.605,80.781
7,Barcelona Grand Prix,Red Bull Racing,VER,46,5,MEDIUM,6,23.466,32.568,24.433,80.467
7,Barcelona Grand Prix,Red Bull Racing,VER,47,5,MEDIUM,7,23.363,32.733,24.754,80.85
7,Barcelona Grand Prix,Red Bull Racing,VER,48,5,MEDIUM,8,23.501,33.085,24.392,80.978
7,Barcelona Grand Prix,Red Bull Racing,VER,49,5,MEDIUM,9,23.428,32.938,24.738,81.104
7,Barcelona Grand Prix,Red Bull Racing,VER,50,5,MEDIUM,10,23.533,33.397,24.863,81.793
7,Barcelona Grand Prix,Red Bull Racing,VER,51,5,MEDIUM,11,23.51,33.075,24.699,81.284
7,Barcelona Grand Prix,Red Bull Racing,VER,52,5,MEDIUM,12,23.585,33.132,24.757,81.474
7,Barcelona Grand Prix,Red Bull Racing,VER,53,5,MEDIUM,13,23.606,33.062,24.584,81.252
7,Barcelona Grand Prix,Red Bull Racing,VER,54,5,MEDIUM,14,23.605,33.17,24.734,81.509
7,Barcelona Grand Prix,Red Bull Racing,VER,55,5,MEDIUM,15,23.65,33.116,24.785,81.551
7,Barcelona Grand Prix,Red Bull Racing,VER,56,5,MEDIUM,16,23.591,33.215,24.806,81.612
7,Barcelona Grand Prix,Red Bull Racing,VER,57,5,MEDIUM,17,23.734,33.089,24.682,81.505
7,Barcelona Grand Prix,Red Bull Racing,VER,58,5,MEDIUM,18,23.667,33.32,24.908,81.895
7,Barcelona Grand Prix,Red Bull Racing,VER,59,5,MEDIUM,19,23.826,33.202,25.041,82.069
7,Barcelona Grand Prix,Red Bull Racing,VER,60,5,MEDIUM,20,23.838,33.455,25.228,82.521
7,Barcelona Grand Prix,Red Bull Racing,VER,61,5,MEDIUM,21,23.927,33.323,25.261,82.511
7,Barcelona Grand Prix,Red Bull Racing,VER,62,4,MEDIUM,22,23.894,33.839,30.374,88.107
7,Barcelona Grand Prix,Red Bull Racing,VER,63,4,MEDIUM,23,32.905,42.923,33.754,109.582
7,Barcelona Grand Prix,Red Bull Racing,VER,64,4,MEDIUM,24,30.483,44.434,30.696,105.613
7,Barcelona Grand Prix,Red Bull Racing,VER,65,4,MEDIUM,25,24.346,33.755,25.373,83.474
7,Barcelona Grand Prix,Red Bull Racing,VER,66,4,MEDIUM,26,24.034,33.855,25.635,83.524
7,Barcelona Grand Prix,Racing Bulls,LAW,1,8,MEDIUM,1,,34.775,25.514,90.071
7,Barcelona Grand Prix,Racing Bulls,LAW,2,8,MEDIUM,2,24.27,34.221,25.294,83.785
7,Barcelona Grand Prix,Racing Bulls,LAW,3,8,MEDIUM,3,24.187,34.166,25.387,83.74
7,Barcelona Grand Prix,Racing Bulls,LAW,4,8,MEDIUM,4,24.24,34.073,25.555,83.868
7,Barcelona Grand Prix,Racing Bulls,LAW,5,8,MEDIUM,5,24.497,34.272,25.605,84.374
7,Barcelona Grand Prix,Racing Bulls,LAW,6,8,MEDIUM,6,24.555,34.793,25.855,85.203
7,Barcelona Grand Prix,Racing Bulls,LAW,7,8,MEDIUM,7,24.559,34.36,25.864,84.783
7,Barcelona Grand Prix,Racing Bulls,LAW,8,8,MEDIUM,8,24.699,34.748,25.862,85.309
7,Barcelona Grand Prix,Racing Bulls,LAW,9,8,MEDIUM,9,24.612,34.698,25.875,85.185
7,Barcelona Grand Prix,Racing Bulls,LAW,10,8,MEDIUM,10,24.666,34.52,26.103,85.289
7,Barcelona Grand Prix,Racing Bulls,LAW,11,10,MEDIUM,11,24.821,34.539,29.708,89.068
7,Barcelona Grand Prix,Racing Bulls,LAW,12,18,HARD,1,47.577,33.765,25.535,106.877
7,Barcelona Grand Prix,Racing Bulls,LAW,13,17,HARD,2,24.475,33.989,25.621,84.085
7,Barcelona Grand Prix,Racing Bulls,LAW,14,14,HARD,3,24.576,34.367,25.927,84.87
7,Barcelona Grand Prix,Racing Bulls,LAW,15,11,HARD,4,24.63,34.213,25.724,84.567
7,Barcelona Grand Prix,Racing Bulls,LAW,16,10,HARD,5,24.564,34.035,25.807,84.406
7,Barcelona Grand Prix,Racing Bulls,LAW,17,11,HARD,6,24.825,34.451,25.917,85.193
7,Barcelona Grand Prix,Racing Bulls,LAW,18,10,HARD,7,24.514,34.6,26.214,85.328
7,Barcelona Grand Prix,Racing Bulls,LAW,19,10,HARD,8,24.342,34.133,25.55,84.025
7,Barcelona Grand Prix,Racing Bulls,LAW,20,10,HARD,9,24.432,34.067,25.571,84.07
7,Barcelona Grand Prix,Racing Bulls,LAW,21,10,HARD,10,24.531,33.961,25.585,84.077
7,Barcelona Grand Prix,Racing Bulls,LAW,22,9,HARD,11,24.435,34.168,25.723,84.326
7,Barcelona Grand Prix,Racing Bulls,LAW,23,9,HARD,12,24.444,34.316,25.689,84.449
7,Barcelona Grand Prix,Racing Bulls,LAW,24,9,HARD,13,24.919,34.411,25.7,85.03
7,Barcelona Grand Prix,Racing Bulls,LAW,25,9,HARD,14,24.466,34.295,25.734,84.495
7,Barcelona Grand Prix,Racing Bulls,LAW,26,9,HARD,15,24.595,34.33,26.016,84.941
7,Barcelona Grand Prix,Racing Bulls,LAW,27,9,HARD,16,24.659,34.391,25.632,84.682
7,Barcelona Grand Prix,Racing Bulls,LAW,28,9,HARD,17,24.589,34.449,25.85,84.888
7,Barcelona Grand Prix,Racing Bulls,LAW,29,9,HARD,18,24.588,34.386,25.927,84.901
7,Barcelona Grand Prix,Racing Bulls,LAW,30,9,HARD,19,24.665,34.562,25.806,85.033
7,Barcelona Grand Prix,Racing Bulls,LAW,31,9,HARD,20,24.781,34.355,25.967,85.103
7,Barcelona Grand Prix,Racing Bulls,LAW,32,9,HARD,21,24.718,34.525,25.891,85.134
7,Barcelona Grand Prix,Racing Bulls,LAW,33,9,HARD,22,24.964,34.541,25.765,85.27
7,Barcelona Grand Prix,Racing Bulls,LAW,34,9,HARD,23,24.719,34.633,25.954,85.306
7,Barcelona Grand Prix,Racing Bulls,LAW,35,10,HARD,24,24.73,34.676,29.827,89.233
7,Barcelona Grand Prix,Racing Bulls,LAW,36,12,HARD,1,44.649,33.958,25.297,103.904
7,Barcelona Grand Prix,Racing Bulls,LAW,37,12,HARD,2,24.268,35.216,26.929,86.413
7,Barcelona Grand Prix,Racing Bulls,LAW,38,11,HARD,3,24.091,33.731,25.401,83.223
7,Barcelona Grand Prix,Racing Bulls,LAW,39,11,HARD,4,24.069,33.696,32.694,90.459
7,Barcelona Grand Prix,Racing Bulls,LAW,40,11,HARD,5,31.603,45.155,30.4,107.158
7,Barcelona Grand Prix,Racing Bulls,LAW,41,11,HARD,6,28.386,33.658,25.104,87.148
7,Barcelona Grand Prix,Racing Bulls,LAW,42,11,HARD,7,24.121,33.719,25.124,82.964
7,Barcelona Grand Prix,Racing Bulls,LAW,43,11,HARD,8,24.088,33.596,25.145,82.829
7,Barcelona Grand Prix,Racing Bulls,LAW,44,11,HARD,9,24.13,33.63,25.126,82.886
7,Barcelona Grand Prix,Racing Bulls,LAW,45,11,HARD,10,24.047,33.475,25.169,82.691
7,Barcelona Grand Prix,Racing Bulls,LAW,46,11,HARD,11,24.009,33.587,25.112,82.708
7,Barcelona Grand Prix,Racing Bulls,LAW,47,11,HARD,12,23.908,34.645,26.864,85.417
7,Barcelona Grand Prix,Racing Bulls,LAW,48,11,HARD,13,24.002,33.832,25.332,83.166
7,Barcelona Grand Prix,Racing Bulls,LAW,49,11,HARD,14,24.07,34.154,25.204,83.428
7,Barcelona Grand Prix,Racing Bulls,LAW,50,11,HARD,15,24.087,33.942,25.426,83.455
7,Barcelona Grand Prix,Racing Bulls,LAW,51,11,HARD,16,24.192,34.141,26.9,85.233
7,Barcelona Grand Prix,Racing Bulls,LAW,52,11,HARD,17,24.224,34.046,25.398,83.668
7,Barcelona Grand Prix,Racing Bulls,LAW,53,11,HARD,18,24.186,33.933,25.328,83.447
7,Barcelona Grand Prix,Racing Bulls,LAW,54,11,HARD,19,24.06,34.133,25.45,83.643
7,Barcelona Grand Prix,Racing Bulls,LAW,55,11,HARD,20,24.356,34.124,25.771,84.251
7,Barcelona Grand Prix,Racing Bulls,LAW,56,11,HARD,21,24.279,34.099,25.526,83.904
7,Barcelona Grand Prix,Racing Bulls,LAW,57,11,HARD,22,24.154,33.947,25.565,83.666
7,Barcelona Grand Prix,Racing Bulls,LAW,58,11,HARD,23,24.096,33.867,25.623,83.586
7,Barcelona Grand Prix,Racing Bulls,LAW,59,11,HARD,24,24.225,33.714,25.588,83.527
7,Barcelona Grand Prix,Racing Bulls,LAW,60,11,HARD,25,24.23,33.775,25.62,83.625
7,Barcelona Grand Prix,Racing Bulls,LAW,61,11,HARD,26,24.316,42.532,33.711,100.559
7,Barcelona Grand Prix,Racing Bulls,LAW,62,10,HARD,27,29.222,44.92,32.45,106.592
7,Barcelona Grand Prix,Racing Bulls,LAW,63,9,HARD,28,30.813,41.135,25.319,97.267
7,Barcelona Grand Prix,Racing Bulls,LAW,64,9,HARD,29,24.371,33.975,25.541,83.887
7,Barcelona Grand Prix,Racing Bulls,LAW,65,9,HARD,30,24.473,34.166,26.022,84.661
7,Barcelona Grand Prix,Haas F1 Team,OCO,1,16,SOFT,1,,35.826,26.023,93.891
7,Barcelona Grand Prix,Haas F1 Team,OCO,2,15,SOFT,2,24.352,34.278,25.824,84.454
7,Barcelona Grand Prix,Haas F1 Team,OCO,3,15,SOFT,3,24.356,34.705,25.923,84.984
7,Barcelona Grand Prix,Haas F1 Team,OCO,4,15,SOFT,4,24.528,34.383,25.954,84.865
7,Barcelona Grand Prix,Haas F1 Team,OCO,5,15,SOFT,5,24.622,34.615,25.916,85.153
7,Barcelona Grand Prix,Haas F1 Team,OCO,6,15,SOFT,6,24.721,34.785,26.129,85.635
7,Barcelona Grand Prix,Haas F1 Team,OCO,7,15,SOFT,7,24.823,34.805,26.226,85.854
7,Barcelona Grand Prix,Haas F1 Team,OCO,8,15,SOFT,8,24.814,34.773,26.188,85.775
7,Barcelona Grand Prix,Haas F1 Team,OCO,9,15,SOFT,9,25.013,34.946,26.38,86.339
7,Barcelona Grand Prix,Haas F1 Team,OCO,10,15,SOFT,10,25.098,35.104,26.459,86.661
7,Barcelona Grand Prix,Haas F1 Team,OCO,11,15,SOFT,11,24.956,35.011,26.677,86.644
7,Barcelona Grand Prix,Haas F1 Team,OCO,12,14,SOFT,12,24.905,35.127,26.741,86.773
7,Barcelona Grand Prix,Haas F1 Team,OCO,13,15,SOFT,13,25.004,35.261,30.783,91.048
7,Barcelona Grand Prix,Haas F1 Team,OCO,14,18,HARD,1,45.13,33.835,25.544,104.509
7,Barcelona Grand Prix,Haas F1 Team,OCO,15,18,HARD,2,24.51,34.004,25.617,84.131
7,Barcelona Grand Prix,Haas F1 Team,OCO,16,16,HARD,3,24.388,34.438,25.849,84.675
7,Barcelona Grand Prix,Haas F1 Team,OCO,17,16,HARD,4,24.393,34.201,25.625,84.219
7,Barcelona Grand Prix,Haas F1 Team,OCO,18,16,HARD,5,24.395,34.156,25.753,84.304
7,Barcelona Grand Prix,Haas F1 Team,OCO,19,15,HARD,6,24.501,34.341,25.666,84.508
7,Barcelona Grand Prix,Haas F1 Team,OCO,20,15,HARD,7,24.582,34.277,25.927,84.786
7,Barcelona Grand Prix,Haas F1 Team,OCO,21,15,HARD,8,24.498,34.246,26.021,84.765
7,Barcelona Grand Prix,Haas F1 Team,OCO,22,15,HARD,9,24.514,34.468,25.999,84.981
7,Barcelona Grand Prix,Haas F1 Team,OCO,23,14,HARD,10,24.503,34.571,26.051,85.125
7,Barcelona Grand Prix,Haas F1 Team,OCO,24,15,HARD,11,25.289,34.944,26.128,86.361
7,Barcelona Grand Prix,Haas F1 Team,OCO,25,15,HARD,12,24.569,34.589,26.174,85.332
7,Barcelona Grand Prix,Haas F1 Team,OCO,26,16,HARD,13,25.41,34.832,26.181,86.423
7,Barcelona Grand Prix,Haas F1 Team,OCO,27,16,HARD,14,24.752,35.447,26.475,86.674
7,Barcelona Grand Prix,Haas F1 Team,OCO,28,16,HARD,15,24.572,35.836,26.735,87.143
7,Barcelona Grand Prix,Haas F1 Team,OCO,29,16,HARD,16,25.287,35.14,26.249,86.676
7,Barcelona Grand Prix,Haas F1 Team,OCO,30,16,HARD,17,25.612,34.741,26.213,86.566
7,Barcelona Grand Prix,Haas F1 Team,OCO,31,15,HARD,18,24.644,35.439,26.728,86.811
7,Barcelona Grand Prix,Haas F1 Team,OCO,32,15,HARD,19,25.828,34.983,26.411,87.222
7,Barcelona Grand Prix,Haas F1 Team,OCO,33,15,HARD,20,24.806,34.813,26.273,85.892
7,Barcelona Grand Prix,Haas F1 Team,OCO,34,15,HARD,21,24.898,35.515,30.674,91.087
7,Barcelona Grand Prix,Haas F1 Team,OCO,35,16,MEDIUM,1,47.778,33.58,25.185,106.543
7,Barcelona Grand Prix,Haas F1 Team,OCO,36,16,MEDIUM,2,24.111,33.703,25.295,83.109
7,Barcelona Grand Prix,Haas F1 Team,OCO,37,16,MEDIUM,3,24.2,33.675,25.377,83.252
7,Barcelona Grand Prix,Haas F1 Team,OCO,38,16,MEDIUM,4,24.292,33.783,25.327,83.402
7,Barcelona Grand Prix,Haas F1 Team,OCO,39,16,MEDIUM,5,24.103,46.569,30.513,101.185
7,Barcelona Grand Prix,Haas F1 Team,OCO,40,16,MEDIUM,6,31.012,42.84,25.887,99.739
7,Barcelona Grand Prix,Haas F1 Team,OCO,41,16,MEDIUM,7,24.087,33.851,25.277,83.215
7,Barcelona Grand Prix,Haas F1 Team,OCO,42,16,MEDIUM,8,24.201,33.66,25.361,83.222
7,Barcelona Grand Prix,Haas F1 Team,OCO,43,16,MEDIUM,9,24.159,33.619,25.277,83.055
7,Barcelona Grand Prix,Haas F1 Team,OCO,44,16,MEDIUM,10,24.269,33.901,25.487,83.657
7,Barcelona Grand Prix,Haas F1 Team,OCO,45,16,MEDIUM,11,24.169,33.937,25.559,83.665
7,Barcelona Grand Prix,Haas F1 Team,OCO,46,16,MEDIUM,12,24.212,35.079,26.059,85.35
7,Barcelona Grand Prix,Haas F1 Team,OCO,47,16,MEDIUM,13,24.184,33.974,25.763,83.921
7,Barcelona Grand Prix,Haas F1 Team,OCO,48,16,MEDIUM,14,24.192,34.063,25.668,83.923
7,Barcelona Grand Prix,Haas F1 Team,OCO,49,16,MEDIUM,15,24.24,34.02,25.559,83.819
7,Barcelona Grand Prix,Haas F1 Team,OCO,50,16,MEDIUM,16,24.448,34.306,25.688,84.442
7,Barcelona Grand Prix,Haas F1 Team,OCO,51,16,MEDIUM,17,24.404,34.254,25.983,84.641
7,Barcelona Grand Prix,Haas F1 Team,OCO,52,16,MEDIUM,18,24.569,34.981,26.16,85.71
7,Barcelona Grand Prix,Haas F1 Team,OCO,53,16,MEDIUM,19,24.629,34.327,25.984,84.94
7,Barcelona Grand Prix,Haas F1 Team,OCO,54,15,MEDIUM,20,24.485,34.411,25.983,84.879
7,Barcelona Grand Prix,Haas F1 Team,OCO,55,15,MEDIUM,21,25.16,36.736,26.49,88.386
7,Barcelona Grand Prix,Haas F1 Team,OCO,56,15,MEDIUM,22,24.629,34.409,26.461,85.499
7,Barcelona Grand Prix,Haas F1 Team,OCO,57,16,MEDIUM,23,25.081,34.724,26.451,86.256
7,Barcelona Grand Prix,Haas F1 Team,OCO,58,16,MEDIUM,24,24.937,34.666,30.812,90.415
7,Barcelona Grand Prix,Haas F1 Team,OCO,59,16,SOFT,1,44.041,33.051,25.303,102.395
7,Barcelona Grand Prix,Haas F1 Team,OCO,60,16,SOFT,2,23.587,41.828,30.816,96.231
7,Barcelona Grand Prix,Haas F1 Team,OCO,61,15,SOFT,3,31.486,43.317,32.535,107.338
7,Barcelona Grand Prix,Haas F1 Team,OCO,62,14,SOFT,4,31.441,42.798,25.806,100.045
7,Barcelona Grand Prix,Haas F1 Team,OCO,63,13,SOFT,5,23.622,33.078,24.943,81.643
7,Barcelona Grand Prix,Haas F1 Team,OCO,64,13,SOFT,6,24.073,33.625,25.413,83.111
7,Barcelona Grand Prix,Racing Bulls,LIN,1,9,MEDIUM,1,,34.978,25.495,90.602
7,Barcelona Grand Prix,Racing Bulls,LIN,2,10,MEDIUM,2,24.182,35.108,25.327,84.617
7,Barcelona Grand Prix,Racing Bulls,LIN,3,10,MEDIUM,3,24.121,34.599,25.351,84.071
7,Barcelona Grand Prix,Racing Bulls,LIN,4,10,MEDIUM,4,24.271,34.283,25.751,84.305
7,Barcelona Grand Prix,Racing Bulls,LIN,5,10,MEDIUM,5,24.443,34.396,25.737,84.576
7,Barcelona Grand Prix,Racing Bulls,LIN,6,10,MEDIUM,6,24.69,34.736,25.988,85.414
7,Barcelona Grand Prix,Racing Bulls,LIN,7,10,MEDIUM,7,24.786,34.639,26.101,85.526
7,Barcelona Grand Prix,Racing Bulls,LIN,8,10,MEDIUM,8,24.586,34.733,26.149,85.468
7,Barcelona Grand Prix,Racing Bulls,LIN,9,10,MEDIUM,9,24.92,34.802,26.071,85.793
7,Barcelona Grand Prix,Racing Bulls,LIN,10,11,MEDIUM,10,24.704,35.556,26.453,86.713
7,Barcelona Grand Prix,Racing Bulls,LIN,11,11,MEDIUM,11,24.883,34.689,26.314,85.886
7,Barcelona Grand Prix,Racing Bulls,LIN,12,10,MEDIUM,12,24.934,34.599,26.282,85.815
7,Barcelona Grand Prix,Racing Bulls,LIN,13,10,MEDIUM,13,24.804,35.134,26.446,86.384
7,Barcelona Grand Prix,Racing Bulls,LIN,14,9,MEDIUM,14,24.852,34.626,26.208,85.686
7,Barcelona Grand Prix,Racing Bulls,LIN,15,9,MEDIUM,15,24.822,35.294,26.352,86.468
7,Barcelona Grand Prix,Racing Bulls,LIN,16,8,MEDIUM,16,24.805,34.632,26.308,85.745
7,Barcelona Grand Prix,Racing Bulls,LIN,17,8,MEDIUM,17,24.735,34.569,26.203,85.507
7,Barcelona Grand Prix,Racing Bulls,LIN,18,8,MEDIUM,18,24.768,34.548,26.196,85.512
7,Barcelona Grand Prix,Racing Bulls,LIN,19,8,MEDIUM,19,24.841,34.678,26.294,85.813
7,Barcelona Grand Prix,Racing Bulls,LIN,20,8,MEDIUM,20,24.852,34.704,26.56,86.116
7,Barcelona Grand Prix,Racing Bulls,LIN,21,9,MEDIUM,21,25.662,35.031,26.524,87.217
7,Barcelona Grand Prix,Racing Bulls,LIN,22,11,MEDIUM,22,24.943,34.933,30.232,90.108
7,Barcelona Grand Prix,Racing Bulls,LIN,23,16,HARD,1,44.823,33.895,25.629,104.347
7,Barcelona Grand Prix,Racing Bulls,LIN,24,16,HARD,2,24.242,33.766,25.434,83.442
7,Barcelona Grand Prix,Racing Bulls,LIN,25,16,HARD,3,24.145,34.66,26.07,84.875
7,Barcelona Grand Prix,Racing Bulls,LIN,26,15,HARD,4,24.244,33.882,25.46,83.586
7,Barcelona Grand Prix,Racing Bulls,LIN,27,15,HARD,5,24.211,33.851,25.645,83.707
7,Barcelona Grand Prix,Racing Bulls,LIN,28,15,HARD,6,24.062,34.289,26.14,84.491
7,Barcelona Grand Prix,Racing Bulls,LIN,29,15,HARD,7,24.634,35.098,28.641,88.373
7,Barcelona Grand Prix,Racing Bulls,LIN,30,13,HARD,8,24.196,34.253,26.074,84.523
7,Barcelona Grand Prix,Racing Bulls,LIN,31,12,HARD,9,24.186,34.374,25.787,84.347
7,Barcelona Grand Prix,Racing Bulls,LIN,32,12,HARD,10,25.671,34.546,25.741,85.958
7,Barcelona Grand Prix,Racing Bulls,LIN,33,12,HARD,11,24.614,34.004,25.646,84.264
7,Barcelona Grand Prix,Racing Bulls,LIN,34,12,HARD,12,25.94,34.173,25.722,85.835
7,Barcelona Grand Prix,Racing Bulls,LIN,35,11,HARD,13,24.465,34.023,25.767,84.255
7,Barcelona Grand Prix,Racing Bulls,LIN,36,10,HARD,14,24.326,33.864,25.649,83.839
7,Barcelona Grand Prix,Racing Bulls,LIN,37,10,HARD,15,24.354,33.801,29.179,87.334
7,Barcelona Grand Prix,Racing Bulls,LIN,38,14,HARD,1,45.498,33.346,25.189,104.033
7,Barcelona Grand Prix,Racing Bulls,LIN,39,14,HARD,2,23.94,39.374,31.133,94.447
7,Barcelona Grand Prix,Racing Bulls,LIN,40,13,HARD,3,31.84,44.46,29.258,105.558
7,Barcelona Grand Prix,Racing Bulls,LIN,41,13,HARD,4,24.829,34.884,25.285,84.998
7,Barcelona Grand Prix,Racing Bulls,LIN,42,13,HARD,5,24.023,33.506,25.156,82.685
7,Barcelona Grand Prix,Racing Bulls,LIN,43,13,HARD,6,23.925,35.086,25.119,84.13
7,Barcelona Grand Prix,Racing Bulls,LIN,44,13,HARD,7,23.804,33.649,25.212,82.665
7,Barcelona Grand Prix,Racing Bulls,LIN,45,12,HARD,8,23.618,33.251,25.045,81.914
7,Barcelona Grand Prix,Racing Bulls,LIN,46,12,HARD,9,23.8,33.384,25.115,82.299
7,Barcelona Grand Prix,Racing Bulls,LIN,47,12,HARD,10,23.907,33.487,25.134,82.528
7,Barcelona Grand Prix,Racing Bulls,LIN,48,12,HARD,11,23.872,33.416,25.153,82.441
7,Barcelona Grand Prix,Racing Bulls,LIN,49,12,HARD,12,23.948,33.745,25.31,83.003
7,Barcelona Grand Prix,Racing Bulls,LIN,50,12,HARD,13,24.13,33.653,25.285,83.068
7,Barcelona Grand Prix,Racing Bulls,LIN,51,12,HARD,14,24.039,33.705,25.368,83.112
7,Barcelona Grand Prix,Racing Bulls,LIN,52,12,HARD,15,24.059,33.581,25.329,82.969
7,Barcelona Grand Prix,Racing Bulls,LIN,53,12,HARD,16,24.046,33.591,25.304,82.941
7,Barcelona Grand Prix,Racing Bulls,LIN,54,12,HARD,17,24.132,33.66,25.381,83.173
7,Barcelona Grand Prix,Racing Bulls,LIN,55,12,HARD,18,24.124,33.916,25.882,83.922
7,Barcelona Grand Prix,Racing Bulls,LIN,56,12,HARD,19,24.518,33.851,25.492,83.861
7,Barcelona Grand Prix,Racing Bulls,LIN,57,12,HARD,20,24.198,33.734,25.683,83.615
7,Barcelona Grand Prix,Racing Bulls,LIN,58,12,HARD,21,24.212,33.696,25.647,83.555
7,Barcelona Grand Prix,Racing Bulls,LIN,59,12,HARD,22,24.283,33.738,25.666,83.687
7,Barcelona Grand Prix,Racing Bulls,LIN,60,12,HARD,23,24.289,33.97,25.654,83.913
7,Barcelona Grand Prix,Racing Bulls,LIN,61,12,HARD,24,24.318,42.986,32.828,100.132
7,Barcelona Grand Prix,Racing Bulls,LIN,62,11,HARD,25,31.523,43.761,32.288,107.572
7,Barcelona Grand Prix,Racing Bulls,LIN,63,10,HARD,26,31.477,39.825,25.716,97.018
7,Barcelona Grand Prix,Racing Bulls,LIN,64,10,HARD,27,24.204,33.711,25.458,83.373
7,Barcelona Grand Prix,Racing Bulls,LIN,65,10,HARD,28,24.145,33.589,25.315,83.049
7,Barcelona Grand Prix,Alpine,COL,1,11,SOFT,1,,35.379,25.673,91.45
7,Barcelona Grand Prix,Alpine,COL,2,11,SOFT,2,24.153,34.676,25.431,84.26
7,Barcelona Grand Prix,Alpine,COL,3,11,SOFT,3,24.239,34.539,25.582,84.36
7,Barcelona Grand Prix,Alpine,COL,4,11,SOFT,4,24.329,34.442,25.626,84.397
7,Barcelona Grand Prix,Alpine,COL,5,11,SOFT,5,24.455,34.675,25.779,84.909
7,Barcelona Grand Prix,Alpine,COL,6,11,SOFT,6,24.618,34.606,25.724,84.948
7,Barcelona Grand Prix,Alpine,COL,7,12,SOFT,7,24.697,35.548,26.194,86.439
7,Barcelona Grand Prix,Alpine,COL,8,12,SOFT,8,24.742,34.955,25.864,85.561
7,Barcelona Grand Prix,Alpine,COL,9,12,SOFT,9,24.832,35.15,26.202,86.184
7,Barcelona Grand Prix,Alpine,COL,10,12,SOFT,10,24.869,35.109,26.124,86.102
7,Barcelona Grand Prix,Alpine,COL,11,12,SOFT,11,24.714,34.937,26.059,85.71
7,Barcelona Grand Prix,Alpine,COL,12,12,SOFT,12,24.756,34.913,29.774,89.443
7,Barcelona Grand Prix,Alpine,COL,13,18,HARD,1,44.351,34.2,25.548,104.099
7,Barcelona Grand Prix,Alpine,COL,14,16,HARD,2,24.203,34.027,25.516,83.746
7,Barcelona Grand Prix,Alpine,COL,15,14,HARD,3,24.371,34.154,25.241,83.766
7,Barcelona Grand Prix,Alpine,COL,16,13,HARD,4,24.435,34.305,25.595,84.335
7,Barcelona Grand Prix,Alpine,COL,17,13,HARD,5,24.351,34.23,25.752,84.333
7,Barcelona Grand Prix,Alpine,COL,18,12,HARD,6,24.274,34.129,25.662,84.065
7,Barcelona Grand Prix,Alpine,COL,19,13,HARD,7,23.98,34.953,26.69,85.623
7,Barcelona Grand Prix,Alpine,COL,20,13,HARD,8,24.255,34.54,25.622,84.417
7,Barcelona Grand Prix,Alpine,COL,21,13,HARD,9,24.313,34.257,25.527,84.097
7,Barcelona Grand Prix,Alpine,COL,22,13,HARD,10,24.157,34.398,25.621,84.176
7,Barcelona Grand Prix,Alpine,COL,23,12,HARD,11,24.336,34.526,25.607,84.469
7,Barcelona Grand Prix,Alpine,COL,24,12,HARD,12,24.367,34.83,25.83,85.027
7,Barcelona Grand Prix,Alpine,COL,25,12,HARD,13,24.413,34.659,25.836,84.908
7,Barcelona Grand Prix,Alpine,COL,26,12,HARD,14,24.51,34.591,25.86,84.961
7,Barcelona Grand Prix,Alpine,COL,27,12,HARD,15,24.397,34.632,25.463,84.492
7,Barcelona Grand Prix,Alpine,COL,28,12,HARD,16,24.418,34.534,25.63,84.582
7,Barcelona Grand Prix,Alpine,COL,29,11,HARD,17,24.301,34.4,25.673,84.374
7,Barcelona Grand Prix,Alpine,COL,30,11,HARD,18,24.363,34.4,25.573,84.336
7,Barcelona Grand Prix,Alpine,COL,31,11,HARD,19,24.4,34.563,25.678,84.641
7,Barcelona Grand Prix,Alpine,COL,32,11,HARD,20,24.388,34.514,25.841,84.743
7,Barcelona Grand Prix,Alpine,COL,33,11,HARD,21,24.518,35.181,25.933,85.632
7,Barcelona Grand Prix,Alpine,COL,34,11,HARD,22,24.532,34.693,29.426,88.651
7,Barcelona Grand Prix,Alpine,COL,35,12,HARD,1,43.881,33.836,24.915,102.632
7,Barcelona Grand Prix,Alpine,COL,36,11,HARD,2,24.011,33.906,25.28,83.197
7,Barcelona Grand Prix,Alpine,COL,37,11,HARD,3,24.198,33.935,25.407,83.54
7,Barcelona Grand Prix,Alpine,COL,38,10,HARD,4,25.303,35.279,25.329,85.911
7,Barcelona Grand Prix,Alpine,COL,39,10,HARD,5,23.814,33.7,32.94,90.454
7,Barcelona Grand Prix,Alpine,COL,40,10,HARD,6,31.051,44.134,31.186,106.371
7,Barcelona Grand Prix,Alpine,COL,41,10,HARD,7,28.239,33.619,24.987,86.845
7,Barcelona Grand Prix,Alpine,COL,42,10,HARD,8,23.92,33.8,24.932,82.652
7,Barcelona Grand Prix,Alpine,COL,43,10,HARD,9,23.915,33.622,24.912,82.449
7,Barcelona Grand Prix,Alpine,COL,44,10,HARD,10,23.899,33.763,24.847,82.509
7,Barcelona Grand Prix,Alpine,COL,45,10,HARD,11,23.848,33.808,25.026,82.682
7,Barcelona Grand Prix,Alpine,COL,46,10,HARD,12,23.944,33.977,25.192,83.113
7,Barcelona Grand Prix,Alpine,COL,47,10,HARD,13,24.013,33.959,25.349,83.321
7,Barcelona Grand Prix,Alpine,COL,48,10,HARD,14,24.2,33.932,25.672,83.804
7,Barcelona Grand Prix,Alpine,COL,49,10,HARD,15,25.961,34.872,25.294,86.127
7,Barcelona Grand Prix,Alpine,COL,50,10,HARD,16,24.26,34.217,25.26,83.737
7,Barcelona Grand Prix,Alpine,COL,51,10,HARD,17,24.167,34.105,25.263,83.535
7,Barcelona Grand Prix,Alpine,COL,52,10,HARD,18,24.26,34.237,25.287,83.784
7,Barcelona Grand Prix,Alpine,COL,53,10,HARD,19,24.307,35.451,25.382,85.14
7,Barcelona Grand Prix,Alpine,COL,54,10,HARD,20,24.281,34.375,25.214,83.87
7,Barcelona Grand Prix,Alpine,COL,55,10,HARD,21,24.274,34.201,25.455,83.93
7,Barcelona Grand Prix,Alpine,COL,56,10,HARD,22,24.203,34.242,25.241,83.686
7,Barcelona Grand Prix,Alpine,COL,57,10,HARD,23,24.176,33.95,25.363,83.489
7,Barcelona Grand Prix,Alpine,COL,58,10,HARD,24,24.172,34.158,25.241,83.571
7,Barcelona Grand Prix,Alpine,COL,59,10,HARD,25,24.093,34.216,25.33,83.639
7,Barcelona Grand Prix,Alpine,COL,60,10,HARD,26,24.289,34.298,25.42,84.007
7,Barcelona Grand Prix,Alpine,COL,61,10,HARD,27,24.249,43.011,32.975,100.235
7,Barcelona Grand Prix,Alpine,COL,62,9,HARD,28,28.816,44.438,32.504,105.758
7,Barcelona Grand Prix,Alpine,COL,63,8,HARD,29,31.744,41.199,25.389,98.332
7,Barcelona Grand Prix,Alpine,COL,64,8,HARD,30,24.324,34.22,25.608,84.152
7,Barcelona Grand Prix,Alpine,COL,65,8,HARD,31,24.337,34.25,25.677,84.264
7,Barcelona Grand Prix,Ferrari,HAM,1,2,SOFT,3,,33.242,24.404,85.639
7,Barcelona Grand Prix,Ferrari,HAM,2,2,SOFT,4,24.069,33.165,24.476,81.71
7,Barcelona Grand Prix,Ferrari,HAM,3,2,SOFT,5,24.085,33.219,24.766,82.07
7,Barcelona Grand Prix,Ferrari,HAM,4,2,SOFT,6,24.102,33.501,24.976,82.579
7,Barcelona Grand Prix,Ferrari,HAM,5,2,SOFT,7,24.17,33.322,24.81,82.302
7,Barcelona Grand Prix,Ferrari,HAM,6,2,SOFT,8,24.289,33.476,25.125,82.89
7,Barcelona Grand Prix,Ferrari,HAM,7,2,SOFT,9,24.111,33.479,25.347,82.937
7,Barcelona Grand Prix,Ferrari,HAM,8,2,SOFT,10,24.072,33.88,25.399,83.351
7,Barcelona Grand Prix,Ferrari,HAM,9,2,SOFT,11,24.25,33.677,25.535,83.462
7,Barcelona Grand Prix,Ferrari,HAM,10,2,SOFT,12,24.267,33.672,25.637,83.576
7,Barcelona Grand Prix,Ferrari,HAM,11,4,SOFT,13,24.458,33.568,29.802,87.828
7,Barcelona Grand Prix,Ferrari,HAM,12,7,HARD,1,43.608,32.602,24.59,100.8
7,Barcelona Grand Prix,Ferrari,HAM,13,6,HARD,2,23.901,32.88,24.652,81.433
7,Barcelona Grand Prix,Ferrari,HAM,14,5,HARD,3,24.015,33.061,24.999,82.075
7,Barcelona Grand Prix,Ferrari,HAM,15,3,HARD,4,23.952,33.17,24.789,81.911
7,Barcelona Grand Prix,Ferrari,HAM,16,3,HARD,5,24.04,33.051,25.06,82.151
7,Barcelona Grand Prix,Ferrari,HAM,17,2,HARD,6,23.924,33.086,24.991,82.001
7,Barcelona Grand Prix,Ferrari,HAM,18,2,HARD,7,23.884,33.168,25.113,82.165
7,Barcelona Grand Prix,Ferrari,HAM,19,2,HARD,8,23.985,33.375,25.104,82.464
7,Barcelona Grand Prix,Ferrari,HAM,20,2,HARD,9,23.962,33.442,25.214,82.618
7,Barcelona Grand Prix,Ferrari,HAM,21,2,HARD,10,24.022,33.393,25.313,82.728
7,Barcelona Grand Prix,Ferrari,HAM,22,2,HARD,11,23.904,33.51,25.477,82.891
7,Barcelona Grand Prix,Ferrari,HAM,23,2,HARD,12,23.947,33.416,25.563,82.926
7,Barcelona Grand Prix,Ferrari,HAM,24,2,HARD,13,24.172,33.426,25.291,82.889
7,Barcelona Grand Prix,Ferrari,HAM,25,2,HARD,14,24.08,33.787,25.398,83.265
7,Barcelona Grand Prix,Ferrari,HAM,26,2,HARD,15,24.12,33.716,25.495,83.331
7,Barcelona Grand Prix,Ferrari,HAM,27,4,HARD,16,24.153,33.666,29.205,87.024
7,Barcelona Grand Prix,Ferrari,HAM,28,7,MEDIUM,1,43.068,32.294,24.495,99.857
7,Barcelona Grand Prix,Ferrari,HAM,29,6,MEDIUM,2,23.614,32.588,24.431,80.633
7,Barcelona Grand Prix,Ferrari,HAM,30,5,MEDIUM,3,23.83,32.63,24.45,80.91
7,Barcelona Grand Prix,Ferrari,HAM,31,5,MEDIUM,4,23.556,32.668,24.501,80.725
7,Barcelona Grand Prix,Ferrari,HAM,32,4,MEDIUM,5,23.452,32.668,24.735,80.855
7,Barcelona Grand Prix,Ferrari,HAM,33,4,MEDIUM,6,23.622,32.874,24.581,81.077
7,Barcelona Grand Prix,Ferrari,HAM,34,4,MEDIUM,7,23.611,32.639,24.704,80.954
7,Barcelona Grand Prix,Ferrari,HAM,35,3,MEDIUM,8,23.713,32.692,24.746,81.151
7,Barcelona Grand Prix,Ferrari,HAM,36,3,MEDIUM,9,23.677,32.882,24.668,81.227
7,Barcelona Grand Prix,Ferrari,HAM,37,2,MEDIUM,10,23.572,32.754,24.653,80.979
7,Barcelona Grand Prix,Ferrari,HAM,38,1,MEDIUM,11,23.767,32.79,24.803,81.36
7,Barcelona Grand Prix,Ferrari,HAM,39,1,MEDIUM,12,23.812,32.904,25.143,81.859
7,Barcelona Grand Prix,Ferrari,HAM,40,1,MEDIUM,13,23.808,33.034,24.837,81.679
7,Barcelona Grand Prix,Ferrari,HAM,41,1,MEDIUM,14,31.37,46.493,33.022,110.885
7,Barcelona Grand Prix,Ferrari,HAM,42,1,HARD,1,45.719,31.391,23.945,101.055
7,Barcelona Grand Prix,Ferrari,HAM,43,1,HARD,2,23.712,32.3,24.302,80.314
7,Barcelona Grand Prix,Ferrari,HAM,44,1,HARD,3,23.533,32.255,24.334,80.122
7,Barcelona Grand Prix,Ferrari,HAM,45,1,HARD,4,23.648,32.201,24.28,80.129
7,Barcelona Grand Prix,Ferrari,HAM,46,1,HARD,5,23.683,32.344,24.342,80.369
7,Barcelona Grand Prix,Ferrari,HAM,47,1,HARD,6,23.389,32.305,24.488,80.182
7,Barcelona Grand Prix,Ferrari,HAM,48,1,HARD,7,23.385,32.433,24.495,80.313
7,Barcelona Grand Prix,Ferrari,HAM,49,1,HARD,8,23.548,32.817,24.515,80.88
7,Barcelona Grand Prix,Ferrari,HAM,50,1,HARD,9,23.507,32.339,24.447,80.293
7,Barcelona Grand Prix,Ferrari,HAM,51,1,HARD,10,23.619,32.787,24.581,80.987
7,Barcelona Grand Prix,Ferrari,HAM,52,1,HARD,11,23.616,32.474,24.681,80.771
7,Barcelona Grand Prix,Ferrari,HAM,53,1,HARD,12,23.761,32.768,24.737,81.266
7,Barcelona Grand Prix,Ferrari,HAM,54,1,HARD,13,23.745,32.566,24.669,80.98
7,Barcelona Grand Prix,Ferrari,HAM,55,1,HARD,14,23.607,32.755,24.702,81.064
7,Barcelona Grand Prix,Ferrari,HAM,56,1,HARD,15,23.653,32.68,24.75,81.083
7,Barcelona Grand Prix,Ferrari,HAM,57,1,HARD,16,23.633,32.918,24.862,81.413
7,Barcelona Grand Prix,Ferrari,HAM,58,1,HARD,17,23.853,32.763,24.886,81.502
7,Barcelona Grand Prix,Ferrari,HAM,59,1,HARD,18,23.745,32.697,24.669,81.111
7,Barcelona Grand Prix,Ferrari,HAM,60,1,HARD,19,23.726,32.711,24.733,81.17
7,Barcelona Grand Prix,Ferrari,HAM,61,1,HARD,20,23.736,32.707,24.963,81.406
7,Barcelona Grand Prix,Ferrari,HAM,62,1,HARD,21,23.804,32.783,24.787,81.374
7,Barcelona Grand Prix,Ferrari,HAM,63,1,HARD,22,24.561,48.226,30.277,103.064
7,Barcelona Grand Prix,Ferrari,HAM,64,1,HARD,23,30.896,44.28,32.15,107.326
7,Barcelona Grand Prix,Ferrari,HAM,65,1,HARD,24,31.066,36.779,24.814,92.659
7,Barcelona Grand Prix,Ferrari,HAM,66,1,HARD,25,24.038,32.88,25.187,82.105
7,Barcelona Grand Prix,Audi,BOR,1,17,MEDIUM,1,,36.099,26.436,94.169
7,Barcelona Grand Prix,Audi,BOR,2,17,MEDIUM,2,24.62,34.713,25.689,85.022
7,Barcelona Grand Prix,Audi,BOR,3,17,MEDIUM,3,24.227,35.021,25.83,85.078
7,Barcelona Grand Prix,Audi,BOR,4,17,MEDIUM,4,24.314,34.841,25.958,85.113
7,Barcelona Grand Prix,Audi,BOR,5,17,MEDIUM,5,24.496,35.006,25.94,85.442
7,Barcelona Grand Prix,Audi,BOR,6,17,MEDIUM,6,24.556,34.96,26.032,85.548
7,Barcelona Grand Prix,Audi,BOR,7,17,MEDIUM,7,24.691,35.084,26.449,86.224
7,Barcelona Grand Prix,Audi,BOR,8,17,MEDIUM,8,24.766,35.257,26.324,86.347
7,Barcelona Grand Prix,Audi,BOR,9,17,MEDIUM,9,24.779,35.23,26.292,86.301
7,Barcelona Grand Prix,Audi,BOR,10,17,MEDIUM,10,24.757,35.253,26.416,86.426
7,Barcelona Grand Prix,Audi,BOR,11,17,MEDIUM,11,24.8,35.304,26.496,86.6
7,Barcelona Grand Prix,Audi,BOR,12,16,MEDIUM,12,24.831,35.313,26.648,86.792
7,Barcelona Grand Prix,Audi,BOR,13,14,MEDIUM,13,24.907,35.185,26.707,86.799
7,Barcelona Grand Prix,Audi,BOR,14,13,MEDIUM,14,24.873,35.05,26.603,86.526
7,Barcelona Grand Prix,Audi,BOR,15,12,MEDIUM,15,24.882,34.87,30.054,89.806
7,Barcelona Grand Prix,Audi,BOR,16,19,HARD,1,45.359,34.029,25.433,104.821
7,Barcelona Grand Prix,Audi,BOR,17,18,HARD,2,23.966,34.013,25.491,83.47
7,Barcelona Grand Prix,Audi,BOR,18,17,HARD,3,24.377,34.178,25.368,83.923
7,Barcelona Grand Prix,Audi,BOR,19,16,HARD,4,24.165,33.984,25.402,83.551
7,Barcelona Grand Prix,Audi,BOR,20,16,HARD,5,24.336,34.164,25.568,84.068
7,Barcelona Grand Prix,Audi,BOR,21,16,HARD,6,24.331,33.978,25.527,83.836
7,Barcelona Grand Prix,Audi,BOR,22,16,HARD,7,24.217,34.148,25.549,83.914
7,Barcelona Grand Prix,Audi,BOR,23,15,HARD,8,24.149,34.609,25.967,84.725
7,Barcelona Grand Prix,Audi,BOR,24,14,HARD,9,24.154,34.325,25.59,84.069
7,Barcelona Grand Prix,Audi,BOR,25,14,HARD,10,24.256,34.24,25.703,84.199
7,Barcelona Grand Prix,Audi,BOR,26,14,HARD,11,24.509,34.541,25.867,84.917
7,Barcelona Grand Prix,Audi,BOR,27,14,HARD,12,24.39,34.391,25.813,84.594
7,Barcelona Grand Prix,Audi,BOR,28,14,HARD,13,24.303,34.72,26.157,85.18
7,Barcelona Grand Prix,Audi,BOR,29,14,HARD,14,24.872,34.713,26.168,85.753
7,Barcelona Grand Prix,Audi,BOR,30,12,HARD,15,24.446,36.587,26.033,87.066
7,Barcelona Grand Prix,Audi,BOR,31,13,HARD,16,25.306,35.85,26.297,87.453
7,Barcelona Grand Prix,Audi,BOR,32,13,HARD,17,24.738,34.883,26.356,85.977
7,Barcelona Grand Prix,Audi,BOR,33,14,HARD,18,25.197,34.88,29.748,89.825
7,Barcelona Grand Prix,Audi,BOR,34,16,HARD,1,44.56,33.774,25.492,103.826
7,Barcelona Grand Prix,Audi,BOR,35,15,HARD,2,24.378,33.844,25.417,83.639
7,Barcelona Grand Prix,Audi,BOR,36,15,HARD,3,24.299,33.979,25.506,83.784
7,Barcelona Grand Prix,Audi,BOR,37,15,HARD,4,24.297,33.974,25.295,83.566
7,Barcelona Grand Prix,Audi,BOR,38,15,HARD,5,24.445,34.318,25.413,84.176
7,Barcelona Grand Prix,Audi,BOR,39,15,HARD,6,24.85,42.288,30.826,97.964
7,Barcelona Grand Prix,Audi,BOR,40,14,HARD,7,32.007,44.275,27.822,104.104
7,Barcelona Grand Prix,Audi,BOR,41,14,HARD,8,24.153,33.559,25.213,82.925
7,Barcelona Grand Prix,Audi,BOR,42,14,HARD,9,25.166,34.278,25.197,84.641
7,Barcelona Grand Prix,Audi,BOR,43,14,HARD,10,23.927,33.645,24.987,82.559
7,Barcelona Grand Prix,Audi,BOR,44,14,HARD,11,23.942,33.75,25.123,82.815
7,Barcelona Grand Prix,Audi,BOR,45,14,HARD,12,24.056,33.895,25.268,83.219
7,Barcelona Grand Prix,Audi,BOR,46,14,HARD,13,24.09,33.968,25.559,83.617
7,Barcelona Grand Prix,Audi,BOR,47,14,HARD,14,24.128,34.034,26.028,84.19
7,Barcelona Grand Prix,Audi,BOR,48,15,HARD,15,25.074,34.531,25.917,85.522
7,Barcelona Grand Prix,Audi,BOR,49,15,HARD,16,24.443,34.482,25.661,84.586
7,Barcelona Grand Prix,Audi,BOR,50,15,HARD,17,24.41,34.096,25.651,84.157
7,Barcelona Grand Prix,Audi,BOR,51,15,HARD,18,24.259,34.15,25.569,83.978
7,Barcelona Grand Prix,Audi,BOR,52,15,HARD,19,24.281,34.188,25.625,84.094
7,Barcelona Grand Prix,Audi,BOR,53,15,HARD,20,24.494,34.291,29.533,88.318
7,Barcelona Grand Prix,Audi,BOR,54,16,SOFT,1,47.56,32.993,24.886,105.439
7,Barcelona Grand Prix,Audi,BOR,55,16,SOFT,2,23.8,32.875,24.771,81.446
7,Barcelona Grand Prix,Audi,BOR,56,14,SOFT,3,24.178,33.431,25.172,82.781
7,Barcelona Grand Prix,Audi,BOR,57,14,SOFT,4,23.631,33.077,24.822,81.53
7,Barcelona Grand Prix,Audi,BOR,58,14,SOFT,5,23.919,33.429,24.843,82.191
7,Barcelona Grand Prix,Audi,BOR,59,14,SOFT,6,24.029,33.451,25.065,82.545
7,Barcelona Grand Prix,Audi,BOR,60,13,SOFT,7,24.006,33.411,25.612,83.029
7,Barcelona Grand Prix,Audi,BOR,61,13,SOFT,8,34.548,42.589,32.888,110.025
7,Barcelona Grand Prix,Audi,BOR,62,12,SOFT,9,32.831,41.771,32.907,107.509
7,Barcelona Grand Prix,Audi,BOR,63,11,SOFT,10,27.158,34.891,25.05,87.099
7,Barcelona Grand Prix,Audi,BOR,64,11,SOFT,11,23.835,33.312,24.837,81.984
7,Barcelona Grand Prix,Williams,SAI,1,13,SOFT,1,,35.981,25.792,92.484
7,Barcelona Grand Prix,Williams,SAI,2,13,SOFT,2,24.416,34.682,25.688,84.786
7,Barcelona Grand Prix,Williams,SAI,3,14,SOFT,3,24.575,35.08,25.664,85.319
7,Barcelona Grand Prix,Williams,SAI,4,14,SOFT,4,24.534,34.572,25.617,84.723
7,Barcelona Grand Prix,Williams,SAI,5,14,SOFT,5,24.655,34.639,25.705,84.999
7,Barcelona Grand Prix,Williams,SAI,6,14,SOFT,6,24.727,34.768,25.783,85.278
7,Barcelona Grand Prix,Williams,SAI,7,14,SOFT,7,24.782,34.74,26.046,85.568
7,Barcelona Grand Prix,Williams,SAI,8,14,SOFT,8,24.821,34.931,26.004,85.756
7,Barcelona Grand Prix,Williams,SAI,9,14,SOFT,9,24.984,35.038,26.094,86.116
7,Barcelona Grand Prix,Williams,SAI,10,14,SOFT,10,24.994,35.031,26.116,86.141
7,Barcelona Grand Prix,Williams,SAI,11,14,SOFT,11,24.943,35.15,26.303,86.396
7,Barcelona Grand Prix,Williams,SAI,12,13,SOFT,12,24.951,35.184,26.2,86.335
7,Barcelona Grand Prix,Williams,SAI,13,12,SOFT,13,25.017,35.097,26.166,86.28
7,Barcelona Grand Prix,Williams,SAI,14,11,SOFT,14,24.947,34.956,29.985,89.888
7,Barcelona Grand Prix,Williams,SAI,15,17,HARD,1,45.349,34.118,25.41,104.877
7,Barcelona Grand Prix,Williams,SAI,16,15,HARD,2,24.502,34.176,25.42,84.098
7,Barcelona Grand Prix,Williams,SAI,17,15,HARD,3,24.5,34.358,25.579,84.437
7,Barcelona Grand Prix,Williams,SAI,18,15,HARD,4,24.59,34.197,25.411,84.198
7,Barcelona Grand Prix,Williams,SAI,19,14,HARD,5,24.408,34.37,25.483,84.261
7,Barcelona Grand Prix,Williams,SAI,20,14,HARD,6,24.569,34.349,25.492,84.41
7,Barcelona Grand Prix,Williams,SAI,21,14,HARD,7,24.534,34.446,25.619,84.599
7,Barcelona Grand Prix,Williams,SAI,22,14,HARD,8,24.56,34.42,25.867,84.847
7,Barcelona Grand Prix,Williams,SAI,23,13,HARD,9,24.566,34.47,25.687,84.723
7,Barcelona Grand Prix,Williams,SAI,24,13,HARD,10,24.67,34.508,25.865,85.043
7,Barcelona Grand Prix,Williams,SAI,25,13,HARD,11,24.593,34.552,25.875,85.02
7,Barcelona Grand Prix,Williams,SAI,26,13,HARD,12,24.706,34.793,25.984,85.483
7,Barcelona Grand Prix,Williams,SAI,27,13,HARD,13,24.71,34.6,25.792,85.102
7,Barcelona Grand Prix,Williams,SAI,28,13,HARD,14,24.744,34.978,26.002,85.724
7,Barcelona Grand Prix,Williams,SAI,29,13,HARD,15,24.937,34.68,25.736,85.353
7,Barcelona Grand Prix,Williams,SAI,30,14,HARD,16,24.722,34.595,29.428,88.745
7,Barcelona Grand Prix,Williams,SAI,31,16,HARD,1,45.104,34.418,25.537,105.059
7,Barcelona Grand Prix,Williams,SAI,32,16,HARD,2,24.192,34.012,25.415,83.619
7,Barcelona Grand Prix,Williams,SAI,33,16,HARD,3,24.39,34.099,25.48,83.969
7,Barcelona Grand Prix,Williams,SAI,34,14,HARD,4,24.477,34.413,25.603,84.493
7,Barcelona Grand Prix,Williams,SAI,35,14,HARD,5,25.089,35.476,25.67,86.235
7,Barcelona Grand Prix,Williams,SAI,36,14,HARD,6,24.395,34.14,25.414,83.949
7,Barcelona Grand Prix,Williams,SAI,37,14,HARD,7,24.518,34.118,25.36,83.996
7,Barcelona Grand Prix,Williams,SAI,38,13,HARD,8,24.48,34.356,25.347,84.183
7,Barcelona Grand Prix,Williams,SAI,39,13,HARD,9,24.351,40.037,30.559,94.947
7,Barcelona Grand Prix,Williams,SAI,40,12,HARD,10,31.449,45.058,28.841,105.348
7,Barcelona Grand Prix,Williams,SAI,41,12,HARD,11,24.713,34.036,25.149,83.898
7,Barcelona Grand Prix,Williams,SAI,42,12,HARD,12,24.965,35.296,25.417,85.678
7,Barcelona Grand Prix,Williams,SAI,43,12,HARD,13,24.304,33.954,25.224,83.482
7,Barcelona Grand Prix,Williams,SAI,44,12,HARD,14,24.992,34.413,25.315,84.72
7,Barcelona Grand Prix,Williams,SAI,45,13,HARD,15,25.192,34.304,25.472,84.968
7,Barcelona Grand Prix,Williams,SAI,46,13,HARD,16,24.368,34.186,25.402,83.956
7,Barcelona Grand Prix,Williams,SAI,47,13,HARD,17,24.353,34.011,25.339,83.703
7,Barcelona Grand Prix,Williams,SAI,48,13,HARD,18,24.344,34.022,25.364,83.73
7,Barcelona Grand Prix,Williams,SAI,49,13,HARD,19,24.518,34.247,25.453,84.218
7,Barcelona Grand Prix,Williams,SAI,50,13,HARD,20,24.531,34.202,25.485,84.218
7,Barcelona Grand Prix,Williams,SAI,51,13,HARD,21,24.505,34.121,25.452,84.078
7,Barcelona Grand Prix,Williams,SAI,52,13,HARD,22,24.542,34.387,25.597,84.526
7,Barcelona Grand Prix,Williams,SAI,53,13,HARD,23,24.539,34.419,25.535,84.493
7,Barcelona Grand Prix,Williams,SAI,54,13,HARD,24,24.695,34.331,25.555,84.581
7,Barcelona Grand Prix,Williams,SAI,55,14,HARD,25,24.692,35.001,29.366,89.059
7,Barcelona Grand Prix,Williams,SAI,56,16,MEDIUM,1,44.488,33.671,25.635,103.794
7,Barcelona Grand Prix,Williams,SAI,57,15,MEDIUM,2,24.019,33.477,24.784,82.28
7,Barcelona Grand Prix,Williams,SAI,58,15,MEDIUM,3,23.733,33.514,24.814,82.061
7,Barcelona Grand Prix,Williams,SAI,59,15,MEDIUM,4,23.87,33.427,24.958,82.255
7,Barcelona Grand Prix,Williams,SAI,60,14,MEDIUM,5,25.029,33.632,28.909,87.57
7,Barcelona Grand Prix,Williams,SAI,61,14,MEDIUM,6,36.374,43.302,27.388,107.064
7,Barcelona Grand Prix,Williams,SAI,62,13,MEDIUM,7,33.083,41.327,33.185,107.595
7,Barcelona Grand Prix,Williams,SAI,63,12,MEDIUM,8,26.132,33.747,24.928,84.807
7,Barcelona Grand Prix,Williams,SAI,64,12,MEDIUM,9,23.953,33.622,24.875,82.45
7,Barcelona Grand Prix,Red Bull Racing,HAD,1,14,MEDIUM,1,,36.16,25.733,93.015
7,Barcelona Grand Prix,Red Bull Racing,HAD,2,14,MEDIUM,2,24.265,34.537,25.734,84.536
7,Barcelona Grand Prix,Red Bull Racing,HAD,3,13,MEDIUM,3,23.936,34.295,25.612,83.843
7,Barcelona Grand Prix,Red Bull Racing,HAD,4,13,MEDIUM,4,24.005,34.508,25.894,84.407
7,Barcelona Grand Prix,Red Bull Racing,HAD,5,13,MEDIUM,5,24.121,34.808,25.869,84.798
7,Barcelona Grand Prix,Red Bull Racing,HAD,6,12,MEDIUM,6,23.918,34.758,25.823,84.499
7,Barcelona Grand Prix,Red Bull Racing,HAD,7,11,MEDIUM,7,24.05,34.536,25.991,84.577
7,Barcelona Grand Prix,Red Bull Racing,HAD,8,11,MEDIUM,8,24.437,34.881,26.024,85.342
7,Barcelona Grand Prix,Red Bull Racing,HAD,9,11,MEDIUM,9,25.11,34.808,25.996,85.914
7,Barcelona Grand Prix,Red Bull Racing,HAD,10,10,MEDIUM,10,24.19,34.523,25.796,84.509
7,Barcelona Grand Prix,Red Bull Racing,HAD,11,9,MEDIUM,11,24.318,34.42,25.793,84.531
7,Barcelona Grand Prix,Red Bull Racing,HAD,12,9,MEDIUM,12,24.451,34.588,26.048,85.087
7,Barcelona Grand Prix,Red Bull Racing,HAD,13,7,MEDIUM,13,24.379,34.736,25.956,85.071
7,Barcelona Grand Prix,Red Bull Racing,HAD,14,8,MEDIUM,14,24.316,34.898,26.08,85.294
7,Barcelona Grand Prix,Red Bull Racing,HAD,15,7,MEDIUM,15,24.325,34.24,29.515,88.08
7,Barcelona Grand Prix,Red Bull Racing,HAD,16,11,HARD,1,43.5,33.318,25.419,102.237
7,Barcelona Grand Prix,Red Bull Racing,HAD,17,9,HARD,2,23.645,33.644,25.497,82.786
7,Barcelona Grand Prix,Red Bull Racing,HAD,18,9,HARD,3,23.621,33.245,24.969,81.835
7,Barcelona Grand Prix,Red Bull Racing,HAD,19,9,HARD,4,23.679,33.485,25.059,82.223
7,Barcelona Grand Prix,Red Bull Racing,HAD,20,9,HARD,5,23.838,33.796,25.944,83.578
7,Barcelona Grand Prix,Red Bull Racing,HAD,21,8,HARD,6,23.824,33.851,25.245,82.92
7,Barcelona Grand Prix,Red Bull Racing,HAD,22,8,HARD,7,23.84,33.636,25.302,82.778
7,Barcelona Grand Prix,Red Bull Racing,HAD,23,8,HARD,8,23.974,33.694,25.283,82.951
7,Barcelona Grand Prix,Red Bull Racing,HAD,24,8,HARD,9,23.972,33.597,25.425,82.994
7,Barcelona Grand Prix,Red Bull Racing,HAD,25,8,HARD,10,23.955,33.872,25.445,83.272
7,Barcelona Grand Prix,Red Bull Racing,HAD,26,8,HARD,11,23.845,33.803,25.611,83.259
7,Barcelona Grand Prix,Red Bull Racing,HAD,27,8,HARD,12,23.946,33.939,25.397,83.282
7,Barcelona Grand Prix,Red Bull Racing,HAD,28,8,HARD,13,24.008,34.047,25.648,83.703
7,Barcelona Grand Prix,Red Bull Racing,HAD,29,8,HARD,14,23.973,34.213,25.572,83.758
7,Barcelona Grand Prix,Red Bull Racing,HAD,30,8,HARD,15,24.219,34.203,25.756,84.178
7,Barcelona Grand Prix,Red Bull Racing,HAD,31,8,HARD,16,24.445,34.408,25.715,84.568
7,Barcelona Grand Prix,Red Bull Racing,HAD,32,8,HARD,17,24.264,34.096,29.365,87.725
7,Barcelona Grand Prix,Red Bull Racing,HAD,33,8,HARD,1,43.285,33.048,24.669,101.002
7,Barcelona Grand Prix,Red Bull Racing,HAD,34,8,HARD,2,23.545,32.79,24.805,81.14
7,Barcelona Grand Prix,Red Bull Racing,HAD,35,8,HARD,3,23.562,33.35,25.084,81.996
7,Barcelona Grand Prix,Red Bull Racing,HAD,36,8,HARD,4,23.741,33.246,25.242,82.229
7,Barcelona Grand Prix,Red Bull Racing,HAD,37,8,HARD,5,23.723,33.436,24.98,82.139
7,Barcelona Grand Prix,Red Bull Racing,HAD,38,8,HARD,6,23.682,33.316,25.101,82.099
7,Barcelona Grand Prix,Red Bull Racing,HAD,39,8,HARD,7,23.728,33.246,25.082,82.056
7,Barcelona Grand Prix,Red Bull Racing,HAD,40,8,HARD,8,24.583,46.174,32.299,103.056
7,Barcelona Grand Prix,Red Bull Racing,HAD,41,8,HARD,9,31.836,40.141,25.14,97.117
7,Barcelona Grand Prix,Red Bull Racing,HAD,42,8,HARD,10,23.844,33.561,25.18,82.585
7,Barcelona Grand Prix,Red Bull Racing,HAD,43,8,HARD,11,23.861,33.154,25.167,82.182
7,Barcelona Grand Prix,Red Bull Racing,HAD,44,8,HARD,12,23.766,33.324,25.226,82.316
7,Barcelona Grand Prix,Red Bull Racing,HAD,45,8,HARD,13,23.707,33.458,25.147,82.312
7,Barcelona Grand Prix,Red Bull Racing,HAD,46,8,HARD,14,23.669,33.389,25.368,82.426
7,Barcelona Grand Prix,Red Bull Racing,HAD,47,8,HARD,15,23.644,33.569,25.331,82.544
7,Barcelona Grand Prix,Red Bull Racing,HAD,48,8,HARD,16,23.693,33.18,25.129,82.002
7,Barcelona Grand Prix,Red Bull Racing,HAD,49,8,HARD,17,23.775,33.448,25.254,82.477
7,Barcelona Grand Prix,Red Bull Racing,HAD,50,8,HARD,18,23.78,33.385,25.189,82.354
7,Barcelona Grand Prix,Red Bull Racing,HAD,51,8,HARD,19,23.851,33.371,25.43,82.652
7,Barcelona Grand Prix,Red Bull Racing,HAD,52,8,HARD,20,23.861,33.77,25.433,83.064
7,Barcelona Grand Prix,Red Bull Racing,HAD,53,8,HARD,21,23.823,33.583,25.413,82.819
7,Barcelona Grand Prix,Red Bull Racing,HAD,54,8,HARD,22,23.766,33.695,25.511,82.972
7,Barcelona Grand Prix,Red Bull Racing,HAD,55,8,HARD,23,23.862,33.644,25.496,83.002
7,Barcelona Grand Prix,Red Bull Racing,HAD,56,8,HARD,24,24.098,34.074,25.89,84.062
7,Barcelona Grand Prix,Red Bull Racing,HAD,57,8,HARD,25,24.397,34.044,26.441,84.882
7,Barcelona Grand Prix,Red Bull Racing,HAD,58,8,HARD,26,24.097,33.931,29.75,87.778
7,Barcelona Grand Prix,Red Bull Racing,HAD,59,8,SOFT,4,42.952,32.617,24.76,100.329
7,Barcelona Grand Prix,Red Bull Racing,HAD,60,8,SOFT,5,23.269,32.23,24.651,80.15
7,Barcelona Grand Prix,Red Bull Racing,HAD,61,8,SOFT,6,23.517,33.02,28.114,84.651
7,Barcelona Grand Prix,Red Bull Racing,HAD,62,7,SOFT,7,36.318,41.172,30.839,108.329
7,Barcelona Grand Prix,Red Bull Racing,HAD,63,6,SOFT,8,31.99,42.53,33.308,107.828
7,Barcelona Grand Prix,Red Bull Racing,HAD,64,6,SOFT,9,25.745,32.961,24.812,83.518
7,Barcelona Grand Prix,Red Bull Racing,HAD,65,6,SOFT,10,23.4,32.814,24.9,81.114
7,Barcelona Grand Prix,Mercedes,RUS,1,1,MEDIUM,1,,32.363,24.388,84.418
7,Barcelona Grand Prix,Mercedes,RUS,2,1,MEDIUM,2,23.788,32.969,24.756,81.513
7,Barcelona Grand Prix,Mercedes,RUS,3,1,MEDIUM,3,23.801,32.908,24.77,81.479
7,Barcelona Grand Prix,Mercedes,RUS,4,1,MEDIUM,4,23.879,33.19,24.975,82.044
7,Barcelona Grand Prix,Mercedes,RUS,5,1,MEDIUM,5,24.023,33.412,24.992,82.427
7,Barcelona Grand Prix,Mercedes,RUS,6,1,MEDIUM,6,24.084,33.223,25.166,82.473
7,Barcelona Grand Prix,Mercedes,RUS,7,1,MEDIUM,7,24.012,33.402,25.273,82.687
7,Barcelona Grand Prix,Mercedes,RUS,8,1,MEDIUM,8,24.073,33.76,25.42,83.253
7,Barcelona Grand Prix,Mercedes,RUS,9,1,MEDIUM,9,24.249,33.59,25.359,83.198
7,Barcelona Grand Prix,Mercedes,RUS,10,1,MEDIUM,10,24.11,33.811,25.589,83.51
7,Barcelona Grand Prix,Mercedes,RUS,11,1,MEDIUM,11,24.28,33.826,25.595,83.701
7,Barcelona Grand Prix,Mercedes,RUS,12,1,MEDIUM,12,24.272,33.953,29.229,87.454
7,Barcelona Grand Prix,Mercedes,RUS,13,5,HARD,1,43.304,32.941,24.729,100.974
7,Barcelona Grand Prix,Mercedes,RUS,14,3,HARD,2,23.81,33.103,24.877,81.79
7,Barcelona Grand Prix,Mercedes,RUS,15,2,HARD,3,23.765,33.271,24.936,81.972
7,Barcelona Grand Prix,Mercedes,RUS,16,1,HARD,4,23.82,33.257,25.084,82.161
7,Barcelona Grand Prix,Mercedes,RUS,17,1,HARD,5,23.855,33.052,24.859,81.766
7,Barcelona Grand Prix,Mercedes,RUS,18,1,HARD,6,23.836,33.302,24.965,82.103
7,Barcelona Grand Prix,Mercedes,RUS,19,1,HARD,7,23.915,33.386,25.145,82.446
7,Barcelona Grand Prix,Mercedes,RUS,20,1,HARD,8,23.887,33.438,25.188,82.513
7,Barcelona Grand Prix,Mercedes,RUS,21,1,HARD,9,24.003,33.322,25.231,82.556
7,Barcelona Grand Prix,Mercedes,RUS,22,1,HARD,10,23.815,33.707,25.203,82.725
7,Barcelona Grand Prix,Mercedes,RUS,23,1,HARD,11,23.957,33.851,25.446,83.254
7,Barcelona Grand Prix,Mercedes,RUS,24,1,HARD,12,23.839,33.549,25.415,82.803
7,Barcelona Grand Prix,Mercedes,RUS,25,1,HARD,13,23.962,33.763,25.301,83.026
7,Barcelona Grand Prix,Mercedes,RUS,26,1,HARD,14,23.859,33.732,25.317,82.908
7,Barcelona Grand Prix,Mercedes,RUS,27,1,HARD,15,24.023,33.778,25.343,83.144
7,Barcelona Grand Prix,Mercedes,RUS,28,1,HARD,16,23.939,33.845,25.392,83.176
7,Barcelona Grand Prix,Mercedes,RUS,29,1,HARD,17,23.873,33.651,25.684,83.208
7,Barcelona Grand Prix,Mercedes,RUS,30,1,HARD,18,23.992,33.95,25.705,83.647
7,Barcelona Grand Prix,Mercedes,RUS,31,1,HARD,19,23.943,33.981,25.401,83.325
7,Barcelona Grand Prix,Mercedes,RUS,32,1,HARD,20,23.867,33.656,25.361,82.884
7,Barcelona Grand Prix,Mercedes,RUS,33,1,HARD,21,24.527,33.699,25.211,83.437
7,Barcelona Grand Prix,Mercedes,RUS,34,1,HARD,22,24.025,33.466,25.158,82.649
7,Barcelona Grand Prix,Mercedes,RUS,35,1,HARD,23,24.084,33.612,25.225,82.921
7,Barcelona Grand Prix,Mercedes,RUS,36,2,HARD,24,24.198,33.834,29.705,87.737
7,Barcelona Grand Prix,Mercedes,RUS,37,4,HARD,1,42.781,32.271,24.58,99.632
7,Barcelona Grand Prix,Mercedes,RUS,38,3,HARD,2,23.441,32.779,24.489,80.709
7,Barcelona Grand Prix,Mercedes,RUS,39,2,HARD,3,23.607,32.774,24.798,81.179
7,Barcelona Grand Prix,Mercedes,RUS,40,2,HARD,4,23.399,33.072,31.745,88.216
7,Barcelona Grand Prix,Mercedes,RUS,41,2,HARD,5,30.304,45.663,30.145,106.112
7,Barcelona Grand Prix,Mercedes,RUS,42,2,HARD,6,28.974,32.623,24.434,86.031
7,Barcelona Grand Prix,Mercedes,RUS,43,2,HARD,7,23.421,32.616,24.603,80.64
7,Barcelona Grand Prix,Mercedes,RUS,44,2,HARD,8,23.577,32.841,24.403,80.821
7,Barcelona Grand Prix,Mercedes,RUS,45,2,HARD,9,23.471,32.784,24.485,80.74
7,Barcelona Grand Prix,Mercedes,RUS,46,2,HARD,10,23.541,32.619,24.579,80.739
7,Barcelona Grand Prix,Mercedes,RUS,47,2,HARD,11,23.624,32.635,24.674,80.933
7,Barcelona Grand Prix,Mercedes,RUS,48,2,HARD,12,23.505,33.105,24.657,81.267
7,Barcelona Grand Prix,Mercedes,RUS,49,2,HARD,13,23.62,32.902,24.8,81.322
7,Barcelona Grand Prix,Mercedes,RUS,50,2,HARD,14,23.7,32.987,24.835,81.522
7,Barcelona Grand Prix,Mercedes,RUS,51,2,HARD,15,23.744,33.119,24.765,81.628
7,Barcelona Grand Prix,Mercedes,RUS,52,2,HARD,16,23.561,33.249,24.842,81.652
7,Barcelona Grand Prix,Mercedes,RUS,53,2,HARD,17,23.886,33.141,24.837,81.864
7,Barcelona Grand Prix,Mercedes,RUS,54,2,HARD,18,23.783,32.916,24.76,81.459
7,Barcelona Grand Prix,Mercedes,RUS,55,2,HARD,19,23.704,32.987,24.838,81.529
7,Barcelona Grand Prix,Mercedes,RUS,56,2,HARD,20,23.871,33.179,25.02,82.07
7,Barcelona Grand Prix,Mercedes,RUS,57,2,HARD,21,23.804,33.308,24.96,82.072
7,Barcelona Grand Prix,Mercedes,RUS,58,2,HARD,22,23.776,33.259,24.911,81.946
7,Barcelona Grand Prix,Mercedes,RUS,59,2,HARD,23,23.878,33.394,24.999,82.271
7,Barcelona Grand Prix,Mercedes,RUS,60,2,HARD,24,23.834,33.339,25.013,82.186
7,Barcelona Grand Prix,Mercedes,RUS,61,3,HARD,25,24.839,34.343,25.38,84.562
7,Barcelona Grand Prix,Mercedes,RUS,62,2,HARD,26,23.829,33.48,25.171,82.48
7,Barcelona Grand Prix,Mercedes,RUS,63,2,HARD,27,31.347,44.195,32.007,107.549
7,Barcelona Grand Prix,Mercedes,RUS,64,2,HARD,28,31.354,44.784,31.666,107.804
7,Barcelona Grand Prix,Mercedes,RUS,65,2,HARD,29,28.949,33.194,24.984,87.127
7,Barcelona Grand Prix,Mercedes,RUS,66,2,HARD,30,23.86,33.312,25.15,82.322
7,Barcelona Grand Prix,Cadillac,BOT,1,20,MEDIUM,1,,36.276,26.732,95.407
7,Barcelona Grand Prix,Cadillac,BOT,2,20,MEDIUM,2,24.794,35.238,26.006,86.038
7,Barcelona Grand Prix,Cadillac,BOT,3,20,MEDIUM,3,24.567,35.06,26.118,85.745
7,Barcelona Grand Prix,Cadillac,BOT,4,20,MEDIUM,4,24.921,35.071,26.262,86.254
7,Barcelona Grand Prix,Cadillac,BOT,5,20,MEDIUM,5,24.967,35.16,26.416,86.543
7,Barcelona Grand Prix,Cadillac,BOT,6,20,MEDIUM,6,25.062,35.125,26.473,86.66
7,Barcelona Grand Prix,Cadillac,BOT,7,20,MEDIUM,7,25.072,35.016,26.593,86.681
7,Barcelona Grand Prix,Cadillac,BOT,8,20,MEDIUM,8,25.239,35.352,26.579,87.17
7,Barcelona Grand Prix,Cadillac,BOT,9,20,MEDIUM,9,25.354,35.617,26.775,87.746
7,Barcelona Grand Prix,Cadillac,BOT,10,20,MEDIUM,10,25.928,35.426,26.614,87.968
7,Barcelona Grand Prix,Cadillac,BOT,11,20,MEDIUM,11,25.325,35.714,27.006,88.045
7,Barcelona Grand Prix,Cadillac,BOT,12,21,MEDIUM,12,26.184,36.237,27.011,89.432
7,Barcelona Grand Prix,Cadillac,BOT,13,20,MEDIUM,13,25.677,35.69,27.026,88.393
7,Barcelona Grand Prix,Cadillac,BOT,14,19,MEDIUM,14,25.308,35.592,31.308,92.208
7,Barcelona Grand Prix,Cadillac,BOT,15,21,HARD,1,45.616,37.714,37.45,120.78
7,Barcelona Grand Prix,McLaren,PIA,1,6,MEDIUM,1,,34.275,25.242,88.57
7,Barcelona Grand Prix,McLaren,PIA,2,6,MEDIUM,2,23.918,33.679,25.076,82.673
7,Barcelona Grand Prix,McLaren,PIA,3,6,MEDIUM,3,23.905,33.635,25.4,82.94
7,Barcelona Grand Prix,McLaren,PIA,4,6,MEDIUM,4,23.922,33.712,25.42,83.054
7,Barcelona Grand Prix,McLaren,PIA,5,6,MEDIUM,5,24.078,33.833,25.331,83.242
7,Barcelona Grand Prix,McLaren,PIA,6,6,MEDIUM,6,24.188,33.685,25.425,83.298
7,Barcelona Grand Prix,McLaren,PIA,7,6,MEDIUM,7,24.148,33.908,25.513,83.569
7,Barcelona Grand Prix,McLaren,PIA,8,7,MEDIUM,8,24.565,35.038,25.904,85.507
7,Barcelona Grand Prix,McLaren,PIA,9,7,MEDIUM,9,24.385,34.366,25.797,84.548
7,Barcelona Grand Prix,McLaren,PIA,10,7,MEDIUM,10,24.444,34.169,25.788,84.401
7,Barcelona Grand Prix,McLaren,PIA,11,7,MEDIUM,11,24.465,33.899,25.733,84.097
7,Barcelona Grand Prix,McLaren,PIA,12,5,MEDIUM,12,24.416,33.971,25.73,84.117
7,Barcelona Grand Prix,McLaren,PIA,13,4,MEDIUM,13,24.472,33.967,25.56,83.999
7,Barcelona Grand Prix,McLaren,PIA,14,4,MEDIUM,14,24.443,34.194,29.905,88.542
7,Barcelona Grand Prix,McLaren,PIA,15,8,HARD,1,43.865,33.637,25.239,102.741
7,Barcelona Grand Prix,McLaren,PIA,16,7,HARD,2,24.105,33.337,25.099,82.541
7,Barcelona Grand Prix,McLaren,PIA,17,7,HARD,3,23.989,33.288,24.952,82.229
7,Barcelona Grand Prix,McLaren,PIA,18,7,HARD,4,23.934,33.376,24.959,82.269
7,Barcelona Grand Prix,McLaren,PIA,19,7,HARD,5,23.925,33.265,25.072,82.262
7,Barcelona Grand Prix,McLaren,PIA,20,7,HARD,6,24.072,33.26,25.117,82.449
7,Barcelona Grand Prix,McLaren,PIA,21,7,HARD,7,24.116,33.499,25.243,82.858
7,Barcelona Grand Prix,McLaren,PIA,22,7,HARD,8,24.016,33.588,25.333,82.937
7,Barcelona Grand Prix,McLaren,PIA,23,7,HARD,9,23.995,33.556,25.347,82.898
7,Barcelona Grand Prix,McLaren,PIA,24,7,HARD,10,24.025,33.527,25.355,82.907
7,Barcelona Grand Prix,McLaren,PIA,25,7,HARD,11,24.236,33.588,25.214,83.038
7,Barcelona Grand Prix,McLaren,PIA,26,7,HARD,12,24.034,33.508,25.229,82.771
7,Barcelona Grand Prix,McLaren,PIA,27,7,HARD,13,24.153,33.501,25.197,82.851
7,Barcelona Grand Prix,McLaren,PIA,28,6,HARD,14,24.205,33.707,25.371,83.283
7,Barcelona Grand Prix,McLaren,PIA,29,7,HARD,15,24.114,34.051,25.509,83.674
7,Barcelona Grand Prix,McLaren,PIA,30,6,HARD,16,24.253,33.949,25.406,83.608
7,Barcelona Grand Prix,McLaren,PIA,31,6,HARD,17,24.279,33.939,25.127,83.345
7,Barcelona Grand Prix,McLaren,PIA,32,6,HARD,18,24.558,33.99,25.285,83.833
7,Barcelona Grand Prix,McLaren,PIA,33,6,HARD,19,24.209,33.676,25.115,83.0
7,Barcelona Grand Prix,McLaren,PIA,34,6,HARD,20,24.152,33.696,25.189,83.037
7,Barcelona Grand Prix,McLaren,PIA,35,6,HARD,21,24.267,33.953,25.224,83.444
7,Barcelona Grand Prix,McLaren,PIA,36,6,HARD,22,24.227,33.751,28.939,86.917
7,Barcelona Grand Prix,McLaren,PIA,37,7,HARD,1,44.36,33.272,24.735,102.367
7,Barcelona Grand Prix,McLaren,PIA,38,7,HARD,2,23.837,32.986,25.29,82.113
7,Barcelona Grand Prix,McLaren,PIA,39,7,HARD,3,24.348,33.052,24.673,82.073
7,Barcelona Grand Prix,McLaren,PIA,40,7,HARD,4,23.732,41.03,31.885,96.647
7,Barcelona Grand Prix,McLaren,PIA,41,7,HARD,5,31.765,45.548,25.649,102.962
7,Barcelona Grand Prix,McLaren,PIA,42,7,HARD,6,23.732,32.795,24.559,81.086
7,Barcelona Grand Prix,McLaren,PIA,43,7,HARD,7,23.764,32.704,24.506,80.974
7,Barcelona Grand Prix,McLaren,PIA,44,7,HARD,8,23.606,33.075,24.522,81.203
7,Barcelona Grand Prix,McLaren,PIA,45,7,HARD,9,23.636,32.813,24.49,80.939
7,Barcelona Grand Prix,McLaren,PIA,46,7,HARD,10,23.592,32.752,24.491,80.835
7,Barcelona Grand Prix,McLaren,PIA,47,7,HARD,11,23.616,32.883,24.495,80.994
7,Barcelona Grand Prix,McLaren,PIA,48,7,HARD,12,23.664,32.949,24.686,81.299
7,Barcelona Grand Prix,McLaren,PIA,49,7,HARD,13,23.621,32.879,24.647,81.147
7,Barcelona Grand Prix,McLaren,PIA,50,7,HARD,14,23.735,34.139,24.975,82.849
7,Barcelona Grand Prix,McLaren,PIA,51,7,HARD,15,23.804,33.187,24.913,81.904
7,Barcelona Grand Prix,McLaren,PIA,52,7,HARD,16,23.831,33.5,25.035,82.366
7,Barcelona Grand Prix,McLaren,PIA,53,7,HARD,17,23.903,33.292,24.847,82.042
7,Barcelona Grand Prix,McLaren,PIA,54,7,HARD,18,23.873,33.684,24.735,82.292
7,Barcelona Grand Prix,McLaren,PIA,55,7,HARD,19,23.954,33.613,24.802,82.369
7,Barcelona Grand Prix,McLaren,PIA,56,7,HARD,20,23.945,33.24,24.954,82.139
7,Barcelona Grand Prix,McLaren,PIA,57,7,HARD,21,24.085,33.236,24.848,82.169
7,Barcelona Grand Prix,McLaren,PIA,58,7,HARD,22,24.027,33.643,25.053,82.723
7,Barcelona Grand Prix,McLaren,PIA,59,7,HARD,23,24.134,33.807,25.287,83.228
7,Barcelona Grand Prix,McLaren,PIA,60,7,HARD,24,24.192,33.433,24.921,82.546
7,Barcelona Grand Prix,McLaren,PIA,61,7,HARD,25,24.094,33.449,25.128,82.671
7,Barcelona Grand Prix,McLaren,PIA,62,5,HARD,26,24.178,39.859,32.075,96.112
7,Barcelona Grand Prix,McLaren,PIA,63,5,HARD,27,30.786,44.237,32.989,108.012
7,Barcelona Grand Prix,McLaren,PIA,64,5,HARD,28,31.47,42.641,26.647,100.758
7,Barcelona Grand Prix,McLaren,PIA,65,5,HARD,29,24.38,33.771,25.181,83.332
7,Barcelona Grand Prix,McLaren,PIA,66,5,HARD,30,24.156,33.643,25.367,83.166
7,Barcelona Grand Prix,Haas F1 Team,BEA,1,15,MEDIUM,1,,35.925,26.558,93.669
7,Barcelona Grand Prix,Haas F1 Team,BEA,2,16,MEDIUM,2,24.92,34.413,25.851,85.184
7,Barcelona Grand Prix,Haas F1 Team,BEA,3,16,MEDIUM,3,24.339,34.701,25.901,84.941
7,Barcelona Grand Prix,Haas F1 Team,BEA,4,16,MEDIUM,4,24.47,34.548,26.068,85.086
7,Barcelona Grand Prix,Haas F1 Team,BEA,5,16,MEDIUM,5,24.544,34.806,25.865,85.215
7,Barcelona Grand Prix,Haas F1 Team,BEA,6,16,MEDIUM,6,24.611,34.883,26.098,85.592
7,Barcelona Grand Prix,Haas F1 Team,BEA,7,16,MEDIUM,7,24.594,35.049,26.458,86.101
7,Barcelona Grand Prix,Haas F1 Team,BEA,8,16,MEDIUM,8,24.698,35.061,26.368,86.127
7,Barcelona Grand Prix,Haas F1 Team,BEA,9,16,MEDIUM,9,24.899,35.14,26.282,86.321
7,Barcelona Grand Prix,Haas F1 Team,BEA,10,16,MEDIUM,10,24.987,35.09,26.428,86.505
7,Barcelona Grand Prix,Haas F1 Team,BEA,11,16,MEDIUM,11,24.953,35.027,26.674,86.654
7,Barcelona Grand Prix,Haas F1 Team,BEA,12,15,MEDIUM,12,24.951,35.114,26.542,86.607
7,Barcelona Grand Prix,Haas F1 Team,BEA,13,13,MEDIUM,13,25.018,35.15,26.585,86.753
7,Barcelona Grand Prix,Haas F1 Team,BEA,14,12,MEDIUM,14,24.82,34.781,26.332,85.933
7,Barcelona Grand Prix,Haas F1 Team,BEA,15,10,MEDIUM,15,24.786,34.505,26.253,85.544
7,Barcelona Grand Prix,Haas F1 Team,BEA,16,9,MEDIUM,16,25.025,34.99,26.47,86.485
7,Barcelona Grand Prix,Haas F1 Team,BEA,17,10,MEDIUM,17,24.916,34.826,26.965,86.707
7,Barcelona Grand Prix,Haas F1 Team,BEA,18,14,MEDIUM,18,25.053,35.041,31.106,91.2
7,Barcelona Grand Prix,Haas F1 Team,BEA,19,20,HARD,1,45.062,33.721,25.7,104.483
7,Barcelona Grand Prix,Haas F1 Team,BEA,20,18,HARD,2,24.912,34.662,25.63,85.204
7,Barcelona Grand Prix,Haas F1 Team,BEA,21,18,HARD,3,24.297,34.036,25.606,83.939
7,Barcelona Grand Prix,Haas F1 Team,BEA,22,18,HARD,4,24.342,34.191,25.752,84.285
7,Barcelona Grand Prix,Haas F1 Team,BEA,23,17,HARD,5,24.012,33.99,25.744,83.746
7,Barcelona Grand Prix,Haas F1 Team,BEA,24,17,HARD,6,24.357,34.135,25.56,84.052
7,Barcelona Grand Prix,Haas F1 Team,BEA,25,17,HARD,7,24.476,34.837,26.594,85.907
7,Barcelona Grand Prix,Haas F1 Team,BEA,26,17,HARD,8,24.349,35.116,27.364,86.829
7,Barcelona Grand Prix,Haas F1 Team,BEA,27,17,HARD,9,25.274,34.826,25.707,85.807
7,Barcelona Grand Prix,Haas F1 Team,BEA,28,17,HARD,10,24.327,34.011,25.823,84.161
7,Barcelona Grand Prix,Haas F1 Team,BEA,29,17,HARD,11,24.393,34.196,25.761,84.35
7,Barcelona Grand Prix,Haas F1 Team,BEA,30,15,HARD,12,24.244,33.914,25.631,83.789
7,Barcelona Grand Prix,Haas F1 Team,BEA,31,14,HARD,13,24.378,34.115,25.863,84.356
7,Barcelona Grand Prix,Haas F1 Team,BEA,32,14,HARD,14,24.429,34.509,26.307,85.245
7,Barcelona Grand Prix,Haas F1 Team,BEA,33,13,HARD,15,24.42,34.204,25.806,84.43
7,Barcelona Grand Prix,Haas F1 Team,BEA,34,13,HARD,16,24.398,33.921,25.936,84.255
7,Barcelona Grand Prix,Haas F1 Team,BEA,35,13,HARD,17,25.43,35.213,25.938,86.581
7,Barcelona Grand Prix,Haas F1 Team,BEA,36,13,HARD,18,24.809,34.474,26.619,85.902
7,Barcelona Grand Prix,Haas F1 Team,BEA,37,13,HARD,19,24.822,35.798,25.854,86.474
7,Barcelona Grand Prix,Haas F1 Team,BEA,38,12,HARD,20,25.644,35.032,25.705,86.381
7,Barcelona Grand Prix,Haas F1 Team,BEA,39,12,HARD,21,24.535,36.787,34.987,96.309
7,Barcelona Grand Prix,Haas F1 Team,BEA,40,15,SOFT,,49.008,45.447,26.93,121.385
7,Barcelona Grand Prix,Haas F1 Team,BEA,41,15,SOFT,,23.997,33.461,25.026,82.484
7,Barcelona Grand Prix,Haas F1 Team,BEA,42,15,SOFT,,24.062,33.338,25.257,82.657
7,Barcelona Grand Prix,Haas F1 Team,BEA,43,15,SOFT,,23.935,33.377,25.107,82.419
7,Barcelona Grand Prix,Haas F1 Team,BEA,44,15,SOFT,,24.0,33.563,25.27,82.833
7,Barcelona Grand Prix,Haas F1 Team,BEA,45,15,SOFT,,24.034,33.553,25.31,82.897
7,Barcelona Grand Prix,Haas F1 Team,BEA,46,15,SOFT,,24.04,33.795,25.406,83.241
7,Barcelona Grand Prix,Haas F1 Team,BEA,47,15,SOFT,,24.05,34.228,25.551,83.829
7,Barcelona Grand Prix,Haas F1 Team,BEA,48,14,SOFT,,24.293,34.209,25.69,84.192
7,Barcelona Grand Prix,Haas F1 Team,BEA,49,14,SOFT,,24.512,33.898,25.516,83.926
7,Barcelona Grand Prix,Haas F1 Team,BEA,50,14,SOFT,,24.474,33.981,25.739,84.194
7,Barcelona Grand Prix,Haas F1 Team,BEA,51,14,SOFT,,24.454,33.947,25.55,83.951
7,Barcelona Grand Prix,Haas F1 Team,BEA,52,14,SOFT,,24.544,33.975,25.61,84.129
7,Barcelona Grand Prix,Haas F1 Team,BEA,53,14,SOFT,,24.606,34.166,25.742,84.514
7,Barcelona Grand Prix,Haas F1 Team,BEA,54,14,SOFT,,24.561,34.18,25.824,84.565
7,Barcelona Grand Prix,Haas F1 Team,BEA,55,13,SOFT,,24.479,34.285,25.878,84.642
7,Barcelona Grand Prix,Haas F1 Team,BEA,56,13,SOFT,,26.538,35.203,25.997,87.738
7,Barcelona Grand Prix,Haas F1 Team,BEA,57,13,SOFT,,24.606,34.204,25.927,84.737
7,Barcelona Grand Prix,Haas F1 Team,BEA,58,13,SOFT,,24.556,34.091,25.732,84.379
7,Barcelona Grand Prix,Haas F1 Team,BEA,59,13,SOFT,,24.54,33.913,25.653,84.106
7,Barcelona Grand Prix,Haas F1 Team,BEA,60,15,SOFT,,24.547,34.049,44.925,103.521
8,Austrian Grand Prix,McLaren,NOR,1,7,MEDIUM,1,,34.025,23.01,78.505
8,Austrian Grand Prix,McLaren,NOR,2,7,MEDIUM,2,17.506,32.889,23.011,73.406
8,Austrian Grand Prix,McLaren,NOR,3,7,MEDIUM,3,17.426,33.028,22.561,73.015
8,Austrian Grand Prix,McLaren,NOR,4,7,MEDIUM,4,17.419,32.841,22.37,72.63
8,Austrian Grand Prix,McLaren,NOR,5,7,MEDIUM,5,17.338,32.593,22.508,72.439
8,Austrian Grand Prix,McLaren,NOR,6,7,MEDIUM,6,17.515,32.435,22.543,72.493
8,Austrian Grand Prix,McLaren,NOR,7,7,MEDIUM,7,17.552,32.673,23.234,73.459
8,Austrian Grand Prix,McLaren,NOR,8,7,MEDIUM,8,17.671,32.712,22.642,73.025
8,Austrian Grand Prix,McLaren,NOR,9,7,MEDIUM,9,17.558,32.642,22.813,73.013
8,Austrian Grand Prix,McLaren,NOR,10,7,MEDIUM,10,17.709,32.656,22.832,73.197
8,Austrian Grand Prix,McLaren,NOR,11,7,MEDIUM,11,17.759,32.595,22.981,73.335
8,Austrian Grand Prix,McLaren,NOR,12,7,MEDIUM,12,17.664,32.673,22.913,73.25
8,Austrian Grand Prix,McLaren,NOR,13,5,MEDIUM,13,17.75,32.838,23.003,73.591
8,Austrian Grand Prix,McLaren,NOR,14,5,MEDIUM,14,17.732,32.727,22.964,73.423
8,Austrian Grand Prix,McLaren,NOR,15,5,MEDIUM,15,17.68,32.838,22.901,73.419
8,Austrian Grand Prix,McLaren,NOR,16,5,MEDIUM,16,17.711,32.724,22.888,73.323
8,Austrian Grand Prix,McLaren,NOR,17,5,MEDIUM,17,17.722,32.594,22.841,73.157
8,Austrian Grand Prix,McLaren,NOR,18,5,MEDIUM,18,17.792,32.786,22.803,73.381
8,Austrian Grand Prix,McLaren,NOR,19,3,MEDIUM,19,17.879,33.596,22.855,74.33
8,Austrian Grand Prix,McLaren,NOR,20,2,MEDIUM,20,17.835,33.001,22.819,73.655
8,Austrian Grand Prix,McLaren,NOR,21,5,MEDIUM,21,17.954,32.931,27.469,78.354
8,Austrian Grand Prix,McLaren,NOR,22,8,HARD,1,34.292,33.236,22.477,90.005
8,Austrian Grand Prix,McLaren,NOR,23,8,HARD,2,17.602,32.287,22.259,72.148
8,Austrian Grand Prix,McLaren,NOR,24,8,HARD,3,17.524,32.23,28.709,78.463
8,Austrian Grand Prix,McLaren,NOR,25,8,HARD,4,23.668,41.017,32.31,96.995
8,Austrian Grand Prix,McLaren,NOR,26,8,HARD,5,20.212,42.528,22.232,84.972
8,Austrian Grand Prix,McLaren,NOR,27,8,HARD,6,17.518,32.193,22.062,71.773
8,Austrian Grand Prix,McLaren,NOR,28,8,HARD,7,17.479,32.001,22.088,71.568
8,Austrian Grand Prix,McLaren,NOR,29,8,HARD,8,17.379,32.231,22.233,71.843
8,Austrian Grand Prix,McLaren,NOR,30,8,HARD,9,17.473,32.285,22.039,71.797
8,Austrian Grand Prix,McLaren,NOR,31,8,HARD,10,17.507,31.988,22.171,71.666
8,Austrian Grand Prix,McLaren,NOR,32,8,HARD,11,17.428,32.128,22.037,71.593
8,Austrian Grand Prix,McLaren,NOR,33,8,HARD,12,17.477,32.059,22.006,71.542
8,Austrian Grand Prix,McLaren,NOR,34,8,HARD,13,17.439,32.411,22.066,71.916
8,Austrian Grand Prix,McLaren,NOR,35,8,HARD,14,17.348,32.124,22.075,71.547
8,Austrian Grand Prix,McLaren,NOR,36,8,HARD,15,17.435,32.261,22.128,71.824
8,Austrian Grand Prix,McLaren,NOR,37,8,HARD,16,17.458,32.611,22.276,72.345
8,Austrian Grand Prix,McLaren,NOR,38,7,HARD,17,17.381,32.192,22.215,71.788
8,Austrian Grand Prix,McLaren,NOR,39,7,HARD,18,17.454,32.54,22.235,72.229
8,Austrian Grand Prix,McLaren,NOR,40,6,HARD,19,17.461,32.325,22.292,72.078
8,Austrian Grand Prix,McLaren,NOR,41,6,HARD,20,17.479,32.446,22.209,72.134
8,Austrian Grand Prix,McLaren,NOR,42,6,HARD,21,17.382,32.187,22.177,71.746
8,Austrian Grand Prix,McLaren,NOR,43,4,HARD,22,17.507,32.457,22.23,72.194
8,Austrian Grand Prix,McLaren,NOR,44,4,HARD,23,17.372,32.541,22.44,72.353
8,Austrian Grand Prix,McLaren,NOR,45,4,HARD,24,17.448,32.404,22.422,72.274
8,Austrian Grand Prix,McLaren,NOR,46,4,HARD,25,17.561,32.591,22.313,72.465
8,Austrian Grand Prix,McLaren,NOR,47,4,HARD,26,17.463,32.548,26.79,76.801
8,Austrian Grand Prix,McLaren,NOR,48,8,HARD,1,34.472,32.378,21.79,88.64
8,Austrian Grand Prix,McLaren,NOR,49,8,HARD,2,17.212,31.847,21.935,70.994
8,Austrian Grand Prix,McLaren,NOR,50,8,HARD,3,17.235,31.649,21.981,70.865
8,Austrian Grand Prix,McLaren,NOR,51,8,HARD,4,17.33,32.096,21.744,71.17
8,Austrian Grand Prix,McLaren,NOR,52,8,HARD,5,17.38,37.324,28.144,82.848
8,Austrian Grand Prix,McLaren,NOR,53,8,HARD,6,17.286,31.641,21.732,70.659
8,Austrian Grand Prix,McLaren,NOR,54,8,HARD,7,17.362,31.805,21.816,70.983
8,Austrian Grand Prix,McLaren,NOR,55,8,HARD,8,17.328,31.55,21.774,70.652
8,Austrian Grand Prix,McLaren,NOR,56,8,HARD,9,17.314,31.74,21.853,70.907
8,Austrian Grand Prix,McLaren,NOR,57,8,HARD,10,17.23,31.846,21.903,70.979
8,Austrian Grand Prix,McLaren,NOR,58,8,HARD,11,17.248,31.993,22.224,71.465
8,Austrian Grand Prix,McLaren,NOR,59,7,HARD,12,17.312,32.329,21.943,71.584
8,Austrian Grand Prix,McLaren,NOR,60,7,HARD,13,17.308,31.984,21.924,71.216
8,Austrian Grand Prix,McLaren,NOR,61,7,HARD,14,17.385,31.818,22.002,71.205
8,Austrian Grand Prix,McLaren,NOR,62,7,HARD,15,17.368,32.022,22.196,71.586
8,Austrian Grand Prix,McLaren,NOR,63,7,HARD,16,17.298,32.006,22.081,71.385
8,Austrian Grand Prix,McLaren,NOR,64,7,HARD,17,17.34,31.904,22.074,71.318
8,Austrian Grand Prix,McLaren,NOR,65,7,HARD,18,17.259,31.996,22.154,71.409
8,Austrian Grand Prix,McLaren,NOR,66,7,HARD,19,17.287,32.157,22.053,71.497
8,Austrian Grand Prix,McLaren,NOR,67,7,HARD,20,17.415,32.955,22.12,72.49
8,Austrian Grand Prix,McLaren,NOR,68,7,HARD,21,17.357,32.217,22.365,71.939
8,Austrian Grand Prix,McLaren,NOR,69,7,HARD,22,17.31,32.303,22.208,71.821
8,Austrian Grand Prix,McLaren,NOR,70,7,HARD,23,17.779,32.604,22.291,72.674
8,Austrian Grand Prix,McLaren,NOR,71,7,HARD,24,17.573,32.799,22.367,72.739
8,Austrian Grand Prix,Alpine,GAS,1,13,MEDIUM,1,,34.497,23.172,80.728
8,Austrian Grand Prix,Alpine,GAS,2,13,MEDIUM,2,17.978,33.506,22.971,74.455
8,Austrian Grand Prix,Alpine,GAS,3,13,MEDIUM,3,17.556,33.245,22.912,73.713
8,Austrian Grand Prix,Alpine,GAS,4,13,MEDIUM,4,17.499,33.374,23.142,74.015
8,Austrian Grand Prix,Alpine,GAS,5,13,MEDIUM,5,17.65,33.322,23.051,74.023
8,Austrian Grand Prix,Alpine,GAS,6,13,MEDIUM,6,17.615,33.232,23.218,74.065
8,Austrian Grand Prix,Alpine,GAS,7,13,MEDIUM,7,17.855,33.382,23.468,74.705
8,Austrian Grand Prix,Alpine,GAS,8,13,MEDIUM,8,17.804,33.364,23.345,74.513
8,Austrian Grand Prix,Alpine,GAS,9,13,MEDIUM,9,17.659,33.712,23.493,74.864
8,Austrian Grand Prix,Alpine,GAS,10,13,MEDIUM,10,17.818,33.839,23.497,75.154
8,Austrian Grand Prix,Alpine,GAS,11,13,MEDIUM,11,17.67,34.249,23.669,75.588
8,Austrian Grand Prix,Alpine,GAS,12,13,MEDIUM,12,17.793,33.77,23.38,74.943
8,Austrian Grand Prix,Alpine,GAS,13,16,MEDIUM,13,17.879,33.723,27.704,79.306
8,Austrian Grand Prix,Alpine,GAS,14,20,HARD,1,34.852,32.869,22.748,90.469
8,Austrian Grand Prix,Alpine,GAS,15,19,HARD,2,17.674,32.528,22.781,72.983
8,Austrian Grand Prix,Alpine,GAS,16,18,HARD,3,17.478,32.757,23.114,73.349
8,Austrian Grand Prix,Alpine,GAS,17,17,HARD,4,17.934,32.543,22.767,73.244
8,Austrian Grand Prix,Alpine,GAS,18,17,HARD,5,17.741,32.577,22.722,73.04
8,Austrian Grand Prix,Alpine,GAS,19,15,HARD,6,17.639,32.697,22.596,72.932
8,Austrian Grand Prix,Alpine,GAS,20,14,HARD,7,17.651,32.554,22.711,72.916
8,Austrian Grand Prix,Alpine,GAS,21,14,HARD,8,17.627,32.539,22.606,72.772
8,Austrian Grand Prix,Alpine,GAS,22,13,HARD,9,17.615,32.635,22.735,72.985
8,Austrian Grand Prix,Alpine,GAS,23,12,HARD,10,17.536,33.273,23.081,73.89
8,Austrian Grand Prix,Alpine,GAS,24,12,HARD,11,17.883,35.274,30.357,83.514
8,Austrian Grand Prix,Alpine,GAS,25,12,HARD,12,21.814,43.764,30.913,96.491
8,Austrian Grand Prix,Alpine,GAS,26,12,HARD,13,22.507,37.224,22.82,82.551
8,Austrian Grand Prix,Alpine,GAS,27,12,HARD,14,17.648,32.772,22.641,73.061
8,Austrian Grand Prix,Alpine,GAS,28,12,HARD,15,17.686,32.568,22.669,72.923
8,Austrian Grand Prix,Alpine,GAS,29,12,HARD,16,17.703,32.541,22.85,73.094
8,Austrian Grand Prix,Alpine,GAS,30,12,HARD,17,17.61,32.824,22.712,73.146
8,Austrian Grand Prix,Alpine,GAS,31,12,HARD,18,17.732,32.738,22.686,73.156
8,Austrian Grand Prix,Alpine,GAS,32,12,HARD,19,17.679,32.779,22.726,73.184
8,Austrian Grand Prix,Alpine,GAS,33,12,HARD,20,17.658,32.95,22.856,73.464
8,Austrian Grand Prix,Alpine,GAS,34,12,HARD,21,17.7,33.087,22.804,73.591
8,Austrian Grand Prix,Alpine,GAS,35,12,HARD,22,17.825,33.133,22.791,73.749
8,Austrian Grand Prix,Alpine,GAS,36,12,HARD,23,17.833,33.193,22.901,73.927
8,Austrian Grand Prix,Alpine,GAS,37,12,HARD,24,17.865,33.078,23.004,73.947
8,Austrian Grand Prix,Alpine,GAS,38,13,HARD,25,17.831,33.162,27.058,78.051
8,Austrian Grand Prix,Alpine,GAS,39,14,MEDIUM,1,33.938,32.652,22.747,89.337
8,Austrian Grand Prix,Alpine,GAS,40,14,MEDIUM,2,17.611,32.318,22.33,72.259
8,Austrian Grand Prix,Alpine,GAS,41,14,MEDIUM,3,17.545,32.248,22.498,72.291
8,Austrian Grand Prix,Alpine,GAS,42,14,MEDIUM,4,17.443,32.375,22.765,72.583
8,Austrian Grand Prix,Alpine,GAS,43,13,MEDIUM,5,17.332,32.721,22.418,72.471
8,Austrian Grand Prix,Alpine,GAS,44,13,MEDIUM,6,17.575,32.394,22.402,72.371
8,Austrian Grand Prix,Alpine,GAS,45,13,MEDIUM,7,17.602,32.612,22.504,72.718
8,Austrian Grand Prix,Alpine,GAS,46,12,MEDIUM,8,17.427,32.519,22.42,72.366
8,Austrian Grand Prix,Alpine,GAS,47,12,MEDIUM,9,17.464,32.539,22.964,72.967
8,Austrian Grand Prix,Alpine,GAS,48,12,MEDIUM,10,18.11,32.722,22.429,73.261
8,Austrian Grand Prix,Alpine,GAS,49,12,MEDIUM,11,17.439,32.709,22.409,72.557
8,Austrian Grand Prix,Alpine,GAS,50,12,MEDIUM,12,17.421,32.756,22.509,72.686
8,Austrian Grand Prix,Alpine,GAS,51,12,MEDIUM,13,17.637,32.689,28.482,78.808
8,Austrian Grand Prix,Alpine,GAS,52,13,SOFT,1,34.094,34.661,22.401,91.156
8,Austrian Grand Prix,Alpine,GAS,53,13,SOFT,2,17.089,34.092,22.449,73.63
8,Austrian Grand Prix,Alpine,GAS,54,13,SOFT,3,17.196,32.076,22.194,71.466
8,Austrian Grand Prix,Alpine,GAS,55,13,SOFT,4,17.298,32.824,22.683,72.805
8,Austrian Grand Prix,Alpine,GAS,56,13,SOFT,5,17.305,32.536,22.212,72.053
8,Austrian Grand Prix,Alpine,GAS,57,13,SOFT,6,18.218,32.571,22.313,73.102
8,Austrian Grand Prix,Alpine,GAS,58,13,SOFT,7,17.172,32.908,23.682,73.762
8,Austrian Grand Prix,Alpine,GAS,59,13,SOFT,8,17.564,32.185,22.204,71.953
8,Austrian Grand Prix,Alpine,GAS,60,13,SOFT,9,17.481,32.097,22.003,71.581
8,Austrian Grand Prix,Alpine,GAS,61,13,SOFT,10,17.474,32.049,22.128,71.651
8,Austrian Grand Prix,Alpine,GAS,62,13,SOFT,11,17.357,32.172,22.096,71.625
8,Austrian Grand Prix,Alpine,GAS,63,13,SOFT,12,17.391,32.199,22.189,71.779
8,Austrian Grand Prix,Alpine,GAS,64,13,SOFT,13,17.35,33.213,22.438,73.001
8,Austrian Grand Prix,Alpine,GAS,65,13,SOFT,14,17.376,32.327,22.373,72.076
8,Austrian Grand Prix,Alpine,GAS,66,13,SOFT,15,17.414,32.477,22.332,72.223
8,Austrian Grand Prix,Alpine,GAS,67,13,SOFT,16,17.37,32.901,22.291,72.562
8,Austrian Grand Prix,Alpine,GAS,68,13,SOFT,17,17.31,32.381,22.295,71.986
8,Austrian Grand Prix,Alpine,GAS,69,13,SOFT,18,17.355,33.071,22.544,72.97
8,Austrian Grand Prix,Alpine,GAS,70,13,SOFT,19,17.5,32.742,22.431,72.673
8,Austrian Grand Prix,Cadillac,PER,1,18,MEDIUM,1,,35.102,23.618,82.791
8,Austrian Grand Prix,Cadillac,PER,2,18,MEDIUM,2,17.711,34.119,23.445,75.275
8,Austrian Grand Prix,Cadillac,PER,3,18,MEDIUM,3,17.579,33.468,23.401,74.448
8,Austrian Grand Prix,Cadillac,PER,4,21,MEDIUM,4,17.553,34.591,32.713,84.857
8,Austrian Grand Prix,Mercedes,ANT,1,4,MEDIUM,1,,33.513,22.318,76.931
8,Austrian Grand Prix,Mercedes,ANT,2,5,MEDIUM,2,17.866,33.687,22.663,74.216
8,Austrian Grand Prix,Mercedes,ANT,3,5,MEDIUM,3,17.354,32.791,22.423,72.568
8,Austrian Grand Prix,Mercedes,ANT,4,5,MEDIUM,4,17.393,32.509,22.212,72.114
8,Austrian Grand Prix,Mercedes,ANT,5,5,MEDIUM,5,17.236,32.605,22.327,72.168
8,Austrian Grand Prix,Mercedes,ANT,6,5,MEDIUM,6,17.212,32.76,22.313,72.285
8,Austrian Grand Prix,Mercedes,ANT,7,4,MEDIUM,7,17.404,32.702,22.501,72.607
8,Austrian Grand Prix,Mercedes,ANT,8,4,MEDIUM,8,17.248,32.688,22.227,72.163
8,Austrian Grand Prix,Mercedes,ANT,9,4,MEDIUM,9,17.476,32.478,22.314,72.268
8,Austrian Grand Prix,Mercedes,ANT,10,4,MEDIUM,10,17.501,32.532,22.553,72.586
8,Austrian Grand Prix,Mercedes,ANT,11,4,MEDIUM,11,17.636,32.893,22.618,73.147
8,Austrian Grand Prix,Mercedes,ANT,12,3,MEDIUM,12,17.527,32.923,22.771,73.221
8,Austrian Grand Prix,Mercedes,ANT,13,3,MEDIUM,13,17.705,32.575,22.502,72.782
8,Austrian Grand Prix,Mercedes,ANT,14,3,MEDIUM,14,17.59,32.56,22.546,72.696
8,Austrian Grand Prix,Mercedes,ANT,15,3,MEDIUM,15,17.536,32.839,22.618,72.993
8,Austrian Grand Prix,Mercedes,ANT,16,3,MEDIUM,16,17.618,32.685,22.58,72.883
8,Austrian Grand Prix,Mercedes,ANT,17,3,MEDIUM,17,17.491,32.552,22.431,72.474
8,Austrian Grand Prix,Mercedes,ANT,18,2,MEDIUM,18,17.761,32.5,22.555,72.816
8,Austrian Grand Prix,Mercedes,ANT,19,2,MEDIUM,19,17.547,32.511,22.418,72.476
8,Austrian Grand Prix,Mercedes,ANT,20,1,MEDIUM,20,17.629,33.429,22.361,73.419
8,Austrian Grand Prix,Mercedes,ANT,21,1,MEDIUM,21,17.627,32.728,22.449,72.804
8,Austrian Grand Prix,Mercedes,ANT,22,1,MEDIUM,22,17.674,33.883,22.395,73.952
8,Austrian Grand Prix,Mercedes,ANT,23,1,MEDIUM,23,17.615,33.02,22.501,73.136
8,Austrian Grand Prix,Mercedes,ANT,24,1,MEDIUM,24,17.581,33.054,27.599,78.234
8,Austrian Grand Prix,Mercedes,ANT,25,5,HARD,1,40.351,41.693,31.337,113.381
8,Austrian Grand Prix,Mercedes,ANT,26,4,HARD,2,22.55,43.266,24.265,90.081
8,Austrian Grand Prix,Mercedes,ANT,27,4,HARD,3,17.095,32.248,21.999,71.342
8,Austrian Grand Prix,Mercedes,ANT,28,4,HARD,4,17.22,32.12,22.055,71.395
8,Austrian Grand Prix,Mercedes,ANT,29,4,HARD,5,17.207,32.605,22.28,72.092
8,Austrian Grand Prix,Mercedes,ANT,30,3,HARD,6,17.182,32.008,22.107,71.297
8,Austrian Grand Prix,Mercedes,ANT,31,3,HARD,7,17.502,32.065,21.863,71.43
8,Austrian Grand Prix,Mercedes,ANT,32,3,HARD,8,17.388,32.03,21.812,71.23
8,Austrian Grand Prix,Mercedes,ANT,33,3,HARD,9,17.368,32.054,21.946,71.368
8,Austrian Grand Prix,Mercedes,ANT,34,3,HARD,10,17.368,32.159,21.829,71.356
8,Austrian Grand Prix,Mercedes,ANT,35,3,HARD,11,17.31,32.179,21.874,71.363
8,Austrian Grand Prix,Mercedes,ANT,36,3,HARD,12,17.288,32.164,21.808,71.26
8,Austrian Grand Prix,Mercedes,ANT,37,3,HARD,13,17.311,32.117,21.899,71.327
8,Austrian Grand Prix,Mercedes,ANT,38,3,HARD,14,17.398,32.245,21.952,71.595
8,Austrian Grand Prix,Mercedes,ANT,39,3,HARD,15,17.571,32.225,21.848,71.644
8,Austrian Grand Prix,Mercedes,ANT,40,3,HARD,16,17.389,33.183,22.027,72.599
8,Austrian Grand Prix,Mercedes,ANT,41,3,HARD,17,17.383,32.657,22.091,72.131
8,Austrian Grand Prix,Mercedes,ANT,42,3,HARD,18,17.378,32.234,21.895,71.507
8,Austrian Grand Prix,Mercedes,ANT,43,3,HARD,19,17.434,32.249,22.008,71.691
8,Austrian Grand Prix,Mercedes,ANT,44,2,HARD,20,17.436,32.306,21.981,71.723
8,Austrian Grand Prix,Mercedes,ANT,45,2,HARD,21,17.408,32.327,22.09,71.825
8,Austrian Grand Prix,Mercedes,ANT,46,2,HARD,22,17.431,32.282,22.035,71.748
8,Austrian Grand Prix,Mercedes,ANT,47,2,HARD,23,17.459,32.347,21.979,71.785
8,Austrian Grand Prix,Mercedes,ANT,48,2,HARD,24,17.454,32.345,21.947,71.746
8,Austrian Grand Prix,Mercedes,ANT,49,1,HARD,25,17.5,32.289,22.425,72.214
8,Austrian Grand Prix,Mercedes,ANT,50,1,HARD,26,17.423,32.526,22.172,72.121
8,Austrian Grand Prix,Mercedes,ANT,51,1,HARD,27,17.506,32.489,26.584,76.579
8,Austrian Grand Prix,Mercedes,ANT,52,3,HARD,1,34.036,32.141,29.93,96.107
8,Austrian Grand Prix,Mercedes,ANT,53,3,HARD,2,22.254,31.712,21.711,75.677
8,Austrian Grand Prix,Mercedes,ANT,54,3,HARD,3,17.124,31.578,21.722,70.424
8,Austrian Grand Prix,Mercedes,ANT,55,3,HARD,4,17.156,31.713,21.575,70.444
8,Austrian Grand Prix,Mercedes,ANT,56,3,HARD,5,17.178,31.593,21.659,70.43
8,Austrian Grand Prix,Mercedes,ANT,57,3,HARD,6,17.195,31.642,21.633,70.47
8,Austrian Grand Prix,Mercedes,ANT,58,3,HARD,7,17.153,31.826,21.653,70.632
8,Austrian Grand Prix,Mercedes,ANT,59,3,HARD,8,17.126,31.58,21.668,70.374
8,Austrian Grand Prix,Mercedes,ANT,60,3,HARD,9,17.237,31.569,21.585,70.391
8,Austrian Grand Prix,Mercedes,ANT,61,3,HARD,10,17.195,31.624,21.623,70.442
8,Austrian Grand Prix,Mercedes,ANT,62,3,HARD,11,17.173,31.941,21.778,70.892
8,Austrian Grand Prix,Mercedes,ANT,63,3,HARD,12,17.177,32.008,21.866,71.051
8,Austrian Grand Prix,Mercedes,ANT,64,3,HARD,13,17.25,31.925,21.72,70.895
8,Austrian Grand Prix,Mercedes,ANT,65,3,HARD,14,17.155,31.875,21.61,70.64
8,Austrian Grand Prix,Mercedes,ANT,66,3,HARD,15,17.179,31.833,21.72,70.732
8,Austrian Grand Prix,Mercedes,ANT,67,3,HARD,16,17.416,31.935,21.68,71.031
8,Austrian Grand Prix,Mercedes,ANT,68,3,HARD,17,17.142,31.804,21.603,70.549
8,Austrian Grand Prix,Mercedes,ANT,69,3,HARD,18,17.065,31.72,21.622,70.407
8,Austrian Grand Prix,Mercedes,ANT,70,3,HARD,19,17.063,31.891,21.721,70.675
8,Austrian Grand Prix,Mercedes,ANT,71,3,HARD,20,17.009,32.087,21.837,70.933
8,Austrian Grand Prix,Aston Martin,ALO,1,19,MEDIUM,1,,35.167,23.8,83.498
8,Austrian Grand Prix,Aston Martin,ALO,2,20,MEDIUM,2,18.442,34.013,23.493,75.948
8,Austrian Grand Prix,Aston Martin,ALO,3,20,MEDIUM,3,18.063,33.504,23.338,74.905
8,Austrian Grand Prix,Aston Martin,ALO,4,19,MEDIUM,4,18.142,33.702,23.585,75.429
8,Austrian Grand Prix,Aston Martin,ALO,5,19,MEDIUM,5,18.174,33.482,23.267,74.923
8,Austrian Grand Prix,Aston Martin,ALO,6,19,MEDIUM,6,18.238,33.488,23.292,75.018
8,Austrian Grand Prix,Aston Martin,ALO,7,19,MEDIUM,7,18.304,33.583,23.34,75.227
8,Austrian Grand Prix,Aston Martin,ALO,8,19,MEDIUM,8,18.241,33.638,23.378,75.257
8,Austrian Grand Prix,Aston Martin,ALO,9,19,MEDIUM,9,18.261,33.807,23.486,75.554
8,Austrian Grand Prix,Aston Martin,ALO,10,19,MEDIUM,10,18.246,33.912,23.598,75.756
8,Austrian Grand Prix,Aston Martin,ALO,11,19,MEDIUM,11,18.389,33.835,23.657,75.881
8,Austrian Grand Prix,Aston Martin,ALO,12,19,MEDIUM,12,18.319,33.878,23.526,75.723
8,Austrian Grand Prix,Aston Martin,ALO,13,19,MEDIUM,13,18.325,33.897,23.719,75.941
8,Austrian Grand Prix,Aston Martin,ALO,14,18,MEDIUM,14,18.328,33.926,23.692,75.946
8,Austrian Grand Prix,Aston Martin,ALO,15,17,MEDIUM,15,18.397,33.839,23.568,75.804
8,Austrian Grand Prix,Aston Martin,ALO,16,17,MEDIUM,16,18.354,33.84,23.595,75.789
8,Austrian Grand Prix,Aston Martin,ALO,17,18,MEDIUM,17,18.603,34.091,23.644,76.338
8,Austrian Grand Prix,Aston Martin,ALO,18,18,MEDIUM,18,18.283,33.922,23.51,75.715
8,Austrian Grand Prix,Aston Martin,ALO,19,16,MEDIUM,19,18.304,34.02,23.551,75.875
8,Austrian Grand Prix,Aston Martin,ALO,20,17,MEDIUM,20,18.367,34.388,23.43,76.185
8,Austrian Grand Prix,Aston Martin,ALO,21,16,MEDIUM,21,18.07,34.105,23.643,75.818
8,Austrian Grand Prix,Aston Martin,ALO,22,17,MEDIUM,22,18.39,34.507,23.797,76.694
8,Austrian Grand Prix,Aston Martin,ALO,23,19,MEDIUM,23,18.585,34.302,24.551,77.438
8,Austrian Grand Prix,Aston Martin,ALO,24,18,MEDIUM,24,18.486,44.217,29.833,92.536
8,Austrian Grand Prix,Aston Martin,ALO,25,18,SOFT,1,38.129,43.928,27.315,109.372
8,Austrian Grand Prix,Aston Martin,ALO,26,18,SOFT,2,18.259,33.331,23.354,74.944
8,Austrian Grand Prix,Aston Martin,ALO,27,18,SOFT,3,18.044,33.501,23.231,74.776
8,Austrian Grand Prix,Aston Martin,ALO,28,18,SOFT,4,18.949,33.275,23.367,75.591
8,Austrian Grand Prix,Aston Martin,ALO,29,18,SOFT,5,18.517,33.897,23.196,75.61
8,Austrian Grand Prix,Aston Martin,ALO,30,18,SOFT,6,17.734,33.408,22.855,73.997
8,Austrian Grand Prix,Aston Martin,ALO,31,18,SOFT,7,18.043,34.029,23.056,75.128
8,Austrian Grand Prix,Aston Martin,ALO,32,18,SOFT,8,18.002,33.562,23.305,74.869
8,Austrian Grand Prix,Aston Martin,ALO,33,18,SOFT,9,18.169,33.75,23.321,75.24
8,Austrian Grand Prix,Aston Martin,ALO,34,18,SOFT,10,18.209,33.801,23.429,75.439
8,Austrian Grand Prix,Aston Martin,ALO,35,18,SOFT,11,18.298,33.896,23.438,75.632
8,Austrian Grand Prix,Aston Martin,ALO,36,18,SOFT,12,18.211,33.85,23.152,75.213
8,Austrian Grand Prix,Aston Martin,ALO,37,19,SOFT,13,18.189,34.511,24.081,76.781
8,Austrian Grand Prix,Aston Martin,ALO,38,19,SOFT,14,18.423,34.989,23.549,76.961
8,Austrian Grand Prix,Aston Martin,ALO,39,19,SOFT,15,17.851,33.542,23.314,74.707
8,Austrian Grand Prix,Aston Martin,ALO,40,19,SOFT,16,18.439,33.949,22.995,75.383
8,Austrian Grand Prix,Aston Martin,ALO,41,19,SOFT,17,17.733,33.852,23.411,74.996
8,Austrian Grand Prix,Aston Martin,ALO,42,19,SOFT,18,17.842,33.868,23.207,74.917
8,Austrian Grand Prix,Aston Martin,ALO,43,19,SOFT,19,17.766,33.612,23.198,74.576
8,Austrian Grand Prix,Aston Martin,ALO,44,19,SOFT,20,17.775,33.614,23.152,74.541
8,Austrian Grand Prix,Aston Martin,ALO,45,18,SOFT,21,17.736,33.843,23.164,74.743
8,Austrian Grand Prix,Aston Martin,ALO,46,18,SOFT,22,18.135,33.655,23.139,74.929
8,Austrian Grand Prix,Aston Martin,ALO,47,18,SOFT,23,18.248,33.573,23.312,75.133
8,Austrian Grand Prix,Aston Martin,ALO,48,18,SOFT,24,18.362,34.836,23.897,77.095
8,Austrian Grand Prix,Aston Martin,ALO,49,18,SOFT,25,17.895,33.7,28.619,80.214
8,Austrian Grand Prix,Aston Martin,ALO,50,18,SOFT,1,42.111,39.735,26.639,108.485
8,Austrian Grand Prix,Aston Martin,ALO,51,18,SOFT,2,18.286,33.507,22.56,74.353
8,Austrian Grand Prix,Aston Martin,ALO,52,18,SOFT,3,17.427,32.696,22.378,72.501
8,Austrian Grand Prix,Aston Martin,ALO,53,18,SOFT,4,17.579,32.751,22.608,72.938
8,Austrian Grand Prix,Aston Martin,ALO,54,18,SOFT,5,17.808,33.009,22.567,73.384
8,Austrian Grand Prix,Aston Martin,ALO,55,18,SOFT,6,17.781,32.998,22.7,73.479
8,Austrian Grand Prix,Aston Martin,ALO,56,18,SOFT,7,17.869,33.027,22.543,73.439
8,Austrian Grand Prix,Aston Martin,ALO,57,18,SOFT,8,17.747,33.092,22.806,73.645
8,Austrian Grand Prix,Aston Martin,ALO,58,18,SOFT,9,17.791,33.028,22.63,73.449
8,Austrian Grand Prix,Aston Martin,ALO,59,18,SOFT,10,17.874,33.093,22.676,73.643
8,Austrian Grand Prix,Aston Martin,ALO,60,18,SOFT,11,17.84,34.19,22.771,74.801
8,Austrian Grand Prix,Aston Martin,ALO,61,18,SOFT,12,18.206,33.442,22.674,74.322
8,Austrian Grand Prix,Aston Martin,ALO,62,18,SOFT,13,17.562,33.232,22.725,73.519
8,Austrian Grand Prix,Aston Martin,ALO,63,18,SOFT,14,17.837,33.473,22.871,74.181
8,Austrian Grand Prix,Aston Martin,ALO,64,18,SOFT,15,17.831,33.117,23.038,73.986
8,Austrian Grand Prix,Aston Martin,ALO,65,18,SOFT,16,18.095,33.405,22.983,74.483
8,Austrian Grand Prix,Aston Martin,ALO,66,18,SOFT,17,17.899,33.24,22.701,73.84
8,Austrian Grand Prix,Aston Martin,ALO,67,18,SOFT,18,17.87,33.122,23.75,74.742
8,Austrian Grand Prix,Aston Martin,ALO,68,18,SOFT,19,18.139,34.258,23.24,75.637
8,Austrian Grand Prix,Ferrari,LEC,1,3,MEDIUM,1,,33.298,22.615,76.526
8,Austrian Grand Prix,Ferrari,LEC,2,4,MEDIUM,2,18.292,33.256,22.594,74.142
8,Austrian Grand Prix,Ferrari,LEC,3,4,MEDIUM,3,17.423,32.611,22.412,72.446
8,Austrian Grand Prix,Ferrari,LEC,4,4,MEDIUM,4,17.5,32.207,22.264,71.971
8,Austrian Grand Prix,Ferrari,LEC,5,4,MEDIUM,5,17.54,32.443,22.269,72.252
8,Austrian Grand Prix,Ferrari,LEC,6,4,MEDIUM,6,17.513,32.383,22.32,72.216
8,Austrian Grand Prix,Ferrari,LEC,7,5,MEDIUM,7,17.517,32.993,23.441,73.951
8,Austrian Grand Prix,Ferrari,LEC,8,5,MEDIUM,8,17.561,32.776,22.38,72.717
8,Austrian Grand Prix,Ferrari,LEC,9,5,MEDIUM,9,17.537,32.632,22.726,72.895
8,Austrian Grand Prix,Ferrari,LEC,10,5,MEDIUM,10,17.789,32.663,22.609,73.061
8,Austrian Grand Prix,Ferrari,LEC,11,5,MEDIUM,11,17.662,33.057,22.774,73.493
8,Austrian Grand Prix,Ferrari,LEC,12,5,MEDIUM,12,17.684,32.934,22.815,73.433
8,Austrian Grand Prix,Ferrari,LEC,13,7,MEDIUM,13,17.762,32.799,27.161,77.722
8,Austrian Grand Prix,Ferrari,LEC,14,11,HARD,1,34.661,32.511,22.634,89.806
8,Austrian Grand Prix,Ferrari,LEC,15,11,HARD,2,17.615,32.512,22.661,72.788
8,Austrian Grand Prix,Ferrari,LEC,16,11,HARD,3,17.651,32.396,22.52,72.567
8,Austrian Grand Prix,Ferrari,LEC,17,10,HARD,4,17.476,32.455,23.044,72.975
8,Austrian Grand Prix,Ferrari,LEC,18,9,HARD,5,17.611,32.357,22.623,72.591
8,Austrian Grand Prix,Ferrari,LEC,19,7,HARD,6,17.56,32.3,22.385,72.245
8,Austrian Grand Prix,Ferrari,LEC,20,6,HARD,7,17.557,32.277,22.232,72.066
8,Austrian Grand Prix,Ferrari,LEC,21,6,HARD,8,17.468,32.069,22.124,71.661
8,Austrian Grand Prix,Ferrari,LEC,22,5,HARD,9,17.554,32.211,22.167,71.932
8,Austrian Grand Prix,Ferrari,LEC,23,5,HARD,10,17.526,32.141,22.163,71.83
8,Austrian Grand Prix,Ferrari,LEC,24,5,HARD,11,17.473,32.229,22.997,72.699
8,Austrian Grand Prix,Ferrari,LEC,25,4,HARD,12,24.467,42.804,30.797,98.068
8,Austrian Grand Prix,Ferrari,LEC,26,3,HARD,13,22.587,43.996,24.351,90.934
8,Austrian Grand Prix,Ferrari,LEC,27,3,HARD,14,17.478,32.277,22.15,71.905
8,Austrian Grand Prix,Ferrari,LEC,28,3,HARD,15,17.509,32.026,22.202,71.737
8,Austrian Grand Prix,Ferrari,LEC,29,3,HARD,16,17.488,32.376,22.131,71.995
8,Austrian Grand Prix,Ferrari,LEC,30,4,HARD,17,17.48,32.865,22.337,72.682
8,Austrian Grand Prix,Ferrari,LEC,31,4,HARD,18,17.397,32.321,22.141,71.859
8,Austrian Grand Prix,Ferrari,LEC,32,4,HARD,19,17.473,32.42,22.151,72.044
8,Austrian Grand Prix,Ferrari,LEC,33,4,HARD,20,17.433,32.661,22.251,72.345
8,Austrian Grand Prix,Ferrari,LEC,34,4,HARD,21,17.543,32.497,22.276,72.316
8,Austrian Grand Prix,Ferrari,LEC,35,4,HARD,22,17.528,32.444,22.218,72.19
8,Austrian Grand Prix,Ferrari,LEC,36,4,HARD,23,17.608,32.544,22.436,72.588
8,Austrian Grand Prix,Ferrari,LEC,37,7,HARD,24,17.659,33.744,27.031,78.434
8,Austrian Grand Prix,Ferrari,LEC,38,8,HARD,1,34.101,32.181,22.02,88.302
8,Austrian Grand Prix,Ferrari,LEC,39,8,HARD,2,17.33,32.107,22.174,71.611
8,Austrian Grand Prix,Ferrari,LEC,40,8,HARD,3,17.421,32.258,22.022,71.701
8,Austrian Grand Prix,Ferrari,LEC,41,7,HARD,4,17.306,31.886,21.863,71.055
8,Austrian Grand Prix,Ferrari,LEC,42,7,HARD,5,17.371,31.788,21.757,70.916
8,Austrian Grand Prix,Ferrari,LEC,43,5,HARD,6,17.227,31.953,22.004,71.184
8,Austrian Grand Prix,Ferrari,LEC,44,5,HARD,7,17.332,31.992,21.841,71.165
8,Austrian Grand Prix,Ferrari,LEC,45,5,HARD,8,17.375,31.906,21.97,71.251
8,Austrian Grand Prix,Ferrari,LEC,46,5,HARD,9,17.427,32.205,22.086,71.718
8,Austrian Grand Prix,Ferrari,LEC,47,5,HARD,10,17.389,32.163,22.113,71.665
8,Austrian Grand Prix,Ferrari,LEC,48,5,HARD,11,17.494,32.868,22.235,72.597
8,Austrian Grand Prix,Ferrari,LEC,49,5,HARD,12,17.34,32.246,22.021,71.607
8,Austrian Grand Prix,Ferrari,LEC,50,5,HARD,13,17.226,32.254,22.057,71.537
8,Austrian Grand Prix,Ferrari,LEC,51,5,HARD,14,17.403,32.167,22.012,71.582
8,Austrian Grand Prix,Ferrari,LEC,52,6,HARD,15,17.771,34.628,29.569,81.968
8,Austrian Grand Prix,Ferrari,LEC,53,6,HARD,16,19.612,32.795,22.165,74.572
8,Austrian Grand Prix,Ferrari,LEC,54,6,HARD,17,17.419,32.465,22.179,72.063
8,Austrian Grand Prix,Ferrari,LEC,55,6,HARD,18,17.423,32.291,22.297,72.011
8,Austrian Grand Prix,Ferrari,LEC,56,7,HARD,19,17.544,34.005,22.481,74.03
8,Austrian Grand Prix,Ferrari,LEC,57,7,HARD,20,17.468,32.375,22.232,72.075
8,Austrian Grand Prix,Ferrari,LEC,58,7,HARD,21,17.42,32.71,22.521,72.651
8,Austrian Grand Prix,Ferrari,LEC,59,8,HARD,22,17.565,33.266,27.455,78.286
8,Austrian Grand Prix,Ferrari,LEC,60,8,SOFT,4,35.641,32.162,21.803,89.606
8,Austrian Grand Prix,Ferrari,LEC,61,8,SOFT,5,17.14,31.721,22.009,70.87
8,Austrian Grand Prix,Ferrari,LEC,62,8,SOFT,6,17.282,32.083,21.733,71.098
8,Austrian Grand Prix,Ferrari,LEC,63,8,SOFT,7,17.216,31.93,21.79,70.936
8,Austrian Grand Prix,Ferrari,LEC,64,8,SOFT,8,17.247,31.783,21.848,70.878
8,Austrian Grand Prix,Ferrari,LEC,65,8,SOFT,9,17.325,31.888,21.808,71.021
8,Austrian Grand Prix,Ferrari,LEC,66,8,SOFT,10,17.322,31.681,21.681,70.684
8,Austrian Grand Prix,Ferrari,LEC,67,8,SOFT,11,17.277,31.801,21.528,70.606
8,Austrian Grand Prix,Ferrari,LEC,68,8,SOFT,12,17.297,31.813,21.603,70.713
8,Austrian Grand Prix,Ferrari,LEC,69,8,SOFT,13,17.299,31.867,21.637,70.803
8,Austrian Grand Prix,Ferrari,LEC,70,8,SOFT,14,17.321,31.936,21.741,70.998
8,Austrian Grand Prix,Ferrari,LEC,71,8,SOFT,15,17.267,31.792,21.737,70.796
8,Austrian Grand Prix,Aston Martin,STR,1,22,MEDIUM,1,,36.219,24.039,84.834
8,Austrian Grand Prix,Aston Martin,STR,2,21,MEDIUM,2,18.197,34.26,23.585,76.042
8,Austrian Grand Prix,Aston Martin,STR,3,21,MEDIUM,3,18.181,33.401,23.433,75.015
8,Austrian Grand Prix,Aston Martin,STR,4,20,MEDIUM,4,18.063,33.599,23.555,75.217
8,Austrian Grand Prix,Aston Martin,STR,5,20,MEDIUM,5,18.108,33.453,23.426,74.987
8,Austrian Grand Prix,Aston Martin,STR,6,20,MEDIUM,6,18.045,33.49,23.46,74.995
8,Austrian Grand Prix,Aston Martin,STR,7,20,MEDIUM,7,18.262,33.787,23.541,75.59
8,Austrian Grand Prix,Aston Martin,STR,8,20,MEDIUM,8,18.111,33.75,23.624,75.485
8,Austrian Grand Prix,Aston Martin,STR,9,20,MEDIUM,9,18.209,33.544,23.702,75.455
8,Austrian Grand Prix,Aston Martin,STR,10,20,MEDIUM,10,18.178,33.787,23.675,75.64
8,Austrian Grand Prix,Aston Martin,STR,11,20,MEDIUM,11,18.231,33.753,23.972,75.956
8,Austrian Grand Prix,Aston Martin,STR,12,20,MEDIUM,12,18.295,33.751,23.789,75.835
8,Austrian Grand Prix,Aston Martin,STR,13,20,MEDIUM,13,18.222,33.698,23.797,75.717
8,Austrian Grand Prix,Aston Martin,STR,14,19,MEDIUM,14,18.198,33.927,23.839,75.964
8,Austrian Grand Prix,Aston Martin,STR,15,18,MEDIUM,15,18.287,33.722,23.817,75.826
8,Austrian Grand Prix,Aston Martin,STR,16,19,MEDIUM,16,18.258,34.528,23.854,76.64
8,Austrian Grand Prix,Aston Martin,STR,17,19,MEDIUM,17,18.192,33.785,23.706,75.683
8,Austrian Grand Prix,Aston Martin,STR,18,19,MEDIUM,18,18.168,33.925,23.786,75.879
8,Austrian Grand Prix,Aston Martin,STR,19,18,MEDIUM,19,18.192,34.311,24.012,76.515
8,Austrian Grand Prix,Aston Martin,STR,20,19,MEDIUM,20,18.244,34.026,24.181,76.451
8,Austrian Grand Prix,Aston Martin,STR,21,19,MEDIUM,21,18.055,35.021,23.971,77.047
8,Austrian Grand Prix,Aston Martin,STR,22,20,MEDIUM,22,18.25,33.92,24.166,76.336
8,Austrian Grand Prix,Aston Martin,STR,23,20,MEDIUM,23,18.025,35.27,23.974,77.269
8,Austrian Grand Prix,Aston Martin,STR,24,19,MEDIUM,24,18.255,43.617,35.206,97.078
8,Austrian Grand Prix,Aston Martin,STR,25,19,SOFT,1,39.788,44.317,24.522,108.627
8,Austrian Grand Prix,Aston Martin,STR,26,19,SOFT,2,18.317,33.116,23.238,74.671
8,Austrian Grand Prix,Aston Martin,STR,27,19,SOFT,3,19.209,33.933,23.051,76.193
8,Austrian Grand Prix,Aston Martin,STR,28,19,SOFT,4,17.861,33.254,23.046,74.161
8,Austrian Grand Prix,Aston Martin,STR,29,19,SOFT,5,18.159,34.03,23.057,75.246
8,Austrian Grand Prix,Aston Martin,STR,30,19,SOFT,6,17.905,33.012,22.879,73.796
8,Austrian Grand Prix,Aston Martin,STR,31,19,SOFT,7,17.919,33.103,22.984,74.006
8,Austrian Grand Prix,Aston Martin,STR,32,19,SOFT,8,17.919,33.151,23.031,74.101
8,Austrian Grand Prix,Aston Martin,STR,33,19,SOFT,9,17.963,33.301,23.152,74.416
8,Austrian Grand Prix,Aston Martin,STR,34,19,SOFT,10,17.92,33.159,23.145,74.224
8,Austrian Grand Prix,Aston Martin,STR,35,19,SOFT,11,17.94,33.135,23.28,74.355
8,Austrian Grand Prix,Aston Martin,STR,36,19,SOFT,12,17.982,33.398,23.235,74.615
8,Austrian Grand Prix,Aston Martin,STR,37,18,SOFT,13,17.674,33.894,23.295,74.863
8,Austrian Grand Prix,Aston Martin,STR,38,18,SOFT,14,18.946,35.054,23.36,77.36
8,Austrian Grand Prix,Aston Martin,STR,39,18,SOFT,15,18.025,33.4,23.194,74.619
8,Austrian Grand Prix,Aston Martin,STR,40,18,SOFT,16,17.929,33.41,23.245,74.584
8,Austrian Grand Prix,Aston Martin,STR,41,18,SOFT,17,18.061,34.651,23.328,76.04
8,Austrian Grand Prix,Aston Martin,STR,42,18,SOFT,18,17.855,33.517,23.282,74.654
8,Austrian Grand Prix,Aston Martin,STR,43,18,SOFT,19,17.877,33.439,23.325,74.641
8,Austrian Grand Prix,Aston Martin,STR,44,18,SOFT,20,17.947,33.357,23.226,74.53
8,Austrian Grand Prix,Aston Martin,STR,45,19,SOFT,21,20.383,46.63,40.414,107.427
8,Austrian Grand Prix,Williams,ALB,1,17,MEDIUM,1,,34.885,23.653,82.522
8,Austrian Grand Prix,Williams,ALB,2,17,MEDIUM,2,17.941,33.71,23.305,74.956
8,Austrian Grand Prix,Williams,ALB,3,17,MEDIUM,3,17.615,33.334,23.369,74.318
8,Austrian Grand Prix,Williams,ALB,4,17,MEDIUM,4,17.656,33.367,23.247,74.27
8,Austrian Grand Prix,Williams,ALB,5,17,MEDIUM,5,17.736,33.235,23.317,74.288
8,Austrian Grand Prix,Williams,ALB,6,17,MEDIUM,6,17.751,33.48,23.453,74.684
8,Austrian Grand Prix,Williams,ALB,7,17,MEDIUM,7,17.758,33.249,23.456,74.463
8,Austrian Grand Prix,Williams,ALB,8,17,MEDIUM,8,17.742,33.556,23.418,74.716
8,Austrian Grand Prix,Williams,ALB,9,17,MEDIUM,9,17.625,33.784,23.889,75.298
8,Austrian Grand Prix,Williams,ALB,10,17,MEDIUM,10,17.748,33.517,23.876,75.141
8,Austrian Grand Prix,Williams,ALB,11,17,MEDIUM,11,17.724,34.134,24.124,75.982
8,Austrian Grand Prix,Williams,ALB,12,17,MEDIUM,12,17.814,33.492,23.975,75.281
8,Austrian Grand Prix,Williams,ALB,13,17,MEDIUM,13,17.816,33.435,23.861,75.112
8,Austrian Grand Prix,Williams,ALB,14,15,MEDIUM,14,17.734,33.572,23.615,74.921
8,Austrian Grand Prix,Williams,ALB,15,15,MEDIUM,15,17.969,33.477,23.412,74.858
8,Austrian Grand Prix,Williams,ALB,16,15,MEDIUM,16,18.014,33.472,23.493,74.979
8,Austrian Grand Prix,Williams,ALB,17,15,MEDIUM,17,17.988,33.635,23.449,75.072
8,Austrian Grand Prix,Williams,ALB,18,16,MEDIUM,18,17.933,33.618,27.307,78.858
8,Austrian Grand Prix,Williams,ALB,19,20,MEDIUM,1,34.958,33.957,22.989,91.904
8,Austrian Grand Prix,Williams,ALB,20,20,MEDIUM,2,17.625,33.019,22.998,73.642
8,Austrian Grand Prix,Williams,ALB,21,18,MEDIUM,3,17.683,33.018,23.122,73.823
8,Austrian Grand Prix,Williams,ALB,22,18,MEDIUM,4,17.71,33.312,23.18,74.202
8,Austrian Grand Prix,Williams,ALB,23,17,MEDIUM,5,17.752,33.018,23.024,73.794
8,Austrian Grand Prix,Williams,ALB,24,16,MEDIUM,6,17.78,41.22,33.19,92.19
8,Austrian Grand Prix,Williams,ALB,25,16,MEDIUM,7,22.086,42.125,30.248,94.459
8,Austrian Grand Prix,Williams,ALB,26,16,MEDIUM,8,19.065,33.354,22.929,75.348
8,Austrian Grand Prix,Williams,ALB,27,16,MEDIUM,9,17.574,32.96,22.81,73.344
8,Austrian Grand Prix,Williams,ALB,28,16,MEDIUM,10,17.619,33.078,22.834,73.531
8,Austrian Grand Prix,Williams,ALB,29,16,MEDIUM,11,17.608,32.985,22.811,73.404
8,Austrian Grand Prix,Williams,ALB,30,17,MEDIUM,12,17.649,33.586,23.05,74.285
8,Austrian Grand Prix,Williams,ALB,31,17,MEDIUM,13,18.383,33.28,23.038,74.701
8,Austrian Grand Prix,Williams,ALB,32,17,MEDIUM,14,17.623,34.184,22.957,74.764
8,Austrian Grand Prix,Williams,ALB,33,17,MEDIUM,15,17.912,33.371,23.011,74.294
8,Austrian Grand Prix,Williams,ALB,34,16,MEDIUM,16,17.776,33.252,22.974,74.002
8,Austrian Grand Prix,Williams,ALB,35,16,MEDIUM,17,17.744,34.281,22.988,75.013
8,Austrian Grand Prix,Williams,ALB,36,16,MEDIUM,18,17.723,33.428,22.98,74.131
8,Austrian Grand Prix,Williams,ALB,37,16,MEDIUM,19,17.856,33.19,26.994,78.04
8,Austrian Grand Prix,Williams,ALB,38,17,HARD,1,35.014,34.132,22.764,91.91
8,Austrian Grand Prix,Williams,ALB,39,17,HARD,2,17.599,32.824,22.779,73.202
8,Austrian Grand Prix,Williams,ALB,40,17,HARD,3,17.542,32.722,23.71,73.974
8,Austrian Grand Prix,Williams,ALB,41,17,HARD,4,17.593,32.814,22.756,73.163
8,Austrian Grand Prix,Williams,ALB,42,17,HARD,5,17.524,33.018,22.984,73.526
8,Austrian Grand Prix,Williams,ALB,43,17,HARD,6,17.604,32.861,22.672,73.137
8,Austrian Grand Prix,Williams,ALB,44,17,HARD,7,17.556,32.853,22.772,73.181
8,Austrian Grand Prix,Williams,ALB,45,17,HARD,8,17.577,32.915,22.898,73.39
8,Austrian Grand Prix,Williams,ALB,46,17,HARD,9,17.627,32.926,22.873,73.426
8,Austrian Grand Prix,Williams,ALB,47,16,HARD,10,17.602,33.091,22.942,73.635
8,Austrian Grand Prix,Williams,ALB,48,16,HARD,11,17.571,32.834,22.939,73.344
8,Austrian Grand Prix,Williams,ALB,49,17,HARD,12,17.624,33.485,22.911,74.02
8,Austrian Grand Prix,Williams,ALB,50,17,HARD,13,17.638,33.153,22.92,73.711
8,Austrian Grand Prix,Williams,ALB,51,17,HARD,14,17.716,41.786,24.662,84.164
8,Austrian Grand Prix,Williams,ALB,52,17,HARD,15,17.859,32.958,22.758,73.575
8,Austrian Grand Prix,Williams,ALB,53,17,HARD,16,17.618,32.867,22.712,73.197
8,Austrian Grand Prix,Williams,ALB,54,17,HARD,17,17.63,32.8,22.767,73.197
8,Austrian Grand Prix,Williams,ALB,55,17,HARD,18,17.618,32.852,22.831,73.301
8,Austrian Grand Prix,Williams,ALB,56,17,HARD,19,17.654,32.991,22.839,73.484
8,Austrian Grand Prix,Williams,ALB,57,17,HARD,20,17.698,33.093,22.873,73.664
8,Austrian Grand Prix,Williams,ALB,58,17,HARD,21,17.643,32.94,22.955,73.538
8,Austrian Grand Prix,Williams,ALB,59,17,HARD,22,17.679,32.902,22.77,73.351
8,Austrian Grand Prix,Williams,ALB,60,17,HARD,23,17.744,33.067,22.924,73.735
8,Austrian Grand Prix,Williams,ALB,61,17,HARD,24,17.694,33.377,23.006,74.077
8,Austrian Grand Prix,Williams,ALB,62,17,HARD,25,17.849,33.141,22.903,73.893
8,Austrian Grand Prix,Williams,ALB,63,17,HARD,26,18.238,34.83,23.14,76.208
8,Austrian Grand Prix,Williams,ALB,64,17,HARD,27,18.358,33.721,24.232,76.311
8,Austrian Grand Prix,Williams,ALB,65,17,HARD,28,17.963,33.657,23.036,74.656
8,Austrian Grand Prix,Williams,ALB,66,17,HARD,29,17.872,34.705,23.43,76.007
8,Austrian Grand Prix,Williams,ALB,67,17,HARD,30,18.501,33.54,23.375,75.416
8,Austrian Grand Prix,Williams,ALB,68,17,HARD,31,18.428,33.872,23.309,75.609
8,Austrian Grand Prix,Williams,ALB,69,17,HARD,32,18.104,34.844,23.521,76.469
8,Austrian Grand Prix,Audi,HUL,1,14,MEDIUM,1,,34.506,23.464,81.214
8,Austrian Grand Prix,Audi,HUL,2,14,MEDIUM,2,17.712,33.563,23.027,74.302
8,Austrian Grand Prix,Audi,HUL,3,14,MEDIUM,3,17.588,33.321,23.079,73.988
8,Austrian Grand Prix,Audi,HUL,4,14,MEDIUM,4,17.548,33.332,23.025,73.905
8,Austrian Grand Prix,Audi,HUL,5,14,MEDIUM,5,17.673,33.335,23.018,74.026
8,Austrian Grand Prix,Audi,HUL,6,14,MEDIUM,6,17.714,33.376,23.301,74.391
8,Austrian Grand Prix,Audi,HUL,7,14,MEDIUM,7,17.75,33.288,23.38,74.418
8,Austrian Grand Prix,Audi,HUL,8,14,MEDIUM,8,17.853,33.479,23.343,74.675
8,Austrian Grand Prix,Audi,HUL,9,14,MEDIUM,9,17.795,33.44,23.271,74.506
8,Austrian Grand Prix,Audi,HUL,10,14,MEDIUM,10,17.709,34.088,23.474,75.271
8,Austrian Grand Prix,Audi,HUL,11,14,MEDIUM,11,17.9,33.934,23.792,75.626
8,Austrian Grand Prix,Audi,HUL,12,14,MEDIUM,12,17.894,33.677,23.566,75.137
8,Austrian Grand Prix,Audi,HUL,13,13,MEDIUM,13,17.797,33.7,23.672,75.169
8,Austrian Grand Prix,Audi,HUL,14,13,MEDIUM,14,17.91,33.388,23.475,74.773
8,Austrian Grand Prix,Audi,HUL,15,13,MEDIUM,15,17.969,33.507,23.469,74.945
8,Austrian Grand Prix,Audi,HUL,16,12,MEDIUM,16,18.027,33.199,23.248,74.474
8,Austrian Grand Prix,Audi,HUL,17,12,MEDIUM,17,18.315,33.601,23.328,75.244
8,Austrian Grand Prix,Audi,HUL,18,11,MEDIUM,18,18.118,33.453,23.194,74.765
8,Austrian Grand Prix,Audi,HUL,19,10,MEDIUM,19,18.011,33.273,23.15,74.434
8,Austrian Grand Prix,Audi,HUL,20,9,MEDIUM,20,17.977,33.324,23.107,74.408
8,Austrian Grand Prix,Audi,HUL,21,12,MEDIUM,21,17.953,33.288,27.148,78.389
8,Austrian Grand Prix,Audi,HUL,22,15,MEDIUM,1,34.284,33.144,22.687,90.115
8,Austrian Grand Prix,Audi,HUL,23,14,MEDIUM,2,17.513,32.619,23.078,73.21
8,Austrian Grand Prix,Audi,HUL,24,14,MEDIUM,3,17.675,39.268,31.594,88.537
8,Austrian Grand Prix,Audi,HUL,25,13,MEDIUM,4,21.787,42.336,29.998,94.121
8,Austrian Grand Prix,Audi,HUL,26,13,MEDIUM,5,23.4,32.86,22.633,78.893
8,Austrian Grand Prix,Audi,HUL,27,13,MEDIUM,6,17.633,32.35,22.647,72.63
8,Austrian Grand Prix,Audi,HUL,28,13,MEDIUM,7,17.728,32.442,22.795,72.965
8,Austrian Grand Prix,Audi,HUL,29,13,MEDIUM,8,17.636,32.376,22.743,72.755
8,Austrian Grand Prix,Audi,HUL,30,13,MEDIUM,9,17.703,32.301,22.669,72.673
8,Austrian Grand Prix,Audi,HUL,31,13,MEDIUM,10,17.634,32.404,22.591,72.629
8,Austrian Grand Prix,Audi,HUL,32,13,MEDIUM,11,17.698,32.306,22.466,72.47
8,Austrian Grand Prix,Audi,HUL,33,13,MEDIUM,12,17.668,32.591,22.604,72.863
8,Austrian Grand Prix,Audi,HUL,34,13,MEDIUM,13,17.674,32.457,22.519,72.65
8,Austrian Grand Prix,Audi,HUL,35,13,MEDIUM,14,17.681,32.435,22.547,72.663
8,Austrian Grand Prix,Audi,HUL,36,13,MEDIUM,15,17.673,32.534,22.585,72.792
8,Austrian Grand Prix,Audi,HUL,37,13,MEDIUM,16,17.712,32.503,22.532,72.747
8,Austrian Grand Prix,Audi,HUL,38,12,MEDIUM,17,17.742,32.624,22.593,72.959
8,Austrian Grand Prix,Audi,HUL,39,12,MEDIUM,18,17.796,32.709,22.483,72.988
8,Austrian Grand Prix,Audi,HUL,40,12,MEDIUM,19,17.639,32.583,22.535,72.757
8,Austrian Grand Prix,Audi,HUL,41,12,MEDIUM,20,17.66,32.827,22.609,73.096
8,Austrian Grand Prix,Audi,HUL,42,12,MEDIUM,21,17.67,32.715,22.506,72.891
8,Austrian Grand Prix,Audi,HUL,43,12,MEDIUM,22,17.699,32.789,22.57,73.058
8,Austrian Grand Prix,Audi,HUL,44,12,MEDIUM,23,17.719,32.771,22.615,73.105
8,Austrian Grand Prix,Audi,HUL,45,11,MEDIUM,24,17.655,32.782,26.623,77.06
8,Austrian Grand Prix,Audi,HUL,46,13,HARD,1,34.98,32.535,22.096,89.611
8,Austrian Grand Prix,Audi,HUL,47,13,HARD,2,17.583,32.366,22.585,72.534
8,Austrian Grand Prix,Audi,HUL,48,13,HARD,3,17.591,32.32,22.535,72.446
8,Austrian Grand Prix,Audi,HUL,49,13,HARD,4,17.524,32.274,22.457,72.255
8,Austrian Grand Prix,Audi,HUL,50,13,HARD,5,17.739,33.506,22.378,73.623
8,Austrian Grand Prix,Audi,HUL,51,13,HARD,6,17.473,32.169,30.551,80.193
8,Austrian Grand Prix,Audi,HUL,52,12,HARD,7,21.992,32.221,22.335,76.548
8,Austrian Grand Prix,Audi,HUL,53,12,HARD,8,17.659,32.863,23.434,73.956
8,Austrian Grand Prix,Audi,HUL,54,12,HARD,9,17.339,32.291,22.092,71.722
8,Austrian Grand Prix,Audi,HUL,55,12,HARD,10,17.433,32.036,22.165,71.634
8,Austrian Grand Prix,Audi,HUL,56,12,HARD,11,17.406,32.116,22.25,71.772
8,Austrian Grand Prix,Audi,HUL,57,12,HARD,12,17.585,33.618,22.48,73.683
8,Austrian Grand Prix,Audi,HUL,58,12,HARD,13,17.454,32.229,22.399,72.082
8,Austrian Grand Prix,Audi,HUL,59,12,HARD,14,17.439,32.46,22.514,72.413
8,Austrian Grand Prix,Audi,HUL,60,12,HARD,15,17.556,32.651,22.589,72.796
8,Austrian Grand Prix,Audi,HUL,61,12,HARD,16,17.86,33.604,23.578,75.042
8,Austrian Grand Prix,Audi,HUL,62,12,HARD,17,17.471,32.608,22.37,72.449
8,Austrian Grand Prix,Audi,HUL,63,12,HARD,18,17.819,32.658,22.604,73.081
8,Austrian Grand Prix,Audi,HUL,64,12,HARD,19,17.753,32.596,22.497,72.846
8,Austrian Grand Prix,Audi,HUL,65,12,HARD,20,17.597,32.485,22.262,72.344
8,Austrian Grand Prix,Audi,HUL,66,12,HARD,21,17.582,32.553,22.357,72.492
8,Austrian Grand Prix,Audi,HUL,67,12,HARD,22,17.562,32.53,22.209,72.301
8,Austrian Grand Prix,Audi,HUL,68,12,HARD,23,17.488,32.526,22.357,72.371
8,Austrian Grand Prix,Audi,HUL,69,12,HARD,24,17.495,33.054,22.473,73.022
8,Austrian Grand Prix,Audi,HUL,70,12,HARD,25,17.678,32.575,22.307,72.56
8,Austrian Grand Prix,Red Bull Racing,VER,1,5,MEDIUM,1,,33.443,22.779,77.653
8,Austrian Grand Prix,Red Bull Racing,VER,2,3,MEDIUM,2,17.386,32.542,22.174,72.102
8,Austrian Grand Prix,Red Bull Racing,VER,3,3,MEDIUM,3,17.562,32.522,22.0,72.084
8,Austrian Grand Prix,Red Bull Racing,VER,4,3,MEDIUM,4,17.386,32.177,22.17,71.733
8,Austrian Grand Prix,Red Bull Racing,VER,5,3,MEDIUM,5,17.439,32.187,22.22,71.846
8,Austrian Grand Prix,Red Bull Racing,VER,6,3,MEDIUM,6,17.44,32.226,22.179,71.845
8,Austrian Grand Prix,Red Bull Racing,VER,7,3,MEDIUM,7,17.26,32.456,22.356,72.072
8,Austrian Grand Prix,Red Bull Racing,VER,8,3,MEDIUM,8,17.28,32.686,22.43,72.396
8,Austrian Grand Prix,Red Bull Racing,VER,9,3,MEDIUM,9,17.328,32.734,22.496,72.558
8,Austrian Grand Prix,Red Bull Racing,VER,10,3,MEDIUM,10,17.425,32.824,22.626,72.875
8,Austrian Grand Prix,Red Bull Racing,VER,11,3,MEDIUM,11,17.23,33.75,23.433,74.413
8,Austrian Grand Prix,Red Bull Racing,VER,12,2,MEDIUM,12,17.599,32.866,22.875,73.34
8,Austrian Grand Prix,Red Bull Racing,VER,13,2,MEDIUM,13,17.731,32.634,22.424,72.789
8,Austrian Grand Prix,Red Bull Racing,VER,14,2,MEDIUM,14,17.617,32.568,22.422,72.607
8,Austrian Grand Prix,Red Bull Racing,VER,15,2,MEDIUM,15,17.579,32.626,22.56,72.765
8,Austrian Grand Prix,Red Bull Racing,VER,16,2,MEDIUM,16,17.61,32.579,22.437,72.626
8,Austrian Grand Prix,Red Bull Racing,VER,17,2,MEDIUM,17,17.601,32.657,22.475,72.733
8,Austrian Grand Prix,Red Bull Racing,VER,18,3,MEDIUM,18,17.614,32.708,26.311,76.633
8,Austrian Grand Prix,Red Bull Racing,VER,19,6,HARD,1,34.065,32.456,22.016,88.537
8,Austrian Grand Prix,Red Bull Racing,VER,20,5,HARD,2,17.221,32.195,22.064,71.48
8,Austrian Grand Prix,Red Bull Racing,VER,21,4,HARD,3,17.139,32.147,22.198,71.484
8,Austrian Grand Prix,Red Bull Racing,VER,22,3,HARD,4,17.152,33.249,22.008,72.409
8,Austrian Grand Prix,Red Bull Racing,VER,23,3,HARD,5,17.516,32.271,22.0,71.787
8,Austrian Grand Prix,Red Bull Racing,VER,24,3,HARD,6,17.335,32.068,22.613,72.016
8,Austrian Grand Prix,Red Bull Racing,VER,25,2,HARD,7,21.429,42.112,33.375,96.916
8,Austrian Grand Prix,Red Bull Racing,VER,26,2,HARD,8,21.814,44.073,27.143,93.03
8,Austrian Grand Prix,Red Bull Racing,VER,27,2,HARD,9,17.245,32.01,22.052,71.307
8,Austrian Grand Prix,Red Bull Racing,VER,28,2,HARD,10,17.292,31.896,21.884,71.072
8,Austrian Grand Prix,Red Bull Racing,VER,29,2,HARD,11,17.238,32.016,21.955,71.209
8,Austrian Grand Prix,Red Bull Racing,VER,30,2,HARD,12,17.288,31.92,21.833,71.041
8,Austrian Grand Prix,Red Bull Racing,VER,31,2,HARD,13,17.387,31.926,21.936,71.249
8,Austrian Grand Prix,Red Bull Racing,VER,32,2,HARD,14,17.343,32.146,22.003,71.492
8,Austrian Grand Prix,Red Bull Racing,VER,33,2,HARD,15,17.233,32.152,22.057,71.442
8,Austrian Grand Prix,Red Bull Racing,VER,34,2,HARD,16,17.411,32.344,22.091,71.846
8,Austrian Grand Prix,Red Bull Racing,VER,35,2,HARD,17,17.346,32.172,22.088,71.606
8,Austrian Grand Prix,Red Bull Racing,VER,36,2,HARD,18,17.367,32.296,22.268,71.931
8,Austrian Grand Prix,Red Bull Racing,VER,37,2,HARD,19,17.392,32.213,22.204,71.809
8,Austrian Grand Prix,Red Bull Racing,VER,38,2,HARD,20,17.354,32.509,22.296,72.159
8,Austrian Grand Prix,Red Bull Racing,VER,39,2,HARD,21,17.575,32.458,22.212,72.245
8,Austrian Grand Prix,Red Bull Racing,VER,40,2,HARD,22,17.457,32.406,22.269,72.132
8,Austrian Grand Prix,Red Bull Racing,VER,41,2,HARD,23,17.31,32.356,22.226,71.892
8,Austrian Grand Prix,Red Bull Racing,VER,42,2,HARD,24,17.477,32.254,22.437,72.168
8,Austrian Grand Prix,Red Bull Racing,VER,43,1,HARD,25,17.356,32.402,22.329,72.087
8,Austrian Grand Prix,Red Bull Racing,VER,44,1,HARD,26,17.481,32.552,22.381,72.414
8,Austrian Grand Prix,Red Bull Racing,VER,45,1,HARD,27,17.496,32.526,22.334,72.356
8,Austrian Grand Prix,Red Bull Racing,VER,46,1,HARD,28,17.397,32.486,22.497,72.38
8,Austrian Grand Prix,Red Bull Racing,VER,47,1,HARD,29,17.621,32.63,22.379,72.63
8,Austrian Grand Prix,Red Bull Racing,VER,48,1,HARD,30,17.531,32.702,22.448,72.681
8,Austrian Grand Prix,Red Bull Racing,VER,49,2,HARD,31,18.041,32.677,26.283,77.001
8,Austrian Grand Prix,Red Bull Racing,VER,50,3,HARD,1,33.914,31.942,21.657,87.513
8,Austrian Grand Prix,Red Bull Racing,VER,51,3,HARD,2,17.148,32.17,21.57,70.888
8,Austrian Grand Prix,Red Bull Racing,VER,52,2,HARD,3,17.187,31.692,28.385,77.264
8,Austrian Grand Prix,Red Bull Racing,VER,53,2,HARD,4,23.72,31.668,21.548,76.936
8,Austrian Grand Prix,Red Bull Racing,VER,54,2,HARD,5,17.201,31.787,21.608,70.596
8,Austrian Grand Prix,Red Bull Racing,VER,55,2,HARD,6,17.239,31.689,21.671,70.599
8,Austrian Grand Prix,Red Bull Racing,VER,56,2,HARD,7,17.202,31.722,21.709,70.633
8,Austrian Grand Prix,Red Bull Racing,VER,57,2,HARD,8,17.162,31.741,21.58,70.483
8,Austrian Grand Prix,Red Bull Racing,VER,58,2,HARD,9,17.18,31.792,21.65,70.622
8,Austrian Grand Prix,Red Bull Racing,VER,59,2,HARD,10,17.166,31.608,21.734,70.508
8,Austrian Grand Prix,Red Bull Racing,VER,60,2,HARD,11,17.278,31.905,21.717,70.9
8,Austrian Grand Prix,Red Bull Racing,VER,61,2,HARD,12,17.15,31.895,21.783,70.828
8,Austrian Grand Prix,Red Bull Racing,VER,62,2,HARD,13,17.155,32.024,21.898,71.077
8,Austrian Grand Prix,Red Bull Racing,VER,63,2,HARD,14,17.261,31.826,21.849,70.936
8,Austrian Grand Prix,Red Bull Racing,VER,64,2,HARD,15,17.317,31.822,21.707,70.846
8,Austrian Grand Prix,Red Bull Racing,VER,65,2,HARD,16,17.222,31.995,21.821,71.038
8,Austrian Grand Prix,Red Bull Racing,VER,66,2,HARD,17,17.254,31.972,21.923,71.149
8,Austrian Grand Prix,Red Bull Racing,VER,67,2,HARD,18,17.32,32.302,21.845,71.467
8,Austrian Grand Prix,Red Bull Racing,VER,68,2,HARD,19,17.251,31.993,21.772,71.016
8,Austrian Grand Prix,Red Bull Racing,VER,69,2,HARD,20,17.294,31.929,21.811,71.034
8,Austrian Grand Prix,Red Bull Racing,VER,70,2,HARD,21,17.225,32.04,21.868,71.133
8,Austrian Grand Prix,Red Bull Racing,VER,71,2,HARD,22,17.143,32.075,22.028,71.246
8,Austrian Grand Prix,Racing Bulls,LAW,1,8,MEDIUM,1,,33.884,23.049,78.967
8,Austrian Grand Prix,Racing Bulls,LAW,2,8,MEDIUM,2,17.503,33.281,22.762,73.546
8,Austrian Grand Prix,Racing Bulls,LAW,3,8,MEDIUM,3,17.397,33.401,22.812,73.61
8,Austrian Grand Prix,Racing Bulls,LAW,4,9,MEDIUM,4,17.383,34.049,22.936,74.368
8,Austrian Grand Prix,Racing Bulls,LAW,5,9,MEDIUM,5,17.524,32.992,22.708,73.224
8,Austrian Grand Prix,Racing Bulls,LAW,6,9,MEDIUM,6,17.547,32.892,22.669,73.108
8,Austrian Grand Prix,Racing Bulls,LAW,7,9,MEDIUM,7,17.571,32.948,22.746,73.265
8,Austrian Grand Prix,Racing Bulls,LAW,8,9,MEDIUM,8,17.615,32.942,22.687,73.244
8,Austrian Grand Prix,Racing Bulls,LAW,9,9,MEDIUM,9,17.584,33.102,22.742,73.428
8,Austrian Grand Prix,Racing Bulls,LAW,10,9,MEDIUM,10,17.619,33.122,22.835,73.576
8,Austrian Grand Prix,Racing Bulls,LAW,11,9,MEDIUM,11,17.653,33.138,22.923,73.714
8,Austrian Grand Prix,Racing Bulls,LAW,12,9,MEDIUM,12,17.708,33.044,22.872,73.624
8,Austrian Grand Prix,Racing Bulls,LAW,13,8,MEDIUM,13,17.757,33.047,23.019,73.823
8,Austrian Grand Prix,Racing Bulls,LAW,14,7,MEDIUM,14,17.708,33.1,23.016,73.824
8,Austrian Grand Prix,Racing Bulls,LAW,15,7,MEDIUM,15,17.858,33.179,22.951,73.988
8,Austrian Grand Prix,Racing Bulls,LAW,16,7,MEDIUM,16,17.728,33.14,22.989,73.857
8,Austrian Grand Prix,Racing Bulls,LAW,17,7,MEDIUM,17,17.755,33.271,23.066,74.092
8,Austrian Grand Prix,Racing Bulls,LAW,18,8,MEDIUM,18,17.865,34.113,23.12,75.098
8,Austrian Grand Prix,Racing Bulls,LAW,19,8,MEDIUM,19,17.838,33.437,27.192,78.467
8,Austrian Grand Prix,Racing Bulls,LAW,20,10,HARD,1,35.093,33.411,22.539,91.043
8,Austrian Grand Prix,Racing Bulls,LAW,21,10,HARD,2,17.452,33.591,22.636,73.679
8,Austrian Grand Prix,Racing Bulls,LAW,22,10,HARD,3,17.497,32.891,22.7,73.088
8,Austrian Grand Prix,Racing Bulls,LAW,23,10,HARD,4,17.415,32.645,22.577,72.637
8,Austrian Grand Prix,Racing Bulls,LAW,24,10,HARD,5,17.457,32.652,31.528,81.637
8,Austrian Grand Prix,Racing Bulls,LAW,25,10,HARD,6,23.932,41.13,33.01,98.072
8,Austrian Grand Prix,Racing Bulls,LAW,26,10,HARD,7,21.589,37.584,22.306,81.479
8,Austrian Grand Prix,Racing Bulls,LAW,27,10,HARD,8,17.343,32.836,22.547,72.726
8,Austrian Grand Prix,Racing Bulls,LAW,28,10,HARD,9,17.529,32.491,22.396,72.416
8,Austrian Grand Prix,Racing Bulls,LAW,29,10,HARD,10,17.412,32.414,22.388,72.214
8,Austrian Grand Prix,Racing Bulls,LAW,30,10,HARD,11,17.434,32.786,22.324,72.544
8,Austrian Grand Prix,Racing Bulls,LAW,31,10,HARD,12,17.4,32.798,22.379,72.577
8,Austrian Grand Prix,Racing Bulls,LAW,32,10,HARD,13,17.487,32.642,22.339,72.468
8,Austrian Grand Prix,Racing Bulls,LAW,33,10,HARD,14,17.415,32.8,22.456,72.671
8,Austrian Grand Prix,Racing Bulls,LAW,34,10,HARD,15,17.461,32.879,22.444,72.784
8,Austrian Grand Prix,Racing Bulls,LAW,35,10,HARD,16,17.518,32.956,22.561,73.035
8,Austrian Grand Prix,Racing Bulls,LAW,36,10,HARD,17,17.535,32.836,22.589,72.96
8,Austrian Grand Prix,Racing Bulls,LAW,37,10,HARD,18,17.589,32.943,22.679,73.211
8,Austrian Grand Prix,Racing Bulls,LAW,38,10,HARD,19,17.563,33.251,23.301,74.115
8,Austrian Grand Prix,Racing Bulls,LAW,39,10,HARD,20,18.085,33.862,22.52,74.467
8,Austrian Grand Prix,Racing Bulls,LAW,40,10,HARD,21,17.544,32.923,22.651,73.118
8,Austrian Grand Prix,Racing Bulls,LAW,41,10,HARD,22,17.559,32.926,22.583,73.068
8,Austrian Grand Prix,Racing Bulls,LAW,42,10,HARD,23,17.545,33.084,22.65,73.279
8,Austrian Grand Prix,Racing Bulls,LAW,43,10,HARD,24,17.561,33.246,22.828,73.635
8,Austrian Grand Prix,Racing Bulls,LAW,44,10,HARD,25,17.588,33.434,22.971,73.993
8,Austrian Grand Prix,Racing Bulls,LAW,45,10,HARD,26,17.647,33.38,27.054,78.081
8,Austrian Grand Prix,Racing Bulls,LAW,46,10,MEDIUM,1,34.251,33.076,22.166,89.493
8,Austrian Grand Prix,Racing Bulls,LAW,47,9,MEDIUM,2,17.166,32.644,22.289,72.099
8,Austrian Grand Prix,Racing Bulls,LAW,48,9,MEDIUM,3,17.352,32.427,22.37,72.149
8,Austrian Grand Prix,Racing Bulls,LAW,49,9,MEDIUM,4,17.33,32.637,22.166,72.133
8,Austrian Grand Prix,Racing Bulls,LAW,50,9,MEDIUM,5,17.37,32.403,22.173,71.946
8,Austrian Grand Prix,Racing Bulls,LAW,51,9,MEDIUM,6,17.399,32.574,22.564,72.537
8,Austrian Grand Prix,Racing Bulls,LAW,52,9,MEDIUM,7,26.331,35.841,21.891,84.063
8,Austrian Grand Prix,Racing Bulls,LAW,53,9,MEDIUM,8,17.328,32.397,22.049,71.774
8,Austrian Grand Prix,Racing Bulls,LAW,54,9,MEDIUM,9,17.462,32.252,22.036,71.75
8,Austrian Grand Prix,Racing Bulls,LAW,55,9,MEDIUM,10,17.366,32.076,22.105,71.547
8,Austrian Grand Prix,Racing Bulls,LAW,56,9,MEDIUM,11,17.445,32.38,21.984,71.809
8,Austrian Grand Prix,Racing Bulls,LAW,57,9,MEDIUM,12,17.497,33.837,22.364,73.698
8,Austrian Grand Prix,Racing Bulls,LAW,58,9,MEDIUM,13,17.344,32.458,22.142,71.944
8,Austrian Grand Prix,Racing Bulls,LAW,59,9,MEDIUM,14,17.39,32.367,22.053,71.81
8,Austrian Grand Prix,Racing Bulls,LAW,60,9,MEDIUM,15,17.33,32.398,22.147,71.875
8,Austrian Grand Prix,Racing Bulls,LAW,61,9,MEDIUM,16,17.453,32.431,22.234,72.118
8,Austrian Grand Prix,Racing Bulls,LAW,62,9,MEDIUM,17,17.876,33.926,22.357,74.159
8,Austrian Grand Prix,Racing Bulls,LAW,63,9,MEDIUM,18,17.515,34.188,22.33,74.033
8,Austrian Grand Prix,Racing Bulls,LAW,64,9,MEDIUM,19,17.368,32.482,22.196,72.046
8,Austrian Grand Prix,Racing Bulls,LAW,65,9,MEDIUM,20,17.466,32.64,22.168,72.274
8,Austrian Grand Prix,Racing Bulls,LAW,66,9,MEDIUM,21,17.472,32.824,22.405,72.701
8,Austrian Grand Prix,Racing Bulls,LAW,67,9,MEDIUM,22,17.422,32.893,22.304,72.619
8,Austrian Grand Prix,Racing Bulls,LAW,68,9,MEDIUM,23,17.467,32.664,22.221,72.352
8,Austrian Grand Prix,Racing Bulls,LAW,69,9,MEDIUM,24,17.479,32.583,22.216,72.278
8,Austrian Grand Prix,Racing Bulls,LAW,70,9,MEDIUM,25,17.404,32.603,22.279,72.286
8,Austrian Grand Prix,Haas F1 Team,OCO,1,12,MEDIUM,1,,34.024,23.4,80.541
8,Austrian Grand Prix,Haas F1 Team,OCO,2,11,MEDIUM,2,17.722,33.194,22.933,73.849
8,Austrian Grand Prix,Haas F1 Team,OCO,3,11,MEDIUM,3,17.534,33.05,23.061,73.645
8,Austrian Grand Prix,Haas F1 Team,OCO,4,11,MEDIUM,4,17.556,33.389,23.158,74.103
8,Austrian Grand Prix,Haas F1 Team,OCO,5,11,MEDIUM,5,17.624,33.151,23.018,73.793
8,Austrian Grand Prix,Haas F1 Team,OCO,6,11,MEDIUM,6,17.719,33.1,23.306,74.125
8,Austrian Grand Prix,Haas F1 Team,OCO,7,12,MEDIUM,7,17.847,33.885,23.343,75.075
8,Austrian Grand Prix,Haas F1 Team,OCO,8,12,MEDIUM,8,17.91,33.307,23.329,74.546
8,Austrian Grand Prix,Haas F1 Team,OCO,9,12,MEDIUM,9,17.893,33.61,23.394,74.897
8,Austrian Grand Prix,Haas F1 Team,OCO,10,12,MEDIUM,10,18.008,33.573,23.574,75.155
8,Austrian Grand Prix,Haas F1 Team,OCO,11,12,MEDIUM,11,17.975,33.993,23.575,75.543
8,Austrian Grand Prix,Haas F1 Team,OCO,12,12,MEDIUM,12,18.08,33.47,23.377,74.927
8,Austrian Grand Prix,Haas F1 Team,OCO,13,12,MEDIUM,13,18.03,33.617,23.497,75.144
8,Austrian Grand Prix,Haas F1 Team,OCO,14,12,MEDIUM,14,18.014,33.838,23.642,75.494
8,Austrian Grand Prix,Haas F1 Team,OCO,15,12,MEDIUM,15,18.006,33.637,23.511,75.154
8,Austrian Grand Prix,Haas F1 Team,OCO,16,13,MEDIUM,16,18.036,33.775,23.88,75.691
8,Austrian Grand Prix,Haas F1 Team,OCO,17,13,MEDIUM,17,17.929,33.975,23.573,75.477
8,Austrian Grand Prix,Haas F1 Team,OCO,18,13,MEDIUM,18,17.928,33.84,27.956,79.724
8,Austrian Grand Prix,Haas F1 Team,OCO,19,19,MEDIUM,1,35.186,33.309,23.306,91.801
8,Austrian Grand Prix,Haas F1 Team,OCO,20,18,MEDIUM,2,17.673,33.417,23.33,74.42
8,Austrian Grand Prix,Haas F1 Team,OCO,21,17,MEDIUM,3,17.873,33.206,23.116,74.195
8,Austrian Grand Prix,Haas F1 Team,OCO,22,16,MEDIUM,4,17.734,33.141,22.992,73.867
8,Austrian Grand Prix,Haas F1 Team,OCO,23,16,MEDIUM,5,17.744,32.906,23.049,73.699
8,Austrian Grand Prix,Haas F1 Team,OCO,24,15,MEDIUM,6,17.885,39.911,31.555,89.351
8,Austrian Grand Prix,Haas F1 Team,OCO,25,15,MEDIUM,7,22.48,42.804,31.025,96.309
8,Austrian Grand Prix,Haas F1 Team,OCO,26,15,MEDIUM,8,20.187,32.854,22.798,75.839
8,Austrian Grand Prix,Haas F1 Team,OCO,27,15,MEDIUM,9,17.618,32.83,22.86,73.308
8,Austrian Grand Prix,Haas F1 Team,OCO,28,15,MEDIUM,10,17.643,32.741,22.823,73.207
8,Austrian Grand Prix,Haas F1 Team,OCO,29,15,MEDIUM,11,17.674,32.703,22.74,73.117
8,Austrian Grand Prix,Haas F1 Team,OCO,30,15,MEDIUM,12,17.688,32.788,22.952,73.428
8,Austrian Grand Prix,Haas F1 Team,OCO,31,15,MEDIUM,13,17.648,32.754,22.799,73.201
8,Austrian Grand Prix,Haas F1 Team,OCO,32,15,MEDIUM,14,17.699,32.86,22.847,73.406
8,Austrian Grand Prix,Haas F1 Team,OCO,33,16,MEDIUM,15,17.723,33.005,28.218,78.946
8,Austrian Grand Prix,Haas F1 Team,OCO,34,17,HARD,1,38.583,32.75,22.739,94.072
8,Austrian Grand Prix,Haas F1 Team,OCO,35,17,HARD,2,17.554,32.732,22.775,73.061
8,Austrian Grand Prix,Haas F1 Team,OCO,36,17,HARD,3,17.705,32.672,22.793,73.17
8,Austrian Grand Prix,Haas F1 Team,OCO,37,17,HARD,4,17.614,32.743,22.622,72.979
8,Austrian Grand Prix,Haas F1 Team,OCO,38,16,HARD,5,17.65,32.766,22.859,73.275
8,Austrian Grand Prix,Haas F1 Team,OCO,39,16,HARD,6,17.652,32.664,22.778,73.094
8,Austrian Grand Prix,Haas F1 Team,OCO,40,16,HARD,7,17.634,32.735,22.78,73.149
8,Austrian Grand Prix,Haas F1 Team,OCO,41,16,HARD,8,17.752,32.914,22.899,73.565
8,Austrian Grand Prix,Haas F1 Team,OCO,42,16,HARD,9,17.772,33.947,23.063,74.782
8,Austrian Grand Prix,Haas F1 Team,OCO,43,16,HARD,10,18.16,34.063,23.639,75.862
8,Austrian Grand Prix,Haas F1 Team,OCO,44,16,HARD,11,17.635,33.001,22.776,73.412
8,Austrian Grand Prix,Haas F1 Team,OCO,45,16,HARD,12,17.618,33.121,22.923,73.662
8,Austrian Grand Prix,Haas F1 Team,OCO,46,16,HARD,13,17.605,32.936,22.861,73.402
8,Austrian Grand Prix,Haas F1 Team,OCO,47,15,HARD,14,17.659,34.364,22.904,74.927
8,Austrian Grand Prix,Haas F1 Team,OCO,48,15,HARD,15,17.561,32.816,22.862,73.239
8,Austrian Grand Prix,Haas F1 Team,OCO,49,15,HARD,16,17.669,32.929,22.712,73.31
8,Austrian Grand Prix,Haas F1 Team,OCO,50,15,HARD,17,17.719,33.025,22.719,73.463
8,Austrian Grand Prix,Haas F1 Team,OCO,51,15,HARD,18,17.672,41.643,25.47,84.785
8,Austrian Grand Prix,Haas F1 Team,OCO,52,15,HARD,19,17.627,32.852,22.708,73.187
8,Austrian Grand Prix,Haas F1 Team,OCO,53,15,HARD,20,17.673,32.752,22.792,73.217
8,Austrian Grand Prix,Haas F1 Team,OCO,54,16,HARD,21,17.581,33.374,22.911,73.866
8,Austrian Grand Prix,Haas F1 Team,OCO,55,16,HARD,22,17.658,32.979,22.709,73.346
8,Austrian Grand Prix,Haas F1 Team,OCO,56,16,HARD,23,17.682,33.016,22.908,73.606
8,Austrian Grand Prix,Haas F1 Team,OCO,57,16,HARD,24,17.754,32.981,22.855,73.59
8,Austrian Grand Prix,Haas F1 Team,OCO,58,16,HARD,25,17.729,33.102,22.993,73.824
8,Austrian Grand Prix,Haas F1 Team,OCO,59,16,HARD,26,17.778,33.235,22.916,73.929
8,Austrian Grand Prix,Haas F1 Team,OCO,60,16,HARD,27,17.722,33.134,22.888,73.744
8,Austrian Grand Prix,Haas F1 Team,OCO,61,16,HARD,28,17.785,33.204,23.023,74.012
8,Austrian Grand Prix,Haas F1 Team,OCO,62,16,HARD,29,17.763,33.324,22.845,73.932
8,Austrian Grand Prix,Haas F1 Team,OCO,63,16,HARD,30,17.822,33.449,23.119,74.39
8,Austrian Grand Prix,Haas F1 Team,OCO,64,16,HARD,31,17.847,34.579,25.449,77.875
8,Austrian Grand Prix,Haas F1 Team,OCO,65,16,HARD,32,19.351,33.726,22.973,76.05
8,Austrian Grand Prix,Haas F1 Team,OCO,66,16,HARD,33,17.774,33.518,23.208,74.5
8,Austrian Grand Prix,Haas F1 Team,OCO,67,16,HARD,34,17.736,34.891,23.34,75.967
8,Austrian Grand Prix,Haas F1 Team,OCO,68,16,HARD,35,18.721,33.977,24.308,77.006
8,Austrian Grand Prix,Haas F1 Team,OCO,69,16,HARD,36,17.827,34.205,23.652,75.684
8,Austrian Grand Prix,Racing Bulls,LIN,1,10,MEDIUM,1,,34.016,23.411,79.894
8,Austrian Grand Prix,Racing Bulls,LIN,2,10,MEDIUM,2,17.716,33.304,22.677,73.697
8,Austrian Grand Prix,Racing Bulls,LIN,3,10,MEDIUM,3,17.319,33.265,22.899,73.483
8,Austrian Grand Prix,Racing Bulls,LIN,4,10,MEDIUM,4,17.508,33.477,22.928,73.913
8,Austrian Grand Prix,Racing Bulls,LIN,5,10,MEDIUM,5,17.495,33.159,22.866,73.52
8,Austrian Grand Prix,Racing Bulls,LIN,6,10,MEDIUM,6,17.445,32.967,22.765,73.177
8,Austrian Grand Prix,Racing Bulls,LIN,7,10,MEDIUM,7,17.596,33.131,22.887,73.614
8,Austrian Grand Prix,Racing Bulls,LIN,8,10,MEDIUM,8,17.821,33.336,22.894,74.051
8,Austrian Grand Prix,Racing Bulls,LIN,9,10,MEDIUM,9,17.701,33.086,22.777,73.564
8,Austrian Grand Prix,Racing Bulls,LIN,10,10,MEDIUM,10,17.685,33.142,22.859,73.686
8,Austrian Grand Prix,Racing Bulls,LIN,11,10,MEDIUM,11,17.757,33.141,23.101,73.999
8,Austrian Grand Prix,Racing Bulls,LIN,12,10,MEDIUM,12,17.703,33.096,22.899,73.698
8,Austrian Grand Prix,Racing Bulls,LIN,13,9,MEDIUM,13,17.7,33.131,23.008,73.839
8,Austrian Grand Prix,Racing Bulls,LIN,14,8,MEDIUM,14,17.765,33.161,23.049,73.975
8,Austrian Grand Prix,Racing Bulls,LIN,15,8,MEDIUM,15,17.777,33.574,23.043,74.394
8,Austrian Grand Prix,Racing Bulls,LIN,16,9,MEDIUM,16,17.771,34.117,23.032,74.92
8,Austrian Grand Prix,Racing Bulls,LIN,17,9,MEDIUM,17,17.765,33.283,22.968,74.016
8,Austrian Grand Prix,Racing Bulls,LIN,18,10,MEDIUM,18,17.721,33.299,26.771,77.791
8,Austrian Grand Prix,Racing Bulls,LIN,19,12,HARD,1,34.47,32.944,22.246,89.66
8,Austrian Grand Prix,Racing Bulls,LIN,20,11,HARD,2,17.146,33.838,22.528,73.512
8,Austrian Grand Prix,Racing Bulls,LIN,21,9,HARD,3,17.429,32.605,22.421,72.455
8,Austrian Grand Prix,Racing Bulls,LIN,22,9,HARD,4,17.687,32.614,22.419,72.72
8,Austrian Grand Prix,Racing Bulls,LIN,23,9,HARD,5,17.681,32.583,22.338,72.602
8,Austrian Grand Prix,Racing Bulls,LIN,24,9,HARD,6,17.629,32.593,30.834,81.056
8,Austrian Grand Prix,Racing Bulls,LIN,25,9,HARD,7,23.568,41.723,32.128,97.419
8,Austrian Grand Prix,Racing Bulls,LIN,26,9,HARD,8,22.797,37.362,22.248,82.407
8,Austrian Grand Prix,Racing Bulls,LIN,27,9,HARD,9,17.511,32.704,22.492,72.707
8,Austrian Grand Prix,Racing Bulls,LIN,28,9,HARD,10,17.663,32.483,22.221,72.367
8,Austrian Grand Prix,Racing Bulls,LIN,29,9,HARD,11,17.527,32.536,22.164,72.227
8,Austrian Grand Prix,Racing Bulls,LIN,30,9,HARD,12,17.467,33.036,22.243,72.746
8,Austrian Grand Prix,Racing Bulls,LIN,31,9,HARD,13,17.566,32.804,22.223,72.593
8,Austrian Grand Prix,Racing Bulls,LIN,32,9,HARD,14,17.509,32.727,22.289,72.525
8,Austrian Grand Prix,Racing Bulls,LIN,33,9,HARD,15,17.588,32.896,22.296,72.78
8,Austrian Grand Prix,Racing Bulls,LIN,34,9,HARD,16,17.527,32.986,22.297,72.81
8,Austrian Grand Prix,Racing Bulls,LIN,35,9,HARD,17,17.53,32.977,22.456,72.963
8,Austrian Grand Prix,Racing Bulls,LIN,36,9,HARD,18,17.558,32.86,22.443,72.861
8,Austrian Grand Prix,Racing Bulls,LIN,37,9,HARD,19,17.575,33.047,22.659,73.281
8,Austrian Grand Prix,Racing Bulls,LIN,38,9,HARD,20,17.621,33.603,23.18,74.404
8,Austrian Grand Prix,Racing Bulls,LIN,39,9,HARD,21,18.045,32.944,22.368,73.357
8,Austrian Grand Prix,Racing Bulls,LIN,40,9,HARD,22,17.547,33.002,22.648,73.197
8,Austrian Grand Prix,Racing Bulls,LIN,41,9,HARD,23,17.597,33.171,22.609,73.377
8,Austrian Grand Prix,Racing Bulls,LIN,42,9,HARD,24,17.609,33.389,22.603,73.601
8,Austrian Grand Prix,Racing Bulls,LIN,43,9,HARD,25,17.663,33.474,22.764,73.901
8,Austrian Grand Prix,Racing Bulls,LIN,44,9,HARD,26,17.709,33.473,22.818,74.0
8,Austrian Grand Prix,Racing Bulls,LIN,45,9,HARD,27,17.675,33.455,22.832,73.962
8,Austrian Grand Prix,Racing Bulls,LIN,46,9,HARD,28,17.72,33.483,26.427,77.63
8,Austrian Grand Prix,Racing Bulls,LIN,47,10,MEDIUM,1,34.296,33.646,22.344,90.286
8,Austrian Grand Prix,Racing Bulls,LIN,48,10,MEDIUM,2,17.34,32.565,22.237,72.142
8,Austrian Grand Prix,Racing Bulls,LIN,49,10,MEDIUM,3,17.297,32.412,22.285,71.994
8,Austrian Grand Prix,Racing Bulls,LIN,50,10,MEDIUM,4,17.273,32.635,22.099,72.007
8,Austrian Grand Prix,Racing Bulls,LIN,51,10,MEDIUM,5,17.287,33.021,24.39,74.698
8,Austrian Grand Prix,Racing Bulls,LIN,52,10,MEDIUM,6,24.479,36.038,21.914,82.431
8,Austrian Grand Prix,Racing Bulls,LIN,53,10,MEDIUM,7,17.408,32.428,22.045,71.881
8,Austrian Grand Prix,Racing Bulls,LIN,54,10,MEDIUM,8,17.32,32.295,22.046,71.661
8,Austrian Grand Prix,Racing Bulls,LIN,55,10,MEDIUM,9,19.012,32.597,22.005,73.614
8,Austrian Grand Prix,Racing Bulls,LIN,56,10,MEDIUM,10,17.274,32.344,21.969,71.587
8,Austrian Grand Prix,Racing Bulls,LIN,57,10,MEDIUM,11,17.332,32.581,22.006,71.919
8,Austrian Grand Prix,Racing Bulls,LIN,58,10,MEDIUM,12,17.267,32.362,22.131,71.76
8,Austrian Grand Prix,Racing Bulls,LIN,59,10,MEDIUM,13,17.301,32.524,22.093,71.918
8,Austrian Grand Prix,Racing Bulls,LIN,60,10,MEDIUM,14,17.283,32.516,23.703,73.502
8,Austrian Grand Prix,Racing Bulls,LIN,61,10,MEDIUM,15,17.452,32.559,22.054,72.065
8,Austrian Grand Prix,Racing Bulls,LIN,62,10,MEDIUM,16,17.335,34.33,22.38,74.045
8,Austrian Grand Prix,Racing Bulls,LIN,63,10,MEDIUM,17,17.456,32.722,22.169,72.347
8,Austrian Grand Prix,Racing Bulls,LIN,64,10,MEDIUM,18,17.319,32.767,22.129,72.215
8,Austrian Grand Prix,Racing Bulls,LIN,65,10,MEDIUM,19,17.435,32.804,22.37,72.609
8,Austrian Grand Prix,Racing Bulls,LIN,66,10,MEDIUM,20,17.582,32.952,22.327,72.861
8,Austrian Grand Prix,Racing Bulls,LIN,67,10,MEDIUM,21,17.343,32.801,22.725,72.869
8,Austrian Grand Prix,Racing Bulls,LIN,68,10,MEDIUM,22,17.448,32.871,22.485,72.804
8,Austrian Grand Prix,Racing Bulls,LIN,69,10,MEDIUM,23,17.542,32.853,22.386,72.781
8,Austrian Grand Prix,Racing Bulls,LIN,70,10,MEDIUM,24,17.365,32.937,22.36,72.662
8,Austrian Grand Prix,Alpine,COL,1,20,MEDIUM,1,,35.048,23.775,83.65
8,Austrian Grand Prix,Alpine,COL,2,19,MEDIUM,2,17.959,33.514,23.281,74.754
8,Austrian Grand Prix,Alpine,COL,3,19,MEDIUM,3,17.694,33.526,23.203,74.423
8,Austrian Grand Prix,Alpine,COL,4,18,MEDIUM,4,17.485,33.258,23.109,73.852
8,Austrian Grand Prix,Alpine,COL,5,18,MEDIUM,5,17.808,33.939,23.353,75.1
8,Austrian Grand Prix,Alpine,COL,6,18,MEDIUM,6,18.167,33.14,22.876,74.183
8,Austrian Grand Prix,Alpine,COL,7,18,MEDIUM,7,17.758,33.316,23.037,74.111
8,Austrian Grand Prix,Alpine,COL,8,18,MEDIUM,8,17.682,33.518,23.451,74.651
8,Austrian Grand Prix,Alpine,COL,9,18,MEDIUM,9,17.852,33.68,23.73,75.262
8,Austrian Grand Prix,Alpine,COL,10,18,MEDIUM,10,17.881,33.711,23.722,75.314
8,Austrian Grand Prix,Alpine,COL,11,18,MEDIUM,11,17.892,33.869,23.968,75.729
8,Austrian Grand Prix,Alpine,COL,12,18,MEDIUM,12,17.906,33.741,23.841,75.488
8,Austrian Grand Prix,Alpine,COL,13,18,MEDIUM,13,17.951,33.941,23.495,75.387
8,Austrian Grand Prix,Alpine,COL,14,17,MEDIUM,14,17.789,33.731,24.815,76.335
8,Austrian Grand Prix,Alpine,COL,15,16,MEDIUM,15,18.229,33.616,23.395,75.24
8,Austrian Grand Prix,Alpine,COL,16,16,MEDIUM,16,18.069,33.419,23.122,74.61
8,Austrian Grand Prix,Alpine,COL,17,16,MEDIUM,17,18.068,33.289,23.06,74.417
8,Austrian Grand Prix,Alpine,COL,18,14,MEDIUM,18,17.862,33.413,23.195,74.47
8,Austrian Grand Prix,Alpine,COL,19,13,MEDIUM,19,17.964,33.627,23.184,74.775
8,Austrian Grand Prix,Alpine,COL,20,15,MEDIUM,20,17.755,33.994,27.428,79.177
8,Austrian Grand Prix,Alpine,COL,21,20,HARD,1,35.49,33.588,23.045,92.123
8,Austrian Grand Prix,Alpine,COL,22,19,HARD,2,17.748,32.59,22.963,73.301
8,Austrian Grand Prix,Alpine,COL,23,18,HARD,3,17.689,32.798,22.957,73.444
8,Austrian Grand Prix,Alpine,COL,24,17,HARD,4,17.829,43.37,31.792,92.991
8,Austrian Grand Prix,Alpine,COL,25,17,HARD,5,22.742,40.731,30.057,93.53
8,Austrian Grand Prix,Alpine,COL,26,17,HARD,6,19.069,33.043,22.815,74.927
8,Austrian Grand Prix,Alpine,COL,27,17,HARD,7,17.661,32.727,22.575,72.963
8,Austrian Grand Prix,Alpine,COL,28,17,HARD,8,17.628,32.513,22.532,72.673
8,Austrian Grand Prix,Alpine,COL,29,17,HARD,9,17.673,32.821,22.61,73.104
8,Austrian Grand Prix,Alpine,COL,30,16,HARD,10,17.422,32.622,22.534,72.578
8,Austrian Grand Prix,Alpine,COL,31,16,HARD,11,17.79,32.879,23.803,74.472
8,Austrian Grand Prix,Alpine,COL,32,16,HARD,12,17.636,32.91,22.62,73.166
8,Austrian Grand Prix,Alpine,COL,33,15,HARD,13,17.668,34.095,22.737,74.5
8,Austrian Grand Prix,Alpine,COL,34,15,HARD,14,17.618,32.788,22.702,73.108
8,Austrian Grand Prix,Alpine,COL,35,15,HARD,15,17.737,32.763,22.765,73.265
8,Austrian Grand Prix,Alpine,COL,36,15,HARD,16,17.755,32.989,22.83,73.574
8,Austrian Grand Prix,Alpine,COL,37,15,HARD,17,17.697,34.426,22.906,75.029
8,Austrian Grand Prix,Alpine,COL,38,15,HARD,18,17.691,33.075,22.876,73.642
8,Austrian Grand Prix,Alpine,COL,39,15,HARD,19,17.936,33.267,22.845,74.048
8,Austrian Grand Prix,Alpine,COL,40,15,HARD,20,17.82,33.08,22.711,73.611
8,Austrian Grand Prix,Alpine,COL,41,15,HARD,21,17.676,35.494,23.169,76.339
8,Austrian Grand Prix,Alpine,COL,42,15,HARD,22,17.732,33.086,22.781,73.599
8,Austrian Grand Prix,Alpine,COL,43,15,HARD,23,17.671,33.334,24.103,75.108
8,Austrian Grand Prix,Alpine,COL,44,15,HARD,24,17.571,33.219,22.906,73.696
8,Austrian Grand Prix,Alpine,COL,45,15,HARD,25,17.664,33.513,22.934,74.111
8,Austrian Grand Prix,Alpine,COL,46,14,HARD,26,17.785,33.073,27.02,77.878
8,Austrian Grand Prix,Alpine,COL,47,17,MEDIUM,1,35.178,33.074,22.526,90.778
8,Austrian Grand Prix,Alpine,COL,48,17,MEDIUM,2,17.471,32.308,22.547,72.326
8,Austrian Grand Prix,Alpine,COL,49,16,MEDIUM,3,17.324,32.3,22.171,71.795
8,Austrian Grand Prix,Alpine,COL,50,16,MEDIUM,4,17.546,32.565,22.383,72.494
8,Austrian Grand Prix,Alpine,COL,51,16,MEDIUM,5,17.556,42.069,24.587,84.212
8,Austrian Grand Prix,Alpine,COL,52,16,MEDIUM,6,17.473,32.599,22.424,72.496
8,Austrian Grand Prix,Alpine,COL,53,16,MEDIUM,7,17.475,33.055,22.634,73.164
8,Austrian Grand Prix,Alpine,COL,54,15,MEDIUM,8,17.293,32.8,22.292,72.385
8,Austrian Grand Prix,Alpine,COL,55,15,MEDIUM,9,17.692,32.437,22.232,72.361
8,Austrian Grand Prix,Alpine,COL,56,15,MEDIUM,10,17.514,32.37,22.097,71.981
8,Austrian Grand Prix,Alpine,COL,57,15,MEDIUM,11,17.536,32.504,22.247,72.287
8,Austrian Grand Prix,Alpine,COL,58,15,MEDIUM,12,17.461,32.49,22.198,72.149
8,Austrian Grand Prix,Alpine,COL,59,15,MEDIUM,13,17.575,32.408,22.29,72.273
8,Austrian Grand Prix,Alpine,COL,60,15,MEDIUM,14,17.509,32.583,23.48,73.572
8,Austrian Grand Prix,Alpine,COL,61,15,MEDIUM,15,17.366,33.052,22.404,72.822
8,Austrian Grand Prix,Alpine,COL,62,15,MEDIUM,16,17.369,32.942,22.423,72.734
8,Austrian Grand Prix,Alpine,COL,63,15,MEDIUM,17,17.622,32.601,22.503,72.726
8,Austrian Grand Prix,Alpine,COL,64,15,MEDIUM,18,17.57,32.547,22.427,72.544
8,Austrian Grand Prix,Alpine,COL,65,15,MEDIUM,19,17.613,32.618,22.305,72.536
8,Austrian Grand Prix,Alpine,COL,66,15,MEDIUM,20,17.682,32.731,22.305,72.718
8,Austrian Grand Prix,Alpine,COL,67,15,MEDIUM,21,17.562,32.66,22.507,72.729
8,Austrian Grand Prix,Alpine,COL,68,15,MEDIUM,22,17.508,32.592,22.698,72.798
8,Austrian Grand Prix,Alpine,COL,69,15,MEDIUM,23,17.696,33.022,22.643,73.361
8,Austrian Grand Prix,Alpine,COL,70,15,MEDIUM,24,17.453,32.76,22.464,72.677
8,Austrian Grand Prix,Ferrari,HAM,1,2,MEDIUM,1,,32.733,22.144,75.802
8,Austrian Grand Prix,Ferrari,HAM,2,2,MEDIUM,2,17.47,32.538,22.02,72.028
8,Austrian Grand Prix,Ferrari,HAM,3,2,MEDIUM,3,17.344,32.443,22.187,71.974
8,Austrian Grand Prix,Ferrari,HAM,4,2,MEDIUM,4,17.356,32.473,22.108,71.937
8,Austrian Grand Prix,Ferrari,HAM,5,2,MEDIUM,5,17.362,32.308,22.211,71.881
8,Austrian Grand Prix,Ferrari,HAM,6,2,MEDIUM,6,17.517,32.585,22.344,72.446
8,Austrian Grand Prix,Ferrari,HAM,7,2,MEDIUM,7,17.463,32.568,22.399,72.43
8,Austrian Grand Prix,Ferrari,HAM,8,2,MEDIUM,8,17.535,32.597,22.409,72.541
8,Austrian Grand Prix,Ferrari,HAM,9,2,MEDIUM,9,17.601,32.564,22.48,72.645
8,Austrian Grand Prix,Ferrari,HAM,10,2,MEDIUM,10,17.668,32.675,22.493,72.836
8,Austrian Grand Prix,Ferrari,HAM,11,2,MEDIUM,11,17.655,33.931,22.934,74.52
8,Austrian Grand Prix,Ferrari,HAM,12,4,MEDIUM,12,17.755,32.748,27.036,77.539
8,Austrian Grand Prix,Ferrari,HAM,13,11,HARD,1,34.428,32.426,22.347,89.201
8,Austrian Grand Prix,Ferrari,HAM,14,9,HARD,2,17.512,32.326,22.479,72.317
8,Austrian Grand Prix,Ferrari,HAM,15,9,HARD,3,17.448,32.486,22.85,72.784
8,Austrian Grand Prix,Ferrari,HAM,16,8,HARD,4,17.582,32.495,22.241,72.318
8,Austrian Grand Prix,Ferrari,HAM,17,8,HARD,5,17.387,32.391,22.713,72.491
8,Austrian Grand Prix,Ferrari,HAM,18,7,HARD,6,17.516,32.491,22.296,72.303
8,Austrian Grand Prix,Ferrari,HAM,19,5,HARD,7,17.454,32.456,22.342,72.252
8,Austrian Grand Prix,Ferrari,HAM,20,4,HARD,8,17.508,32.198,22.181,71.887
8,Austrian Grand Prix,Ferrari,HAM,21,3,HARD,9,17.345,32.212,22.37,71.927
8,Austrian Grand Prix,Ferrari,HAM,22,4,HARD,10,17.46,33.936,22.62,74.016
8,Austrian Grand Prix,Ferrari,HAM,23,4,HARD,11,17.712,32.432,22.179,72.323
8,Austrian Grand Prix,Ferrari,HAM,24,4,HARD,12,17.362,32.482,22.673,72.517
8,Austrian Grand Prix,Ferrari,HAM,25,3,HARD,13,26.12,40.814,31.915,98.849
8,Austrian Grand Prix,Ferrari,HAM,26,7,SOFT,3,36.633,42.897,22.419,101.949
8,Austrian Grand Prix,Ferrari,HAM,27,7,SOFT,4,17.282,31.963,22.039,71.284
8,Austrian Grand Prix,Ferrari,HAM,28,7,SOFT,5,17.201,31.96,21.918,71.079
8,Austrian Grand Prix,Ferrari,HAM,29,7,SOFT,6,17.159,32.229,22.009,71.397
8,Austrian Grand Prix,Ferrari,HAM,30,6,SOFT,7,17.144,32.304,22.402,71.85
8,Austrian Grand Prix,Ferrari,HAM,31,6,SOFT,8,17.401,32.172,22.131,71.704
8,Austrian Grand Prix,Ferrari,HAM,32,6,SOFT,9,17.466,32.18,21.944,71.59
8,Austrian Grand Prix,Ferrari,HAM,33,6,SOFT,10,17.412,32.266,22.071,71.749
8,Austrian Grand Prix,Ferrari,HAM,34,6,SOFT,11,17.336,32.236,21.924,71.496
8,Austrian Grand Prix,Ferrari,HAM,35,6,SOFT,12,17.285,32.421,22.021,71.727
8,Austrian Grand Prix,Ferrari,HAM,36,6,SOFT,13,17.315,32.59,22.225,72.13
8,Austrian Grand Prix,Ferrari,HAM,37,5,SOFT,14,17.288,32.866,22.398,72.552
8,Austrian Grand Prix,Ferrari,HAM,38,5,SOFT,15,17.395,32.52,22.332,72.247
8,Austrian Grand Prix,Ferrari,HAM,39,5,SOFT,16,17.278,32.725,22.503,72.506
8,Austrian Grand Prix,Ferrari,HAM,40,5,SOFT,17,17.377,32.628,22.154,72.159
8,Austrian Grand Prix,Ferrari,HAM,41,5,SOFT,18,17.395,32.435,22.353,72.183
8,Austrian Grand Prix,Ferrari,HAM,42,5,SOFT,19,17.392,32.681,26.421,76.494
8,Austrian Grand Prix,Ferrari,HAM,43,7,HARD,1,33.802,32.26,21.941,88.003
8,Austrian Grand Prix,Ferrari,HAM,44,7,HARD,2,17.162,32.117,21.94,71.219
8,Austrian Grand Prix,Ferrari,HAM,45,7,HARD,3,17.191,31.852,21.903,70.946
8,Austrian Grand Prix,Ferrari,HAM,46,7,HARD,4,17.26,32.226,21.956,71.442
8,Austrian Grand Prix,Ferrari,HAM,47,7,HARD,5,17.247,32.083,21.962,71.292
8,Austrian Grand Prix,Ferrari,HAM,48,6,HARD,6,17.342,32.073,21.848,71.263
8,Austrian Grand Prix,Ferrari,HAM,49,6,HARD,7,17.144,31.957,21.898,70.999
8,Austrian Grand Prix,Ferrari,HAM,50,6,HARD,8,17.191,32.005,21.787,70.983
8,Austrian Grand Prix,Ferrari,HAM,51,6,HARD,9,17.106,32.444,21.963,71.513
8,Austrian Grand Prix,Ferrari,HAM,52,5,HARD,10,17.161,33.929,29.387,80.477
8,Austrian Grand Prix,Ferrari,HAM,53,5,HARD,11,20.322,32.225,21.827,74.374
8,Austrian Grand Prix,Ferrari,HAM,54,5,HARD,12,17.341,32.382,21.969,71.692
8,Austrian Grand Prix,Ferrari,HAM,55,5,HARD,13,17.389,32.242,21.948,71.579
8,Austrian Grand Prix,Ferrari,HAM,56,5,HARD,14,17.201,32.118,21.998,71.317
8,Austrian Grand Prix,Ferrari,HAM,57,5,HARD,15,17.252,32.051,21.928,71.231
8,Austrian Grand Prix,Ferrari,HAM,58,5,HARD,16,17.202,32.095,22.009,71.306
8,Austrian Grand Prix,Ferrari,HAM,59,5,HARD,17,17.282,32.143,21.959,71.384
8,Austrian Grand Prix,Ferrari,HAM,60,5,HARD,18,17.289,32.106,22.003,71.398
8,Austrian Grand Prix,Ferrari,HAM,61,5,HARD,19,17.324,32.08,22.065,71.469
8,Austrian Grand Prix,Ferrari,HAM,62,5,HARD,20,17.328,32.393,22.079,71.8
8,Austrian Grand Prix,Ferrari,HAM,63,5,HARD,21,17.323,32.177,22.005,71.505
8,Austrian Grand Prix,Ferrari,HAM,64,5,HARD,22,17.306,32.132,22.055,71.493
8,Austrian Grand Prix,Ferrari,HAM,65,5,HARD,23,17.247,32.237,22.174,71.658
8,Austrian Grand Prix,Ferrari,HAM,66,5,HARD,24,17.321,32.478,22.26,72.059
8,Austrian Grand Prix,Ferrari,HAM,67,5,HARD,25,17.379,32.48,22.221,72.08
8,Austrian Grand Prix,Ferrari,HAM,68,5,HARD,26,17.321,32.452,22.473,72.246
8,Austrian Grand Prix,Ferrari,HAM,69,5,HARD,27,17.355,32.489,22.329,72.173
8,Austrian Grand Prix,Ferrari,HAM,70,5,HARD,28,17.701,32.648,22.353,72.702
8,Austrian Grand Prix,Ferrari,HAM,71,5,HARD,29,17.486,32.816,22.607,72.909
8,Austrian Grand Prix,Audi,BOR,1,11,SOFT,1,,33.933,23.529,80.223
8,Austrian Grand Prix,Audi,BOR,2,12,SOFT,2,17.98,33.507,23.029,74.516
8,Austrian Grand Prix,Audi,BOR,3,12,SOFT,3,17.681,32.996,22.861,73.538
8,Austrian Grand Prix,Audi,BOR,4,12,SOFT,4,17.748,33.369,23.013,74.13
8,Austrian Grand Prix,Audi,BOR,5,12,SOFT,5,17.82,33.199,23.03,74.049
8,Austrian Grand Prix,Audi,BOR,6,12,SOFT,6,17.762,32.982,22.981,73.725
8,Austrian Grand Prix,Audi,BOR,7,11,SOFT,7,17.839,33.224,22.77,73.833
8,Austrian Grand Prix,Audi,BOR,8,11,SOFT,8,17.91,32.931,23.119,73.96
8,Austrian Grand Prix,Audi,BOR,9,11,SOFT,9,17.906,32.963,22.939,73.808
8,Austrian Grand Prix,Audi,BOR,10,11,SOFT,10,17.926,32.933,23.097,73.956
8,Austrian Grand Prix,Audi,BOR,11,11,SOFT,11,17.979,32.885,23.114,73.978
8,Austrian Grand Prix,Audi,BOR,12,11,SOFT,12,17.856,32.894,23.014,73.764
8,Austrian Grand Prix,Audi,BOR,13,10,SOFT,13,17.999,32.895,23.152,74.046
8,Austrian Grand Prix,Audi,BOR,14,10,SOFT,14,18.135,33.462,23.117,74.714
8,Austrian Grand Prix,Audi,BOR,15,10,SOFT,15,17.937,33.067,23.087,74.091
8,Austrian Grand Prix,Audi,BOR,16,10,SOFT,16,17.973,33.068,23.031,74.072
8,Austrian Grand Prix,Audi,BOR,17,11,SOFT,17,17.881,33.061,27.202,78.144
8,Austrian Grand Prix,Audi,BOR,18,15,MEDIUM,1,35.656,32.712,22.33,90.698
8,Austrian Grand Prix,Audi,BOR,19,14,MEDIUM,2,17.772,32.53,22.762,73.064
8,Austrian Grand Prix,Audi,BOR,20,13,MEDIUM,3,17.521,32.658,22.359,72.538
8,Austrian Grand Prix,Audi,BOR,21,11,MEDIUM,4,17.567,32.896,22.554,73.017
8,Austrian Grand Prix,Audi,BOR,22,11,MEDIUM,5,17.807,32.484,22.69,72.981
8,Austrian Grand Prix,Audi,BOR,23,11,MEDIUM,6,17.752,32.302,22.377,72.431
8,Austrian Grand Prix,Audi,BOR,24,11,MEDIUM,7,17.771,32.441,31.263,81.475
8,Austrian Grand Prix,Audi,BOR,25,11,MEDIUM,8,23.339,42.543,32.374,98.256
8,Austrian Grand Prix,Audi,BOR,26,11,MEDIUM,9,21.649,37.77,22.656,82.075
8,Austrian Grand Prix,Audi,BOR,27,11,MEDIUM,10,17.645,32.413,22.498,72.556
8,Austrian Grand Prix,Audi,BOR,28,11,MEDIUM,11,17.596,32.456,22.406,72.458
8,Austrian Grand Prix,Audi,BOR,29,11,MEDIUM,12,17.598,32.412,22.486,72.496
8,Austrian Grand Prix,Audi,BOR,30,11,MEDIUM,13,17.745,32.478,22.548,72.771
8,Austrian Grand Prix,Audi,BOR,31,11,MEDIUM,14,17.758,32.604,22.518,72.88
8,Austrian Grand Prix,Audi,BOR,32,11,MEDIUM,15,17.716,32.557,22.625,72.898
8,Austrian Grand Prix,Audi,BOR,33,11,MEDIUM,16,17.757,32.776,22.501,73.034
8,Austrian Grand Prix,Audi,BOR,34,11,MEDIUM,17,17.75,32.828,22.614,73.192
8,Austrian Grand Prix,Audi,BOR,35,11,MEDIUM,18,17.758,32.843,22.765,73.366
8,Austrian Grand Prix,Audi,BOR,36,11,MEDIUM,19,17.801,32.788,22.663,73.252
8,Austrian Grand Prix,Audi,BOR,37,11,MEDIUM,20,17.912,32.912,22.711,73.535
8,Austrian Grand Prix,Audi,BOR,38,11,MEDIUM,21,17.884,32.945,22.708,73.537
8,Austrian Grand Prix,Audi,BOR,39,11,MEDIUM,22,17.826,32.782,22.747,73.355
8,Austrian Grand Prix,Audi,BOR,40,11,MEDIUM,23,17.707,33.152,22.967,73.826
8,Austrian Grand Prix,Audi,BOR,41,11,MEDIUM,24,17.658,33.256,22.816,73.73
8,Austrian Grand Prix,Audi,BOR,42,11,MEDIUM,25,17.758,33.666,22.786,74.21
8,Austrian Grand Prix,Audi,BOR,43,11,MEDIUM,26,17.917,33.414,23.056,74.387
8,Austrian Grand Prix,Audi,BOR,44,11,MEDIUM,27,17.916,33.304,27.187,78.407
8,Austrian Grand Prix,Audi,BOR,45,12,HARD,1,34.599,32.464,22.057,89.12
8,Austrian Grand Prix,Audi,BOR,46,11,HARD,2,17.555,32.325,22.256,72.136
8,Austrian Grand Prix,Audi,BOR,47,11,HARD,3,17.569,32.204,22.358,72.131
8,Austrian Grand Prix,Audi,BOR,48,11,HARD,4,17.661,32.343,22.309,72.313
8,Austrian Grand Prix,Audi,BOR,49,11,HARD,5,17.562,32.274,22.289,72.125
8,Austrian Grand Prix,Audi,BOR,50,11,HARD,6,18.015,33.113,22.318,73.446
8,Austrian Grand Prix,Audi,BOR,51,11,HARD,7,17.601,32.458,27.07,77.129
8,Austrian Grand Prix,Audi,BOR,52,11,HARD,8,22.888,34.597,22.418,79.903
8,Austrian Grand Prix,Audi,BOR,53,11,HARD,9,17.56,32.171,22.369,72.1
8,Austrian Grand Prix,Audi,BOR,54,11,HARD,10,17.6,32.269,22.302,72.171
8,Austrian Grand Prix,Audi,BOR,55,11,HARD,11,17.631,32.379,22.219,72.229
8,Austrian Grand Prix,Audi,BOR,56,11,HARD,12,17.658,33.653,22.249,73.56
8,Austrian Grand Prix,Audi,BOR,57,11,HARD,13,17.531,32.379,22.222,72.132
8,Austrian Grand Prix,Audi,BOR,58,11,HARD,14,17.619,33.517,22.357,73.493
8,Austrian Grand Prix,Audi,BOR,59,11,HARD,15,17.468,32.249,22.149,71.866
8,Austrian Grand Prix,Audi,BOR,60,11,HARD,16,17.461,32.264,22.172,71.897
8,Austrian Grand Prix,Audi,BOR,61,11,HARD,17,17.567,32.409,22.338,72.314
8,Austrian Grand Prix,Audi,BOR,62,11,HARD,18,17.64,32.509,22.302,72.451
8,Austrian Grand Prix,Audi,BOR,63,11,HARD,19,17.639,34.169,22.469,74.277
8,Austrian Grand Prix,Audi,BOR,64,11,HARD,20,17.486,32.427,22.48,72.393
8,Austrian Grand Prix,Audi,BOR,65,11,HARD,21,17.559,32.503,22.426,72.488
8,Austrian Grand Prix,Audi,BOR,66,11,HARD,22,17.602,32.723,22.604,72.929
8,Austrian Grand Prix,Audi,BOR,67,11,HARD,23,18.244,33.381,22.633,74.258
8,Austrian Grand Prix,Audi,BOR,68,11,HARD,24,17.56,32.76,22.498,72.818
8,Austrian Grand Prix,Audi,BOR,69,11,HARD,25,17.594,32.737,22.485,72.816
8,Austrian Grand Prix,Audi,BOR,70,11,HARD,26,17.649,34.445,22.733,74.827
8,Austrian Grand Prix,Williams,SAI,1,16,SOFT,1,,34.518,23.647,82.045
8,Austrian Grand Prix,Williams,SAI,2,16,SOFT,2,17.771,33.776,23.143,74.69
8,Austrian Grand Prix,Williams,SAI,3,16,SOFT,3,17.579,33.389,23.198,74.166
8,Austrian Grand Prix,Williams,SAI,4,16,SOFT,4,17.638,33.324,23.287,74.249
8,Austrian Grand Prix,Williams,SAI,5,16,SOFT,5,17.842,33.02,23.282,74.144
8,Austrian Grand Prix,Williams,SAI,6,16,SOFT,6,17.789,33.062,23.406,74.257
8,Austrian Grand Prix,Williams,SAI,7,16,SOFT,7,17.767,33.239,23.614,74.62
8,Austrian Grand Prix,Williams,SAI,8,16,SOFT,8,17.801,33.399,23.421,74.621
8,Austrian Grand Prix,Williams,SAI,9,16,SOFT,9,17.825,33.553,23.521,74.899
8,Austrian Grand Prix,Williams,SAI,10,16,SOFT,10,17.819,33.767,24.03,75.616
8,Austrian Grand Prix,Williams,SAI,11,16,SOFT,11,17.911,33.597,23.947,75.455
8,Austrian Grand Prix,Williams,SAI,12,16,SOFT,12,17.987,33.627,23.724,75.338
8,Austrian Grand Prix,Williams,SAI,13,15,SOFT,13,17.978,33.366,23.725,75.069
8,Austrian Grand Prix,Williams,SAI,14,16,SOFT,14,17.803,33.603,27.412,78.818
8,Austrian Grand Prix,Williams,SAI,15,20,MEDIUM,1,34.342,34.212,23.112,91.666
8,Austrian Grand Prix,Williams,SAI,16,20,MEDIUM,2,18.003,33.129,23.171,74.303
8,Austrian Grand Prix,Williams,SAI,17,20,MEDIUM,3,17.909,32.971,23.263,74.143
8,Austrian Grand Prix,Williams,SAI,18,20,MEDIUM,4,17.832,32.984,23.049,73.865
8,Austrian Grand Prix,Williams,SAI,19,17,MEDIUM,5,17.79,32.924,23.164,73.878
8,Austrian Grand Prix,Williams,SAI,20,16,MEDIUM,6,17.757,32.957,23.045,73.759
8,Austrian Grand Prix,Williams,SAI,21,15,MEDIUM,7,17.863,32.909,23.027,73.799
8,Austrian Grand Prix,Williams,SAI,22,14,MEDIUM,8,17.809,32.907,22.978,73.694
8,Austrian Grand Prix,Williams,SAI,23,15,MEDIUM,9,17.829,33.002,25.609,76.44
8,Austrian Grand Prix,Williams,SAI,24,,MEDIUM,10,,,,
8,Austrian Grand Prix,Red Bull Racing,HAD,1,9,MEDIUM,1,,34.261,23.335,79.548
8,Austrian Grand Prix,Red Bull Racing,HAD,2,9,MEDIUM,2,17.674,32.934,22.805,73.413
8,Austrian Grand Prix,Red Bull Racing,HAD,3,9,MEDIUM,3,17.381,33.208,22.91,73.499
8,Austrian Grand Prix,Red Bull Racing,HAD,4,8,MEDIUM,4,17.364,33.295,22.37,73.029
8,Austrian Grand Prix,Red Bull Racing,HAD,5,8,MEDIUM,5,17.32,32.867,22.406,72.593
8,Austrian Grand Prix,Red Bull Racing,HAD,6,8,MEDIUM,6,17.368,32.551,22.438,72.357
8,Austrian Grand Prix,Red Bull Racing,HAD,7,8,MEDIUM,7,17.37,32.869,22.467,72.706
8,Austrian Grand Prix,Red Bull Racing,HAD,8,8,MEDIUM,8,17.483,32.769,22.665,72.917
8,Austrian Grand Prix,Red Bull Racing,HAD,9,8,MEDIUM,9,17.409,32.788,22.66,72.857
8,Austrian Grand Prix,Red Bull Racing,HAD,10,8,MEDIUM,10,17.408,33.07,22.784,73.262
8,Austrian Grand Prix,Red Bull Racing,HAD,11,8,MEDIUM,11,17.514,33.046,22.889,73.449
8,Austrian Grand Prix,Red Bull Racing,HAD,12,8,MEDIUM,12,17.565,33.049,22.853,73.467
8,Austrian Grand Prix,Red Bull Racing,HAD,13,6,MEDIUM,13,17.699,33.023,22.834,73.556
8,Austrian Grand Prix,Red Bull Racing,HAD,14,6,MEDIUM,14,17.831,33.056,22.998,73.885
8,Austrian Grand Prix,Red Bull Racing,HAD,15,6,MEDIUM,15,17.74,32.899,22.879,73.518
8,Austrian Grand Prix,Red Bull Racing,HAD,16,6,MEDIUM,16,17.823,33.079,22.843,73.745
8,Austrian Grand Prix,Red Bull Racing,HAD,17,6,MEDIUM,17,17.72,33.023,22.735,73.478
8,Austrian Grand Prix,Red Bull Racing,HAD,18,6,MEDIUM,18,17.728,32.903,26.308,76.939
8,Austrian Grand Prix,Red Bull Racing,HAD,19,9,MEDIUM,1,34.672,32.433,22.072,89.177
8,Austrian Grand Prix,Red Bull Racing,HAD,20,8,MEDIUM,2,17.369,32.266,22.204,71.839
8,Austrian Grand Prix,Red Bull Racing,HAD,21,8,MEDIUM,3,17.189,32.007,22.072,71.268
8,Austrian Grand Prix,Red Bull Racing,HAD,22,7,MEDIUM,4,17.31,32.345,22.143,71.798
8,Austrian Grand Prix,Red Bull Racing,HAD,23,7,MEDIUM,5,17.215,32.234,22.078,71.527
8,Austrian Grand Prix,Red Bull Racing,HAD,24,7,MEDIUM,6,17.291,32.253,22.595,72.139
8,Austrian Grand Prix,Red Bull Racing,HAD,25,7,MEDIUM,7,26.568,42.41,31.482,100.46
8,Austrian Grand Prix,Red Bull Racing,HAD,26,6,MEDIUM,8,22.406,42.014,23.172,87.592
8,Austrian Grand Prix,Red Bull Racing,HAD,27,6,MEDIUM,9,17.251,32.113,22.257,71.621
8,Austrian Grand Prix,Red Bull Racing,HAD,28,6,MEDIUM,10,17.507,32.338,21.956,71.801
8,Austrian Grand Prix,Red Bull Racing,HAD,29,6,MEDIUM,11,17.344,32.297,22.023,71.664
8,Austrian Grand Prix,Red Bull Racing,HAD,30,7,MEDIUM,12,17.331,32.793,22.7,72.824
8,Austrian Grand Prix,Red Bull Racing,HAD,31,7,MEDIUM,13,17.303,32.533,22.408,72.244
8,Austrian Grand Prix,Red Bull Racing,HAD,32,7,MEDIUM,14,17.481,32.561,22.145,72.187
8,Austrian Grand Prix,Red Bull Racing,HAD,33,7,MEDIUM,15,17.533,32.441,22.228,72.202
8,Austrian Grand Prix,Red Bull Racing,HAD,34,7,MEDIUM,16,17.49,32.602,22.245,72.337
8,Austrian Grand Prix,Red Bull Racing,HAD,35,7,MEDIUM,17,17.516,32.638,22.138,72.292
8,Austrian Grand Prix,Red Bull Racing,HAD,36,7,MEDIUM,18,17.539,32.678,22.345,72.562
8,Austrian Grand Prix,Red Bull Racing,HAD,37,6,MEDIUM,19,17.594,32.73,22.375,72.699
8,Austrian Grand Prix,Red Bull Racing,HAD,38,6,MEDIUM,20,17.534,32.533,22.161,72.228
8,Austrian Grand Prix,Red Bull Racing,HAD,39,6,MEDIUM,21,17.577,32.673,22.193,72.443
8,Austrian Grand Prix,Red Bull Racing,HAD,40,7,MEDIUM,22,17.49,32.615,25.692,75.797
8,Austrian Grand Prix,Red Bull Racing,HAD,41,8,HARD,1,33.745,32.205,21.808,87.758
8,Austrian Grand Prix,Red Bull Racing,HAD,42,8,HARD,2,17.278,31.951,21.718,70.947
8,Austrian Grand Prix,Red Bull Racing,HAD,43,8,HARD,3,17.113,32.114,22.0,71.227
8,Austrian Grand Prix,Red Bull Racing,HAD,44,8,HARD,4,16.945,32.819,22.433,72.197
8,Austrian Grand Prix,Red Bull Racing,HAD,45,8,HARD,5,17.187,31.92,21.895,71.002
8,Austrian Grand Prix,Red Bull Racing,HAD,46,8,HARD,6,17.163,32.158,21.974,71.295
8,Austrian Grand Prix,Red Bull Racing,HAD,47,8,HARD,7,17.238,32.25,22.01,71.498
8,Austrian Grand Prix,Red Bull Racing,HAD,48,7,HARD,8,17.324,32.144,21.896,71.364
8,Austrian Grand Prix,Red Bull Racing,HAD,49,7,HARD,9,17.254,32.113,22.016,71.383
8,Austrian Grand Prix,Red Bull Racing,HAD,50,7,HARD,10,17.274,32.527,21.862,71.663
8,Austrian Grand Prix,Red Bull Racing,HAD,51,7,HARD,11,17.287,32.284,21.891,71.462
8,Austrian Grand Prix,Red Bull Racing,HAD,52,7,HARD,12,17.388,35.104,29.307,81.799
8,Austrian Grand Prix,Red Bull Racing,HAD,53,7,HARD,13,18.701,32.27,22.05,73.021
8,Austrian Grand Prix,Red Bull Racing,HAD,54,7,HARD,14,17.27,32.038,21.977,71.285
8,Austrian Grand Prix,Red Bull Racing,HAD,55,7,HARD,15,17.19,32.236,22.038,71.464
8,Austrian Grand Prix,Red Bull Racing,HAD,56,6,HARD,16,17.106,33.353,21.954,72.413
8,Austrian Grand Prix,Red Bull Racing,HAD,57,6,HARD,17,17.366,32.258,21.894,71.518
8,Austrian Grand Prix,Red Bull Racing,HAD,58,6,HARD,18,17.384,32.346,21.917,71.647
8,Austrian Grand Prix,Red Bull Racing,HAD,59,6,HARD,19,17.347,32.311,21.901,71.559
8,Austrian Grand Prix,Red Bull Racing,HAD,60,6,HARD,20,17.253,32.274,22.04,71.567
8,Austrian Grand Prix,Red Bull Racing,HAD,61,6,HARD,21,17.334,32.407,22.094,71.835
8,Austrian Grand Prix,Red Bull Racing,HAD,62,6,HARD,22,17.281,32.256,21.918,71.455
8,Austrian Grand Prix,Red Bull Racing,HAD,63,6,HARD,23,17.276,32.287,21.929,71.492
8,Austrian Grand Prix,Red Bull Racing,HAD,64,6,HARD,24,17.455,32.244,21.942,71.641
8,Austrian Grand Prix,Red Bull Racing,HAD,65,6,HARD,25,17.363,32.46,21.976,71.799
8,Austrian Grand Prix,Red Bull Racing,HAD,66,6,HARD,26,17.401,32.305,22.022,71.728
8,Austrian Grand Prix,Red Bull Racing,HAD,67,6,HARD,27,17.365,32.477,22.019,71.861
8,Austrian Grand Prix,Red Bull Racing,HAD,68,6,HARD,28,17.434,32.456,22.02,71.91
8,Austrian Grand Prix,Red Bull Racing,HAD,69,6,HARD,29,17.323,32.349,21.975,71.647
8,Austrian Grand Prix,Red Bull Racing,HAD,70,6,HARD,30,17.331,32.811,22.242,72.384
8,Austrian Grand Prix,Red Bull Racing,HAD,71,6,HARD,31,17.427,32.689,22.522,72.638
8,Austrian Grand Prix,Mercedes,RUS,1,1,MEDIUM,1,,32.703,21.861,75.002
8,Austrian Grand Prix,Mercedes,RUS,2,1,MEDIUM,2,17.679,32.556,21.802,72.037
8,Austrian Grand Prix,Mercedes,RUS,3,1,MEDIUM,3,17.546,32.419,21.853,71.818
8,Austrian Grand Prix,Mercedes,RUS,4,1,MEDIUM,4,17.512,32.282,21.985,71.779
8,Austrian Grand Prix,Mercedes,RUS,5,1,MEDIUM,5,17.524,32.303,21.859,71.686
8,Austrian Grand Prix,Mercedes,RUS,6,1,MEDIUM,6,17.528,32.387,22.032,71.947
8,Austrian Grand Prix,Mercedes,RUS,7,1,MEDIUM,7,17.441,32.377,22.157,71.975
8,Austrian Grand Prix,Mercedes,RUS,8,1,MEDIUM,8,17.441,32.434,22.194,72.069
8,Austrian Grand Prix,Mercedes,RUS,9,1,MEDIUM,9,17.558,32.504,22.341,72.403
8,Austrian Grand Prix,Mercedes,RUS,10,1,MEDIUM,10,17.596,32.516,22.404,72.516
8,Austrian Grand Prix,Mercedes,RUS,11,1,MEDIUM,11,17.578,32.649,22.425,72.652
8,Austrian Grand Prix,Mercedes,RUS,12,1,MEDIUM,12,17.73,32.661,22.521,72.912
8,Austrian Grand Prix,Mercedes,RUS,13,1,MEDIUM,13,17.805,32.9,22.459,73.164
8,Austrian Grand Prix,Mercedes,RUS,14,1,MEDIUM,14,17.691,32.731,22.543,72.965
8,Austrian Grand Prix,Mercedes,RUS,15,1,MEDIUM,15,17.661,32.64,22.485,72.786
8,Austrian Grand Prix,Mercedes,RUS,16,1,MEDIUM,16,17.604,32.671,22.505,72.78
8,Austrian Grand Prix,Mercedes,RUS,17,1,MEDIUM,17,17.686,32.771,22.454,72.911
8,Austrian Grand Prix,Mercedes,RUS,18,1,MEDIUM,18,17.779,32.646,22.479,72.904
8,Austrian Grand Prix,Mercedes,RUS,19,1,MEDIUM,19,17.703,32.695,26.687,77.085
8,Austrian Grand Prix,Mercedes,RUS,20,3,HARD,1,34.5,32.413,22.16,89.073
8,Austrian Grand Prix,Mercedes,RUS,21,2,HARD,2,17.36,32.119,22.451,71.93
8,Austrian Grand Prix,Mercedes,RUS,22,2,HARD,3,17.361,32.083,22.014,71.458
8,Austrian Grand Prix,Mercedes,RUS,23,2,HARD,4,17.319,32.023,21.884,71.226
8,Austrian Grand Prix,Mercedes,RUS,24,2,HARD,5,17.427,32.134,22.319,71.88
8,Austrian Grand Prix,Mercedes,RUS,25,1,HARD,6,17.649,44.969,34.278,96.896
8,Austrian Grand Prix,Mercedes,RUS,26,1,HARD,7,20.29,41.738,29.238,91.266
8,Austrian Grand Prix,Mercedes,RUS,27,1,HARD,8,17.647,32.265,22.014,71.926
8,Austrian Grand Prix,Mercedes,RUS,28,1,HARD,9,17.371,31.959,21.933,71.263
8,Austrian Grand Prix,Mercedes,RUS,29,1,HARD,10,17.384,31.903,21.966,71.253
8,Austrian Grand Prix,Mercedes,RUS,30,1,HARD,11,17.389,31.904,21.981,71.274
8,Austrian Grand Prix,Mercedes,RUS,31,1,HARD,12,17.37,32.1,22.084,71.554
8,Austrian Grand Prix,Mercedes,RUS,32,1,HARD,13,17.364,32.275,22.067,71.706
8,Austrian Grand Prix,Mercedes,RUS,33,1,HARD,14,17.362,32.125,22.059,71.546
8,Austrian Grand Prix,Mercedes,RUS,34,1,HARD,15,17.464,32.416,22.186,72.066
8,Austrian Grand Prix,Mercedes,RUS,35,1,HARD,16,17.559,32.394,22.121,72.074
8,Austrian Grand Prix,Mercedes,RUS,36,1,HARD,17,17.505,33.056,22.154,72.715
8,Austrian Grand Prix,Mercedes,RUS,37,1,HARD,18,17.516,32.331,22.296,72.143
8,Austrian Grand Prix,Mercedes,RUS,38,1,HARD,19,17.409,32.747,22.209,72.365
8,Austrian Grand Prix,Mercedes,RUS,39,1,HARD,20,17.472,32.949,22.195,72.616
8,Austrian Grand Prix,Mercedes,RUS,40,1,HARD,21,17.543,32.534,22.157,72.234
8,Austrian Grand Prix,Mercedes,RUS,41,1,HARD,22,17.483,32.335,22.117,71.935
8,Austrian Grand Prix,Mercedes,RUS,42,1,HARD,23,17.384,32.631,22.21,72.225
8,Austrian Grand Prix,Mercedes,RUS,43,2,HARD,24,17.375,32.469,26.364,76.208
8,Austrian Grand Prix,Mercedes,RUS,44,3,HARD,1,33.942,32.095,21.816,87.853
8,Austrian Grand Prix,Mercedes,RUS,45,3,HARD,2,17.21,31.772,21.878,70.86
8,Austrian Grand Prix,Mercedes,RUS,46,3,HARD,3,17.128,31.956,21.961,71.045
8,Austrian Grand Prix,Mercedes,RUS,47,3,HARD,4,17.24,31.906,21.758,70.904
8,Austrian Grand Prix,Mercedes,RUS,48,3,HARD,5,17.255,31.949,22.011,71.215
8,Austrian Grand Prix,Mercedes,RUS,49,3,HARD,6,17.23,31.759,21.694,70.683
8,Austrian Grand Prix,Mercedes,RUS,50,2,HARD,7,17.113,31.932,21.907,70.952
8,Austrian Grand Prix,Mercedes,RUS,51,2,HARD,8,17.288,31.881,22.002,71.171
8,Austrian Grand Prix,Mercedes,RUS,52,1,HARD,9,17.315,31.919,26.407,75.641
8,Austrian Grand Prix,Mercedes,RUS,53,1,HARD,10,22.236,36.084,21.711,80.031
8,Austrian Grand Prix,Mercedes,RUS,54,1,HARD,11,17.256,31.973,21.708,70.937
8,Austrian Grand Prix,Mercedes,RUS,55,1,HARD,12,17.163,31.813,21.92,70.896
8,Austrian Grand Prix,Mercedes,RUS,56,1,HARD,13,17.226,31.838,21.716,70.78
8,Austrian Grand Prix,Mercedes,RUS,57,1,HARD,14,17.495,32.21,21.798,71.503
8,Austrian Grand Prix,Mercedes,RUS,58,1,HARD,15,17.152,32.121,21.737,71.01
8,Austrian Grand Prix,Mercedes,RUS,59,1,HARD,16,17.27,32.04,21.833,71.143
8,Austrian Grand Prix,Mercedes,RUS,60,1,HARD,17,17.411,32.115,21.835,71.361
8,Austrian Grand Prix,Mercedes,RUS,61,1,HARD,18,17.254,32.049,21.81,71.113
8,Austrian Grand Prix,Mercedes,RUS,62,1,HARD,19,17.27,32.12,21.772,71.162
8,Austrian Grand Prix,Mercedes,RUS,63,1,HARD,20,17.221,31.956,21.891,71.068
8,Austrian Grand Prix,Mercedes,RUS,64,1,HARD,21,17.284,32.103,21.904,71.291
8,Austrian Grand Prix,Mercedes,RUS,65,1,HARD,22,17.22,32.318,22.043,71.581
8,Austrian Grand Prix,Mercedes,RUS,66,1,HARD,23,17.189,32.336,22.09,71.615
8,Austrian Grand Prix,Mercedes,RUS,67,1,HARD,24,17.279,32.305,21.973,71.557
8,Austrian Grand Prix,Mercedes,RUS,68,1,HARD,25,17.287,32.217,21.985,71.489
8,Austrian Grand Prix,Mercedes,RUS,69,1,HARD,26,17.249,32.184,21.992,71.425
8,Austrian Grand Prix,Mercedes,RUS,70,1,HARD,27,17.197,32.435,22.006,71.638
8,Austrian Grand Prix,Mercedes,RUS,71,1,HARD,28,17.267,32.461,22.104,71.832
8,Austrian Grand Prix,Cadillac,BOT,1,21,MEDIUM,1,,35.182,24.614,84.016
8,Austrian Grand Prix,Cadillac,BOT,2,22,MEDIUM,2,17.904,36.123,33.721,87.748
8,Austrian Grand Prix,McLaren,PIA,1,6,MEDIUM,1,,33.419,22.84,78.123
8,Austrian Grand Prix,McLaren,PIA,2,6,MEDIUM,2,17.495,33.132,22.873,73.5
8,Austrian Grand Prix,McLaren,PIA,3,6,MEDIUM,3,17.357,32.819,22.525,72.701
8,Austrian Grand Prix,McLaren,PIA,4,6,MEDIUM,4,17.389,32.627,22.344,72.36
8,Austrian Grand Prix,McLaren,PIA,5,6,MEDIUM,5,17.293,32.656,22.285,72.234
8,Austrian Grand Prix,McLaren,PIA,6,6,MEDIUM,6,17.405,32.515,22.47,72.39
8,Austrian Grand Prix,McLaren,PIA,7,6,MEDIUM,7,17.385,32.611,22.777,72.773
8,Austrian Grand Prix,McLaren,PIA,8,6,MEDIUM,8,17.548,32.847,22.826,73.221
8,Austrian Grand Prix,McLaren,PIA,9,6,MEDIUM,9,17.432,32.822,22.864,73.118
8,Austrian Grand Prix,McLaren,PIA,10,6,MEDIUM,10,17.611,32.685,22.924,73.22
8,Austrian Grand Prix,McLaren,PIA,11,6,MEDIUM,11,17.541,32.798,23.045,73.384
8,Austrian Grand Prix,McLaren,PIA,12,6,MEDIUM,12,17.537,32.911,22.978,73.426
8,Austrian Grand Prix,McLaren,PIA,13,4,MEDIUM,13,17.632,32.954,23.089,73.675
8,Austrian Grand Prix,McLaren,PIA,14,4,MEDIUM,14,17.719,32.828,22.871,73.418
8,Austrian Grand Prix,McLaren,PIA,15,4,MEDIUM,15,17.656,32.791,22.788,73.235
8,Austrian Grand Prix,McLaren,PIA,16,4,MEDIUM,16,17.698,32.601,22.88,73.179
8,Austrian Grand Prix,McLaren,PIA,17,4,MEDIUM,17,17.618,32.693,22.79,73.101
8,Austrian Grand Prix,McLaren,PIA,18,4,MEDIUM,18,17.747,32.915,22.789,73.451
8,Austrian Grand Prix,McLaren,PIA,19,4,MEDIUM,19,17.845,32.918,27.491,78.254
8,Austrian Grand Prix,McLaren,PIA,20,7,HARD,1,34.874,32.462,22.199,89.535
8,Austrian Grand Prix,McLaren,PIA,21,7,HARD,2,17.423,32.024,22.017,71.464
8,Austrian Grand Prix,McLaren,PIA,22,6,HARD,3,17.409,32.15,22.019,71.578
8,Austrian Grand Prix,McLaren,PIA,23,6,HARD,4,17.375,32.048,22.004,71.427
8,Austrian Grand Prix,McLaren,PIA,24,6,HARD,5,17.414,32.127,22.669,72.21
8,Austrian Grand Prix,McLaren,PIA,25,6,HARD,6,24.409,43.923,29.982,98.314
8,Austrian Grand Prix,McLaren,PIA,26,5,HARD,7,23.13,42.816,24.182,90.128
8,Austrian Grand Prix,McLaren,PIA,27,5,HARD,8,17.247,32.148,22.263,71.658
8,Austrian Grand Prix,McLaren,PIA,28,5,HARD,9,17.372,31.968,21.887,71.227
8,Austrian Grand Prix,McLaren,PIA,29,5,HARD,10,17.405,32.299,22.214,71.918
8,Austrian Grand Prix,McLaren,PIA,30,5,HARD,11,17.252,31.988,21.909,71.149
8,Austrian Grand Prix,McLaren,PIA,31,5,HARD,12,17.321,32.391,22.056,71.768
8,Austrian Grand Prix,McLaren,PIA,32,5,HARD,13,17.472,32.258,22.124,71.854
8,Austrian Grand Prix,McLaren,PIA,33,5,HARD,14,17.367,32.246,22.167,71.78
8,Austrian Grand Prix,McLaren,PIA,34,5,HARD,15,17.366,32.457,22.225,72.048
8,Austrian Grand Prix,McLaren,PIA,35,5,HARD,16,17.402,32.324,22.215,71.941
8,Austrian Grand Prix,McLaren,PIA,36,5,HARD,17,17.57,32.472,22.276,72.318
8,Austrian Grand Prix,McLaren,PIA,37,4,HARD,18,17.301,32.833,22.41,72.544
8,Austrian Grand Prix,McLaren,PIA,38,4,HARD,19,17.599,32.438,22.348,72.385
8,Austrian Grand Prix,McLaren,PIA,39,4,HARD,20,17.497,32.408,22.119,72.024
8,Austrian Grand Prix,McLaren,PIA,40,4,HARD,21,17.484,32.369,22.164,72.017
8,Austrian Grand Prix,McLaren,PIA,41,4,HARD,22,17.406,32.424,22.286,72.116
8,Austrian Grand Prix,McLaren,PIA,42,4,HARD,23,17.391,32.496,26.594,76.481
8,Austrian Grand Prix,McLaren,PIA,43,6,HARD,1,33.821,32.322,21.95,88.093
8,Austrian Grand Prix,McLaren,PIA,44,6,HARD,2,17.247,31.846,21.66,70.753
8,Austrian Grand Prix,McLaren,PIA,45,6,HARD,3,17.129,31.733,21.733,70.595
8,Austrian Grand Prix,McLaren,PIA,46,6,HARD,4,17.179,31.842,21.823,70.844
8,Austrian Grand Prix,McLaren,PIA,47,6,HARD,5,17.168,32.102,21.832,71.102
8,Austrian Grand Prix,McLaren,PIA,48,4,HARD,6,17.085,32.319,21.985,71.389
8,Austrian Grand Prix,McLaren,PIA,49,4,HARD,7,17.351,32.068,21.856,71.275
8,Austrian Grand Prix,McLaren,PIA,50,4,HARD,8,17.397,31.984,21.866,71.247
8,Austrian Grand Prix,McLaren,PIA,51,4,HARD,9,17.284,32.066,21.751,71.101
8,Austrian Grand Prix,McLaren,PIA,52,4,HARD,10,17.254,32.085,30.476,79.815
8,Austrian Grand Prix,McLaren,PIA,53,4,HARD,11,21.626,31.919,21.753,75.298
8,Austrian Grand Prix,McLaren,PIA,54,4,HARD,12,17.207,31.881,21.911,70.999
8,Austrian Grand Prix,McLaren,PIA,55,4,HARD,13,17.24,31.961,21.855,71.056
8,Austrian Grand Prix,McLaren,PIA,56,4,HARD,14,17.297,31.933,21.837,71.067
8,Austrian Grand Prix,McLaren,PIA,57,4,HARD,15,17.328,32.158,21.849,71.335
8,Austrian Grand Prix,McLaren,PIA,58,4,HARD,16,17.288,32.11,21.821,71.219
8,Austrian Grand Prix,McLaren,PIA,59,4,HARD,17,17.29,32.156,21.886,71.332
8,Austrian Grand Prix,McLaren,PIA,60,4,HARD,18,17.263,31.976,21.893,71.132
8,Austrian Grand Prix,McLaren,PIA,61,4,HARD,19,17.308,32.119,21.936,71.363
8,Austrian Grand Prix,McLaren,PIA,62,4,HARD,20,17.249,32.28,21.996,71.525
8,Austrian Grand Prix,McLaren,PIA,63,4,HARD,21,17.317,32.596,21.97,71.883
8,Austrian Grand Prix,McLaren,PIA,64,4,HARD,22,17.24,32.166,21.912,71.318
8,Austrian Grand Prix,McLaren,PIA,65,4,HARD,23,17.297,32.192,21.99,71.479
8,Austrian Grand Prix,McLaren,PIA,66,4,HARD,24,17.375,32.512,22.246,72.133
8,Austrian Grand Prix,McLaren,PIA,67,4,HARD,25,17.494,32.364,22.079,71.937
8,Austrian Grand Prix,McLaren,PIA,68,4,HARD,26,17.339,32.314,22.121,71.774
8,Austrian Grand Prix,McLaren,PIA,69,4,HARD,27,17.343,32.514,22.652,72.509
8,Austrian Grand Prix,McLaren,PIA,70,4,HARD,28,17.415,32.973,22.677,73.065
8,Austrian Grand Prix,McLaren,PIA,71,4,HARD,29,17.583,32.631,22.289,72.503
8,Austrian Grand Prix,Haas F1 Team,BEA,1,15,MEDIUM,1,,34.659,23.559,81.542
8,Austrian Grand Prix,Haas F1 Team,BEA,2,15,MEDIUM,2,17.691,33.674,23.033,74.398
8,Austrian Grand Prix,Haas F1 Team,BEA,3,15,MEDIUM,3,17.609,33.515,22.983,74.107
8,Austrian Grand Prix,Haas F1 Team,BEA,4,15,MEDIUM,4,17.487,33.537,23.079,74.103
8,Austrian Grand Prix,Haas F1 Team,BEA,5,15,MEDIUM,5,17.594,33.595,22.981,74.17
8,Austrian Grand Prix,Haas F1 Team,BEA,6,15,MEDIUM,6,17.665,33.477,23.187,74.329
8,Austrian Grand Prix,Haas F1 Team,BEA,7,15,MEDIUM,7,17.616,33.645,23.231,74.492
8,Austrian Grand Prix,Haas F1 Team,BEA,8,15,MEDIUM,8,17.75,33.692,23.348,74.79
8,Austrian Grand Prix,Haas F1 Team,BEA,9,15,MEDIUM,9,17.876,33.761,23.334,74.971
8,Austrian Grand Prix,Haas F1 Team,BEA,10,15,MEDIUM,10,17.671,34.44,23.66,75.771
8,Austrian Grand Prix,Haas F1 Team,BEA,11,15,MEDIUM,11,17.89,33.787,23.521,75.198
8,Austrian Grand Prix,Haas F1 Team,BEA,12,15,MEDIUM,12,17.875,33.962,23.513,75.35
8,Austrian Grand Prix,Haas F1 Team,BEA,13,14,MEDIUM,13,17.84,33.682,23.481,75.003
8,Austrian Grand Prix,Haas F1 Team,BEA,14,14,MEDIUM,14,17.904,33.814,23.648,75.366
8,Austrian Grand Prix,Haas F1 Team,BEA,15,14,MEDIUM,15,17.866,33.674,23.501,75.041
8,Austrian Grand Prix,Haas F1 Team,BEA,16,14,MEDIUM,16,17.815,33.656,23.28,74.751
8,Austrian Grand Prix,Haas F1 Team,BEA,17,14,MEDIUM,17,17.739,33.513,23.457,74.709
8,Austrian Grand Prix,Haas F1 Team,BEA,18,12,MEDIUM,18,17.668,34.158,23.518,75.344
8,Austrian Grand Prix,Haas F1 Team,BEA,19,11,MEDIUM,19,17.922,33.614,23.291,74.827
8,Austrian Grand Prix,Haas F1 Team,BEA,20,12,MEDIUM,20,17.791,34.705,23.412,75.908
8,Austrian Grand Prix,Haas F1 Team,BEA,21,13,MEDIUM,21,17.802,33.564,23.57,74.936
8,Austrian Grand Prix,Haas F1 Team,BEA,22,12,MEDIUM,22,17.786,33.771,23.088,74.645
8,Austrian Grand Prix,Haas F1 Team,BEA,23,13,MEDIUM,23,17.835,33.714,23.923,75.472
8,Austrian Grand Prix,Haas F1 Team,BEA,24,13,MEDIUM,24,17.91,35.982,32.874,86.766
8,Austrian Grand Prix,Haas F1 Team,BEA,25,14,HARD,1,37.354,42.55,29.962,109.866
8,Austrian Grand Prix,Haas F1 Team,BEA,26,14,HARD,2,22.571,32.943,22.543,78.057
8,Austrian Grand Prix,Haas F1 Team,BEA,27,14,HARD,3,17.478,32.972,22.651,73.101
8,Austrian Grand Prix,Haas F1 Team,BEA,28,14,HARD,4,17.588,32.963,22.551,73.102
8,Austrian Grand Prix,Haas F1 Team,BEA,29,14,HARD,5,17.573,32.854,22.598,73.025
8,Austrian Grand Prix,Haas F1 Team,BEA,30,14,HARD,6,17.583,32.947,22.533,73.063
8,Austrian Grand Prix,Haas F1 Team,BEA,31,14,HARD,7,17.614,32.977,22.556,73.147
8,Austrian Grand Prix,Haas F1 Team,BEA,32,14,HARD,8,17.568,32.894,22.613,73.075
8,Austrian Grand Prix,Haas F1 Team,BEA,33,14,HARD,9,17.654,32.973,22.643,73.27
8,Austrian Grand Prix,Haas F1 Team,BEA,34,14,HARD,10,17.647,32.999,22.492,73.138
8,Austrian Grand Prix,Haas F1 Team,BEA,35,14,HARD,11,17.642,32.964,22.555,73.161
8,Austrian Grand Prix,Haas F1 Team,BEA,36,14,HARD,12,17.608,32.969,22.826,73.403
8,Austrian Grand Prix,Haas F1 Team,BEA,37,14,HARD,13,17.748,34.377,24.143,76.268
8,Austrian Grand Prix,Haas F1 Team,BEA,38,14,HARD,14,17.715,33.409,22.956,74.08
8,Austrian Grand Prix,Haas F1 Team,BEA,39,13,HARD,15,17.752,33.312,22.94,74.004
8,Austrian Grand Prix,Haas F1 Team,BEA,40,13,HARD,16,17.662,33.138,24.428,75.228
8,Austrian Grand Prix,Haas F1 Team,BEA,41,13,HARD,17,17.619,33.27,22.95,73.839
8,Austrian Grand Prix,Haas F1 Team,BEA,42,13,HARD,18,17.521,33.172,23.015,73.708
8,Austrian Grand Prix,Haas F1 Team,BEA,43,14,HARD,19,17.761,33.903,23.142,74.806
8,Austrian Grand Prix,Haas F1 Team,BEA,44,14,HARD,20,17.786,33.17,22.921,73.877
8,Austrian Grand Prix,Haas F1 Team,BEA,45,14,HARD,21,17.544,34.58,26.219,78.343
8,Austrian Grand Prix,Haas F1 Team,BEA,46,15,MEDIUM,1,34.64,32.612,22.234,89.486
8,Austrian Grand Prix,Haas F1 Team,BEA,47,14,MEDIUM,2,17.418,32.592,22.395,72.405
8,Austrian Grand Prix,Haas F1 Team,BEA,48,14,MEDIUM,3,17.507,32.627,22.492,72.626
8,Austrian Grand Prix,Haas F1 Team,BEA,49,14,MEDIUM,4,17.462,32.577,23.436,73.475
8,Austrian Grand Prix,Haas F1 Team,BEA,50,14,MEDIUM,5,17.433,32.809,22.337,72.579
8,Austrian Grand Prix,Haas F1 Team,BEA,51,14,MEDIUM,6,17.514,39.733,25.906,83.153
8,Austrian Grand Prix,Haas F1 Team,BEA,52,14,MEDIUM,7,17.53,32.94,22.338,72.808
8,Austrian Grand Prix,Haas F1 Team,BEA,53,14,MEDIUM,8,17.586,32.367,22.313,72.266
8,Austrian Grand Prix,Haas F1 Team,BEA,54,14,MEDIUM,9,17.451,32.509,22.247,72.207
8,Austrian Grand Prix,Haas F1 Team,BEA,55,14,MEDIUM,10,17.561,32.507,22.438,72.506
8,Austrian Grand Prix,Haas F1 Team,BEA,56,14,MEDIUM,11,17.637,32.649,22.478,72.764
8,Austrian Grand Prix,Haas F1 Team,BEA,57,14,MEDIUM,12,17.517,32.88,22.555,72.952
8,Austrian Grand Prix,Haas F1 Team,BEA,58,14,MEDIUM,13,17.462,32.845,22.682,72.989
8,Austrian Grand Prix,Haas F1 Team,BEA,59,14,MEDIUM,14,17.657,32.766,22.631,73.054
8,Austrian Grand Prix,Haas F1 Team,BEA,60,14,MEDIUM,15,17.576,32.869,22.565,73.01
8,Austrian Grand Prix,Haas F1 Team,BEA,61,14,MEDIUM,16,17.578,32.819,22.735,73.132
8,Austrian Grand Prix,Haas F1 Team,BEA,62,14,MEDIUM,17,17.619,32.926,22.78,73.325
8,Austrian Grand Prix,Haas F1 Team,BEA,63,14,MEDIUM,18,17.654,32.943,24.365,74.962
8,Austrian Grand Prix,Haas F1 Team,BEA,64,14,MEDIUM,19,17.453,32.88,22.908,73.241
8,Austrian Grand Prix,Haas F1 Team,BEA,65,14,MEDIUM,20,17.613,32.691,22.887,73.191
8,Austrian Grand Prix,Haas F1 Team,BEA,66,14,MEDIUM,21,17.62,32.85,22.574,73.044
8,Austrian Grand Prix,Haas F1 Team,BEA,67,14,MEDIUM,22,17.588,32.796,22.648,73.032
8,Austrian Grand Prix,Haas F1 Team,BEA,68,14,MEDIUM,23,17.428,32.805,22.662,72.895
8,Austrian Grand Prix,Haas F1 Team,BEA,69,14,MEDIUM,24,17.54,32.951,22.859,73.35
8,Austrian Grand Prix,Haas F1 Team,BEA,70,14,MEDIUM,25,17.47,32.636,22.548,72.654
9,British Grand Prix,McLaren,NOR,1,7,MEDIUM,1,,39.496,26.468,100.454
9,British Grand Prix,McLaren,NOR,2,7,MEDIUM,2,30.17,38.718,25.948,94.836
9,British Grand Prix,McLaren,NOR,3,7,MEDIUM,3,30.061,38.936,26.244,95.241
9,British Grand Prix,McLaren,NOR,4,7,MEDIUM,4,29.899,39.002,26.215,95.116
9,British Grand Prix,McLaren,NOR,5,7,MEDIUM,5,29.884,38.996,26.274,95.154
9,British Grand Prix,McLaren,NOR,6,7,MEDIUM,6,29.883,38.807,26.185,94.875
9,British Grand Prix,McLaren,NOR,7,7,MEDIUM,7,30.129,38.659,26.298,95.086
9,British Grand Prix,McLaren,NOR,8,7,MEDIUM,8,30.385,38.638,26.258,95.281
9,British Grand Prix,McLaren,NOR,9,7,MEDIUM,9,30.516,38.839,26.265,95.62
9,British Grand Prix,McLaren,NOR,10,7,MEDIUM,10,30.408,38.711,26.167,95.286
9,British Grand Prix,McLaren,NOR,11,7,MEDIUM,11,30.259,38.809,26.25,95.318
9,British Grand Prix,McLaren,NOR,12,7,MEDIUM,12,30.276,38.887,26.279,95.442
9,British Grand Prix,McLaren,NOR,13,7,MEDIUM,13,30.217,38.838,26.092,95.147
9,British Grand Prix,McLaren,NOR,14,7,MEDIUM,14,29.919,38.986,26.185,95.09
9,British Grand Prix,McLaren,NOR,15,7,MEDIUM,15,29.88,39.092,26.168,95.14
9,British Grand Prix,McLaren,NOR,16,7,MEDIUM,16,30.093,38.939,26.246,95.278
9,British Grand Prix,McLaren,NOR,17,7,MEDIUM,17,29.987,39.504,26.225,95.716
9,British Grand Prix,McLaren,NOR,18,6,MEDIUM,18,29.963,38.567,26.211,94.741
9,British Grand Prix,McLaren,NOR,19,6,MEDIUM,19,30.031,38.653,25.897,94.581
9,British Grand Prix,McLaren,NOR,20,5,MEDIUM,20,30.138,38.431,26.153,94.722
9,British Grand Prix,McLaren,NOR,21,5,MEDIUM,21,30.127,38.358,26.095,94.58
9,British Grand Prix,McLaren,NOR,22,5,MEDIUM,22,36.756,43.012,25.898,105.666
9,British Grand Prix,McLaren,NOR,23,5,MEDIUM,23,29.988,38.627,26.115,94.73
9,British Grand Prix,McLaren,NOR,24,3,MEDIUM,24,30.112,38.62,26.15,94.882
9,British Grand Prix,McLaren,NOR,25,3,MEDIUM,25,29.96,38.427,26.132,94.519
9,British Grand Prix,McLaren,NOR,26,3,MEDIUM,26,29.94,38.729,26.055,94.724
9,British Grand Prix,McLaren,NOR,27,3,MEDIUM,27,29.967,38.518,26.04,94.525
9,British Grand Prix,McLaren,NOR,28,3,MEDIUM,28,29.935,38.81,25.546,94.291
9,British Grand Prix,McLaren,NOR,29,7,HARD,1,50.486,38.297,25.727,114.51
9,British Grand Prix,McLaren,NOR,30,6,HARD,2,29.542,37.804,25.555,92.901
9,British Grand Prix,McLaren,NOR,31,6,HARD,3,29.679,38.043,25.732,93.454
9,British Grand Prix,McLaren,NOR,32,6,HARD,4,29.74,37.777,25.679,93.196
9,British Grand Prix,McLaren,NOR,33,6,HARD,5,29.834,37.713,25.783,93.33
9,British Grand Prix,McLaren,NOR,34,6,HARD,6,29.718,37.892,25.858,93.468
9,British Grand Prix,McLaren,NOR,35,5,HARD,7,29.893,37.847,25.792,93.532
9,British Grand Prix,McLaren,NOR,36,5,HARD,8,29.912,37.887,25.715,93.514
9,British Grand Prix,McLaren,NOR,37,5,HARD,9,29.821,38.265,25.827,93.913
9,British Grand Prix,McLaren,NOR,38,5,HARD,10,29.864,38.986,30.5,99.35
9,British Grand Prix,McLaren,NOR,39,6,MEDIUM,7,58.54,38.687,25.675,122.902
9,British Grand Prix,McLaren,NOR,40,6,MEDIUM,8,29.644,37.519,25.596,92.759
9,British Grand Prix,McLaren,NOR,41,6,MEDIUM,9,29.693,37.646,25.683,93.022
9,British Grand Prix,McLaren,NOR,42,5,MEDIUM,10,29.649,38.01,25.643,93.302
9,British Grand Prix,McLaren,NOR,43,5,MEDIUM,11,29.61,37.964,25.593,93.167
9,British Grand Prix,McLaren,NOR,44,5,MEDIUM,12,29.707,37.526,25.542,92.775
9,British Grand Prix,McLaren,NOR,45,5,MEDIUM,13,29.603,37.49,25.532,92.625
9,British Grand Prix,McLaren,NOR,46,5,MEDIUM,14,29.66,37.619,25.749,93.028
9,British Grand Prix,McLaren,NOR,47,4,MEDIUM,15,29.827,37.7,31.307,98.834
9,British Grand Prix,McLaren,NOR,48,4,MEDIUM,16,38.636,51.976,33.993,124.605
9,British Grand Prix,McLaren,NOR,49,4,SOFT,4,57.181,50.427,35.114,142.722
9,British Grand Prix,McLaren,NOR,50,4,SOFT,5,31.067,65.347,48.233,144.647
9,British Grand Prix,McLaren,NOR,51,4,SOFT,6,57.647,66.615,43.876,
9,British Grand Prix,McLaren,NOR,52,4,SOFT,7,46.901,59.162,36.686,142.749
9,British Grand Prix,Alpine,GAS,1,12,MEDIUM,1,,41.201,27.363,105.047
9,British Grand Prix,Alpine,GAS,2,13,MEDIUM,2,31.118,39.719,26.545,97.382
9,British Grand Prix,Alpine,GAS,3,12,MEDIUM,3,30.552,39.314,26.156,96.022
9,British Grand Prix,Alpine,GAS,4,12,MEDIUM,4,30.874,39.105,26.315,96.294
9,British Grand Prix,Alpine,GAS,5,12,MEDIUM,5,30.573,39.654,26.942,97.169
9,British Grand Prix,Alpine,GAS,6,11,MEDIUM,6,30.456,39.57,26.31,96.336
9,British Grand Prix,Alpine,GAS,7,11,MEDIUM,7,31.197,39.707,26.152,97.056
9,British Grand Prix,Alpine,GAS,8,11,MEDIUM,8,31.005,40.012,26.239,97.256
9,British Grand Prix,Alpine,GAS,9,11,MEDIUM,9,30.905,39.277,26.705,96.887
9,British Grand Prix,Alpine,GAS,10,11,MEDIUM,10,30.447,39.175,26.54,96.162
9,British Grand Prix,Alpine,GAS,11,11,MEDIUM,11,30.573,39.203,26.449,96.225
9,British Grand Prix,Alpine,GAS,12,11,MEDIUM,12,30.44,39.183,26.542,96.165
9,British Grand Prix,Alpine,GAS,13,11,MEDIUM,13,30.571,39.329,26.55,96.45
9,British Grand Prix,Alpine,GAS,14,11,MEDIUM,14,30.236,39.287,26.623,96.146
9,British Grand Prix,Alpine,GAS,15,11,MEDIUM,15,30.292,39.258,26.439,95.989
9,British Grand Prix,Alpine,GAS,16,11,MEDIUM,16,30.327,39.316,26.653,96.296
9,British Grand Prix,Alpine,GAS,17,11,MEDIUM,17,30.381,39.229,26.565,96.175
9,British Grand Prix,Alpine,GAS,18,11,MEDIUM,18,30.459,39.154,26.71,96.323
9,British Grand Prix,Alpine,GAS,19,11,MEDIUM,19,30.322,39.114,26.517,95.953
9,British Grand Prix,Alpine,GAS,20,11,MEDIUM,20,30.412,38.921,26.342,95.675
9,British Grand Prix,Alpine,GAS,21,11,MEDIUM,21,30.442,38.9,30.636,99.978
9,British Grand Prix,Alpine,GAS,22,11,MEDIUM,22,35.663,39.334,26.624,101.621
9,British Grand Prix,Alpine,GAS,23,11,MEDIUM,23,30.518,39.001,25.869,95.388
9,British Grand Prix,Alpine,GAS,24,14,HARD,1,55.598,40.176,26.633,122.407
9,British Grand Prix,Alpine,GAS,25,13,HARD,2,29.865,38.529,26.182,94.576
9,British Grand Prix,Alpine,GAS,26,13,HARD,3,29.824,39.451,26.339,95.614
9,British Grand Prix,Alpine,GAS,27,12,HARD,4,30.025,38.438,26.268,94.731
9,British Grand Prix,Alpine,GAS,28,12,HARD,5,29.952,38.441,26.225,94.618
9,British Grand Prix,Alpine,GAS,29,12,HARD,6,29.927,38.271,26.239,94.437
9,British Grand Prix,Alpine,GAS,30,12,HARD,7,30.057,38.444,26.118,94.619
9,British Grand Prix,Alpine,GAS,31,12,HARD,8,30.01,38.492,26.219,94.721
9,British Grand Prix,Alpine,GAS,32,12,HARD,9,30.287,38.568,26.208,95.063
9,British Grand Prix,Alpine,GAS,33,12,HARD,10,30.137,38.632,26.194,94.963
9,British Grand Prix,Alpine,GAS,34,12,HARD,11,30.067,38.548,26.381,94.996
9,British Grand Prix,Alpine,GAS,35,12,HARD,12,30.377,38.863,26.318,95.558
9,British Grand Prix,Alpine,GAS,36,12,HARD,13,30.191,38.489,26.257,94.937
9,British Grand Prix,Alpine,GAS,37,12,HARD,14,30.021,38.569,26.271,94.861
9,British Grand Prix,Alpine,GAS,38,12,HARD,15,35.476,50.755,31.656,117.887
9,British Grand Prix,Alpine,GAS,39,12,HARD,16,30.15,38.255,26.117,94.522
9,British Grand Prix,Alpine,GAS,40,12,HARD,17,29.906,38.476,26.073,94.455
9,British Grand Prix,Alpine,GAS,41,12,HARD,18,29.838,38.395,26.079,94.312
9,British Grand Prix,Alpine,GAS,42,12,HARD,19,29.93,38.316,26.057,94.303
9,British Grand Prix,Alpine,GAS,43,12,HARD,20,29.799,38.522,26.066,94.387
9,British Grand Prix,Alpine,GAS,44,12,HARD,21,29.956,38.2,26.023,94.179
9,British Grand Prix,Alpine,GAS,45,12,HARD,22,29.984,38.309,26.217,94.51
9,British Grand Prix,Alpine,GAS,46,12,HARD,23,31.417,38.712,25.849,95.978
9,British Grand Prix,Alpine,GAS,47,11,HARD,24,30.515,51.809,34.581,116.905
9,British Grand Prix,Alpine,GAS,48,10,HARD,25,40.418,52.377,29.557,122.352
9,British Grand Prix,Alpine,GAS,49,11,SOFT,1,53.294,41.82,31.866,126.98
9,British Grand Prix,Alpine,GAS,50,11,SOFT,2,32.755,40.122,30.462,103.339
9,British Grand Prix,Alpine,GAS,51,11,SOFT,3,50.661,67.046,43.288,
9,British Grand Prix,Alpine,GAS,52,11,SOFT,4,47.674,57.877,34.029,139.58
9,British Grand Prix,Cadillac,PER,1,17,MEDIUM,1,,42.152,27.509,106.587
9,British Grand Prix,Cadillac,PER,2,15,MEDIUM,2,31.392,40.0,26.389,97.781
9,British Grand Prix,Cadillac,PER,3,15,MEDIUM,3,30.41,39.585,26.939,96.934
9,British Grand Prix,Cadillac,PER,4,15,MEDIUM,4,30.533,39.855,26.844,97.232
9,British Grand Prix,Cadillac,PER,5,15,MEDIUM,5,30.527,39.981,26.721,97.229
9,British Grand Prix,Cadillac,PER,6,15,MEDIUM,6,30.598,39.641,26.701,96.94
9,British Grand Prix,Cadillac,PER,7,15,MEDIUM,7,30.723,39.97,26.618,97.311
9,British Grand Prix,Cadillac,PER,8,15,MEDIUM,8,30.948,39.764,26.828,97.54
9,British Grand Prix,Cadillac,PER,9,15,MEDIUM,9,30.901,40.02,26.741,97.662
9,British Grand Prix,Cadillac,PER,10,15,MEDIUM,10,30.951,40.092,26.73,97.773
9,British Grand Prix,Cadillac,PER,11,15,MEDIUM,11,30.966,39.785,26.794,97.545
9,British Grand Prix,Cadillac,PER,12,16,MEDIUM,12,30.844,40.206,26.775,97.825
9,British Grand Prix,Cadillac,PER,13,16,MEDIUM,13,30.693,39.892,26.709,97.294
9,British Grand Prix,Cadillac,PER,14,16,MEDIUM,14,30.579,39.77,26.807,97.156
9,British Grand Prix,Cadillac,PER,15,16,MEDIUM,15,30.727,39.731,26.517,96.975
9,British Grand Prix,Cadillac,PER,16,16,MEDIUM,16,30.784,39.769,26.712,97.265
9,British Grand Prix,Cadillac,PER,17,16,MEDIUM,17,30.646,39.721,26.58,96.947
9,British Grand Prix,Cadillac,PER,18,15,MEDIUM,18,30.828,39.977,26.772,97.577
9,British Grand Prix,Cadillac,PER,19,15,MEDIUM,19,30.779,39.607,26.708,97.094
9,British Grand Prix,Cadillac,PER,20,15,MEDIUM,20,30.636,39.561,26.524,96.721
9,British Grand Prix,Cadillac,PER,21,14,MEDIUM,21,30.753,42.344,33.266,106.363
9,British Grand Prix,Cadillac,PER,22,18,HARD,1,51.777,39.128,26.55,117.455
9,British Grand Prix,Cadillac,PER,23,18,HARD,2,32.015,39.167,26.314,97.496
9,British Grand Prix,Cadillac,PER,24,18,HARD,3,31.45,39.041,26.695,97.186
9,British Grand Prix,Cadillac,PER,25,17,HARD,4,30.367,39.232,26.227,95.826
9,British Grand Prix,Cadillac,PER,26,17,HARD,5,30.229,39.135,26.297,95.661
9,British Grand Prix,Cadillac,PER,27,18,HARD,6,30.369,38.921,27.534,96.824
9,British Grand Prix,Cadillac,PER,28,18,HARD,7,30.666,39.387,26.481,96.534
9,British Grand Prix,Cadillac,PER,29,18,HARD,8,30.431,39.341,27.231,97.003
9,British Grand Prix,Cadillac,PER,30,17,HARD,9,30.485,39.59,26.314,96.389
9,British Grand Prix,Cadillac,PER,31,18,HARD,10,30.334,39.176,27.156,96.666
9,British Grand Prix,Cadillac,PER,32,18,HARD,11,30.489,39.482,26.321,96.292
9,British Grand Prix,Cadillac,PER,33,18,HARD,12,30.357,39.408,26.638,96.403
9,British Grand Prix,Cadillac,PER,34,18,HARD,13,30.481,39.392,28.703,98.576
9,British Grand Prix,Cadillac,PER,35,18,HARD,14,30.5,39.441,26.556,96.497
9,British Grand Prix,Cadillac,PER,36,18,HARD,15,30.52,39.389,26.548,96.457
9,British Grand Prix,Cadillac,PER,37,17,HARD,16,30.553,39.488,33.449,103.49
9,British Grand Prix,Cadillac,PER,38,17,HARD,17,42.38,42.047,26.187,110.614
9,British Grand Prix,Cadillac,PER,39,17,HARD,18,30.987,39.421,26.39,96.798
9,British Grand Prix,Cadillac,PER,40,17,HARD,19,30.979,39.934,26.383,97.296
9,British Grand Prix,Cadillac,PER,41,17,HARD,20,30.378,38.942,26.393,95.713
9,British Grand Prix,Cadillac,PER,42,17,HARD,21,30.431,41.159,26.691,98.281
9,British Grand Prix,Cadillac,PER,43,17,HARD,22,30.352,38.896,26.309,95.557
9,British Grand Prix,Cadillac,PER,44,17,HARD,23,30.315,38.873,26.332,95.52
9,British Grand Prix,Cadillac,PER,45,17,HARD,24,30.277,38.847,27.748,96.872
9,British Grand Prix,Cadillac,PER,46,17,HARD,25,30.306,39.011,31.829,101.146
9,British Grand Prix,Cadillac,PER,47,16,SOFT,1,58.546,52.962,33.386,144.894
9,British Grand Prix,Cadillac,PER,48,16,SOFT,2,34.68,51.131,34.436,120.247
9,British Grand Prix,Cadillac,PER,49,16,SOFT,3,32.148,56.421,47.933,136.502
9,British Grand Prix,Cadillac,PER,50,16,SOFT,4,42.391,40.172,26.244,108.807
9,British Grand Prix,Cadillac,PER,51,16,SOFT,5,32.152,39.765,26.839,98.756
9,British Grand Prix,Cadillac,PER,52,16,SOFT,6,29.954,43.883,31.392,105.229
9,British Grand Prix,Mercedes,ANT,1,3,MEDIUM,1,,38.438,25.774,97.447
9,British Grand Prix,Mercedes,ANT,2,3,MEDIUM,2,29.781,38.76,25.873,94.414
9,British Grand Prix,Mercedes,ANT,3,3,MEDIUM,3,29.661,38.357,26.032,94.05
9,British Grand Prix,Mercedes,ANT,4,3,MEDIUM,4,29.815,38.584,25.974,94.373
9,British Grand Prix,Mercedes,ANT,5,3,MEDIUM,5,29.993,38.591,26.167,94.751
9,British Grand Prix,Mercedes,ANT,6,3,MEDIUM,6,29.966,38.486,26.012,94.464
9,British Grand Prix,Mercedes,ANT,7,3,MEDIUM,7,29.818,38.543,26.116,94.477
9,British Grand Prix,Mercedes,ANT,8,3,MEDIUM,8,30.071,38.59,26.079,94.74
9,British Grand Prix,Mercedes,ANT,9,3,MEDIUM,9,30.023,38.809,26.133,94.965
9,British Grand Prix,Mercedes,ANT,10,3,MEDIUM,10,30.101,38.786,26.13,95.017
9,British Grand Prix,Mercedes,ANT,11,2,MEDIUM,11,29.798,38.5,25.978,94.276
9,British Grand Prix,Mercedes,ANT,12,2,MEDIUM,12,29.964,38.383,26.141,94.488
9,British Grand Prix,Mercedes,ANT,13,2,MEDIUM,13,30.299,38.296,25.997,94.592
9,British Grand Prix,Mercedes,ANT,14,2,MEDIUM,14,29.946,38.266,25.905,94.117
9,British Grand Prix,Mercedes,ANT,15,2,MEDIUM,15,29.856,38.187,25.867,93.91
9,British Grand Prix,Mercedes,ANT,16,2,MEDIUM,16,30.088,38.252,25.95,94.29
9,British Grand Prix,Mercedes,ANT,17,2,MEDIUM,17,30.074,38.421,26.049,94.544
9,British Grand Prix,Mercedes,ANT,18,2,MEDIUM,18,29.921,38.277,26.061,94.259
9,British Grand Prix,Mercedes,ANT,19,2,MEDIUM,19,29.978,38.255,26.035,94.268
9,British Grand Prix,Mercedes,ANT,20,2,MEDIUM,20,29.913,38.291,25.862,94.066
9,British Grand Prix,Mercedes,ANT,21,2,MEDIUM,21,30.005,38.157,25.916,94.078
9,British Grand Prix,Mercedes,ANT,22,2,MEDIUM,22,29.903,48.585,25.88,104.368
9,British Grand Prix,Mercedes,ANT,23,2,MEDIUM,23,29.847,38.095,25.972,93.914
9,British Grand Prix,Mercedes,ANT,24,2,MEDIUM,24,29.888,38.179,25.888,93.955
9,British Grand Prix,Mercedes,ANT,25,2,MEDIUM,25,29.822,38.16,26.019,94.001
9,British Grand Prix,Mercedes,ANT,26,1,MEDIUM,26,29.89,38.241,25.82,93.951
9,British Grand Prix,Mercedes,ANT,27,1,MEDIUM,27,29.728,38.14,25.818,93.686
9,British Grand Prix,Mercedes,ANT,28,1,MEDIUM,28,29.63,37.902,25.988,93.52
9,British Grand Prix,Mercedes,ANT,29,1,MEDIUM,29,29.568,37.98,25.919,93.467
9,British Grand Prix,Mercedes,ANT,30,1,MEDIUM,30,29.828,38.064,25.828,93.72
9,British Grand Prix,Mercedes,ANT,31,1,MEDIUM,31,29.832,38.043,25.897,93.772
9,British Grand Prix,Mercedes,ANT,32,1,MEDIUM,32,29.808,38.007,25.636,93.451
9,British Grand Prix,Mercedes,ANT,33,1,MEDIUM,33,29.75,38.052,25.799,93.601
9,British Grand Prix,Mercedes,ANT,34,1,MEDIUM,34,29.752,38.081,25.892,93.725
9,British Grand Prix,Mercedes,ANT,35,1,MEDIUM,35,29.773,38.062,25.141,92.976
9,British Grand Prix,Mercedes,ANT,36,2,HARD,1,50.934,37.576,25.3,113.81
9,British Grand Prix,Mercedes,ANT,37,2,HARD,2,29.501,37.119,25.157,91.777
9,British Grand Prix,Mercedes,ANT,38,2,HARD,3,29.408,37.221,25.52,92.149
9,British Grand Prix,Mercedes,ANT,39,2,HARD,4,39.557,51.067,26.747,117.371
9,British Grand Prix,Mercedes,ANT,40,2,HARD,5,29.538,37.17,25.196,91.904
9,British Grand Prix,Mercedes,ANT,41,2,HARD,6,29.496,39.535,28.085,97.116
9,British Grand Prix,Mercedes,ANT,42,6,MEDIUM,7,63.729,45.55,28.503,137.782
9,British Grand Prix,Mercedes,ANT,43,7,MEDIUM,8,31.421,41.314,27.137,99.872
9,British Grand Prix,Mercedes,ANT,44,10,MEDIUM,9,55.712,39.71,25.894,121.316
9,British Grand Prix,Mercedes,ANT,45,10,MEDIUM,10,29.709,38.21,25.893,93.812
9,British Grand Prix,Mercedes,ANT,46,10,MEDIUM,11,29.585,38.161,25.757,93.503
9,British Grand Prix,Mercedes,ANT,47,9,MEDIUM,12,29.654,51.394,31.774,112.822
9,British Grand Prix,Mercedes,ANT,48,9,MEDIUM,13,40.652,51.683,32.739,125.074
9,British Grand Prix,Mercedes,ANT,49,9,MEDIUM,14,30.581,41.107,30.751,102.439
9,British Grand Prix,Mercedes,ANT,50,9,MEDIUM,15,31.569,51.705,48.989,132.263
9,British Grand Prix,Mercedes,ANT,51,9,MEDIUM,16,51.755,68.167,43.447,
9,British Grand Prix,Mercedes,ANT,52,9,MEDIUM,17,46.651,59.382,34.235,140.268
9,British Grand Prix,Aston Martin,ALO,1,21,MEDIUM,1,,40.971,27.126,111.095
9,British Grand Prix,Aston Martin,ALO,2,20,MEDIUM,2,31.526,40.994,27.511,100.031
9,British Grand Prix,Aston Martin,ALO,3,20,MEDIUM,3,31.286,40.494,26.852,98.632
9,British Grand Prix,Aston Martin,ALO,4,20,MEDIUM,4,31.361,40.589,26.825,98.775
9,British Grand Prix,Aston Martin,ALO,5,20,MEDIUM,5,31.436,40.543,26.954,98.933
9,British Grand Prix,Aston Martin,ALO,6,20,MEDIUM,6,31.597,40.295,26.898,98.79
9,British Grand Prix,Aston Martin,ALO,7,20,MEDIUM,7,31.403,40.13,26.851,98.384
9,British Grand Prix,Aston Martin,ALO,8,20,MEDIUM,8,31.502,40.359,26.931,98.792
9,British Grand Prix,Aston Martin,ALO,9,20,MEDIUM,9,31.521,40.849,27.102,99.472
9,British Grand Prix,Aston Martin,ALO,10,20,MEDIUM,10,31.415,40.618,27.06,99.093
9,British Grand Prix,Aston Martin,ALO,11,20,MEDIUM,11,31.209,40.742,27.052,99.003
9,British Grand Prix,Aston Martin,ALO,12,20,MEDIUM,12,31.424,40.66,27.052,99.136
9,British Grand Prix,Aston Martin,ALO,13,20,MEDIUM,13,31.147,40.834,26.896,98.877
9,British Grand Prix,Aston Martin,ALO,14,20,MEDIUM,14,31.155,40.96,26.971,99.086
9,British Grand Prix,Aston Martin,ALO,15,21,MEDIUM,15,31.282,41.178,26.991,99.451
9,British Grand Prix,Aston Martin,ALO,16,21,MEDIUM,16,31.11,41.152,26.948,99.21
9,British Grand Prix,Aston Martin,ALO,17,21,MEDIUM,17,31.49,40.699,27.153,99.342
9,British Grand Prix,Aston Martin,ALO,18,21,MEDIUM,18,31.238,41.056,27.016,99.31
9,British Grand Prix,Aston Martin,ALO,19,20,MEDIUM,19,31.799,40.757,26.859,99.415
9,British Grand Prix,Aston Martin,ALO,20,20,MEDIUM,20,31.376,40.885,26.288,98.549
9,British Grand Prix,Aston Martin,ALO,21,21,HARD,1,58.662,40.665,26.382,125.709
9,British Grand Prix,Aston Martin,ALO,22,20,HARD,2,31.303,39.379,26.732,97.414
9,British Grand Prix,Aston Martin,ALO,23,20,HARD,3,31.108,39.66,26.636,97.404
9,British Grand Prix,Aston Martin,ALO,24,20,HARD,4,31.384,39.963,28.575,99.922
9,British Grand Prix,Aston Martin,ALO,25,20,HARD,5,30.81,40.071,27.814,98.695
9,British Grand Prix,Aston Martin,ALO,26,20,HARD,6,30.936,39.868,26.571,97.375
9,British Grand Prix,Aston Martin,ALO,27,20,HARD,7,31.168,39.989,26.579,97.736
9,British Grand Prix,Aston Martin,ALO,28,20,HARD,8,31.402,39.949,26.692,98.043
9,British Grand Prix,Aston Martin,ALO,29,20,HARD,9,31.244,39.701,26.589,97.534
9,British Grand Prix,Aston Martin,ALO,30,20,HARD,10,31.135,39.708,26.701,97.544
9,British Grand Prix,Aston Martin,ALO,31,20,HARD,11,31.672,41.824,26.65,100.146
9,British Grand Prix,Aston Martin,ALO,32,20,HARD,12,31.277,39.928,26.64,97.845
9,British Grand Prix,Aston Martin,ALO,33,20,HARD,13,31.14,39.804,26.576,97.52
9,British Grand Prix,Aston Martin,ALO,34,20,HARD,14,31.433,39.862,26.596,97.891
9,British Grand Prix,Aston Martin,ALO,35,20,HARD,15,31.353,40.844,26.563,98.76
9,British Grand Prix,Aston Martin,ALO,36,20,HARD,16,31.118,41.419,26.627,99.164
9,British Grand Prix,Aston Martin,ALO,37,19,HARD,17,38.117,52.291,28.597,119.005
9,British Grand Prix,Aston Martin,ALO,38,19,HARD,18,31.05,39.709,26.571,97.33
9,British Grand Prix,Aston Martin,ALO,39,19,HARD,19,31.15,41.068,26.481,98.699
9,British Grand Prix,Aston Martin,ALO,40,19,HARD,20,31.184,39.886,26.473,97.543
9,British Grand Prix,Aston Martin,ALO,41,19,HARD,21,30.714,39.511,26.47,96.695
9,British Grand Prix,Aston Martin,ALO,42,19,HARD,22,30.961,39.578,26.563,97.102
9,British Grand Prix,Aston Martin,ALO,43,19,HARD,23,30.955,39.827,26.478,97.26
9,British Grand Prix,Aston Martin,ALO,44,19,HARD,24,31.359,41.234,26.798,99.391
9,British Grand Prix,Aston Martin,ALO,45,19,HARD,25,32.587,39.811,26.979,99.377
9,British Grand Prix,Aston Martin,ALO,46,19,HARD,26,41.194,51.414,32.168,124.776
9,British Grand Prix,Aston Martin,ALO,47,18,SOFT,1,58.759,50.079,34.194,143.032
9,British Grand Prix,Aston Martin,ALO,48,18,SOFT,2,39.031,70.404,48.418,
9,British Grand Prix,Aston Martin,ALO,49,18,SOFT,3,37.177,39.349,26.142,102.668
9,British Grand Prix,Aston Martin,ALO,50,18,SOFT,4,30.331,39.352,26.144,95.827
9,British Grand Prix,Aston Martin,ALO,51,18,SOFT,5,30.975,53.227,33.477,117.679
9,British Grand Prix,Ferrari,LEC,1,1,MEDIUM,1,,38.001,25.919,96.275
9,British Grand Prix,Ferrari,LEC,2,1,MEDIUM,2,29.982,38.284,25.65,93.916
9,British Grand Prix,Ferrari,LEC,3,1,MEDIUM,3,29.923,38.167,25.905,93.995
9,British Grand Prix,Ferrari,LEC,4,1,MEDIUM,4,29.976,38.148,25.613,93.737
9,British Grand Prix,Ferrari,LEC,5,1,MEDIUM,5,30.039,38.356,25.925,94.32
9,British Grand Prix,Ferrari,LEC,6,1,MEDIUM,6,30.025,38.263,25.781,94.069
9,British Grand Prix,Ferrari,LEC,7,1,MEDIUM,7,30.072,38.547,26.041,94.66
9,British Grand Prix,Ferrari,LEC,8,1,MEDIUM,8,30.205,38.42,25.717,94.342
9,British Grand Prix,Ferrari,LEC,9,1,MEDIUM,9,30.06,38.435,25.957,94.452
9,British Grand Prix,Ferrari,LEC,10,1,MEDIUM,10,30.177,38.43,25.695,94.302
9,British Grand Prix,Ferrari,LEC,11,1,MEDIUM,11,30.13,38.578,25.906,94.614
9,British Grand Prix,Ferrari,LEC,12,1,MEDIUM,12,30.044,38.495,25.807,94.346
9,British Grand Prix,Ferrari,LEC,13,1,MEDIUM,13,30.108,38.423,25.929,94.46
9,British Grand Prix,Ferrari,LEC,14,1,MEDIUM,14,29.947,38.584,25.618,94.149
9,British Grand Prix,Ferrari,LEC,15,1,MEDIUM,15,29.844,38.312,25.808,93.964
9,British Grand Prix,Ferrari,LEC,16,1,MEDIUM,16,30.002,38.428,25.973,94.403
9,British Grand Prix,Ferrari,LEC,17,1,MEDIUM,17,29.9,38.45,25.888,94.238
9,British Grand Prix,Ferrari,LEC,18,1,MEDIUM,18,30.09,38.531,25.946,94.567
9,British Grand Prix,Ferrari,LEC,19,1,MEDIUM,19,30.024,38.884,25.752,94.66
9,British Grand Prix,Ferrari,LEC,20,1,MEDIUM,20,29.844,38.443,26.043,94.33
9,British Grand Prix,Ferrari,LEC,21,1,MEDIUM,21,30.073,38.34,25.878,94.291
9,British Grand Prix,Ferrari,LEC,22,1,MEDIUM,22,30.035,48.616,25.327,103.978
9,British Grand Prix,Ferrari,LEC,23,1,MEDIUM,23,29.879,38.471,26.107,94.457
9,British Grand Prix,Ferrari,LEC,24,1,MEDIUM,24,30.082,38.463,25.771,94.316
9,British Grand Prix,Ferrari,LEC,25,1,MEDIUM,25,29.977,38.641,25.425,94.043
9,British Grand Prix,Ferrari,LEC,26,2,HARD,1,50.075,37.395,25.617,113.087
9,British Grand Prix,Ferrari,LEC,27,2,HARD,2,28.981,37.864,26.106,92.951
9,British Grand Prix,Ferrari,LEC,28,2,HARD,3,29.534,37.783,26.11,93.427
9,British Grand Prix,Ferrari,LEC,29,2,HARD,4,29.642,37.753,25.612,93.007
9,British Grand Prix,Ferrari,LEC,30,2,HARD,5,29.649,37.811,25.8,93.26
9,British Grand Prix,Ferrari,LEC,31,2,HARD,6,29.842,37.89,25.615,93.347
9,British Grand Prix,Ferrari,LEC,32,2,HARD,7,29.694,37.749,25.629,93.072
9,British Grand Prix,Ferrari,LEC,33,2,HARD,8,29.816,37.856,25.72,93.392
9,British Grand Prix,Ferrari,LEC,34,2,HARD,9,29.674,37.767,25.806,93.247
9,British Grand Prix,Ferrari,LEC,35,2,HARD,10,29.78,37.873,25.682,93.335
9,British Grand Prix,Ferrari,LEC,36,1,HARD,11,29.919,37.905,25.624,93.448
9,British Grand Prix,Ferrari,LEC,37,1,HARD,12,29.784,38.02,25.645,93.449
9,British Grand Prix,Ferrari,LEC,38,1,HARD,13,29.805,37.812,25.692,93.309
9,British Grand Prix,Ferrari,LEC,39,1,HARD,14,38.158,53.025,25.55,116.733
9,British Grand Prix,Ferrari,LEC,40,1,HARD,15,29.466,37.972,25.663,93.101
9,British Grand Prix,Ferrari,LEC,41,1,HARD,16,29.746,37.879,25.268,92.893
9,British Grand Prix,Ferrari,LEC,42,1,HARD,17,29.64,38.109,25.673,93.422
9,British Grand Prix,Ferrari,LEC,43,1,HARD,18,29.579,37.836,25.456,92.871
9,British Grand Prix,Ferrari,LEC,44,1,HARD,19,29.493,37.877,25.72,93.09
9,British Grand Prix,Ferrari,LEC,45,1,HARD,20,29.728,37.637,25.525,92.89
9,British Grand Prix,Ferrari,LEC,46,1,HARD,21,29.525,37.89,25.97,93.385
9,British Grand Prix,Ferrari,LEC,47,1,HARD,22,29.686,37.931,25.658,93.275
9,British Grand Prix,Ferrari,LEC,48,1,HARD,23,29.721,52.26,32.629,114.61
9,British Grand Prix,Ferrari,LEC,49,1,SOFT,4,57.603,61.873,48.979,
9,British Grand Prix,Ferrari,LEC,50,1,SOFT,5,51.263,70.103,47.22,
9,British Grand Prix,Ferrari,LEC,51,1,SOFT,6,60.981,67.803,44.254,
9,British Grand Prix,Ferrari,LEC,52,1,SOFT,7,46.273,60.351,37.147,143.771
9,British Grand Prix,Aston Martin,STR,1,19,MEDIUM,1,,42.968,27.328,108.01
9,British Grand Prix,Aston Martin,STR,2,18,MEDIUM,2,31.497,40.854,27.538,99.889
9,British Grand Prix,Aston Martin,STR,3,18,MEDIUM,3,30.949,40.805,27.01,98.764
9,British Grand Prix,Aston Martin,STR,4,19,MEDIUM,4,31.212,41.226,26.979,99.417
9,British Grand Prix,Aston Martin,STR,5,19,MEDIUM,5,31.288,40.653,26.968,98.909
9,British Grand Prix,Aston Martin,STR,6,19,MEDIUM,6,31.362,40.654,27.113,99.129
9,British Grand Prix,Aston Martin,STR,7,19,MEDIUM,7,31.252,40.618,27.037,98.907
9,British Grand Prix,Aston Martin,STR,8,19,MEDIUM,8,31.601,40.648,27.244,99.493
9,British Grand Prix,Aston Martin,STR,9,19,MEDIUM,9,31.448,40.739,27.144,99.331
9,British Grand Prix,Aston Martin,STR,10,19,MEDIUM,10,31.385,40.727,27.144,99.256
9,British Grand Prix,Aston Martin,STR,11,19,MEDIUM,11,31.415,40.641,27.139,99.195
9,British Grand Prix,Aston Martin,STR,12,19,MEDIUM,12,31.248,40.697,27.038,98.983
9,British Grand Prix,Aston Martin,STR,13,19,MEDIUM,13,31.35,40.844,26.811,99.005
9,British Grand Prix,Aston Martin,STR,14,19,MEDIUM,14,31.54,40.706,26.788,99.034
9,British Grand Prix,Aston Martin,STR,15,20,MEDIUM,15,31.442,41.269,26.906,99.617
9,British Grand Prix,Aston Martin,STR,16,20,MEDIUM,16,31.412,40.827,26.89,99.129
9,British Grand Prix,Aston Martin,STR,17,20,MEDIUM,17,31.495,40.932,26.908,99.335
9,British Grand Prix,Aston Martin,STR,18,20,MEDIUM,18,31.403,40.671,26.481,98.555
9,British Grand Prix,Aston Martin,STR,19,21,HARD,1,50.974,40.206,26.734,117.914
9,British Grand Prix,Aston Martin,STR,20,21,HARD,2,31.314,40.179,26.773,98.266
9,British Grand Prix,Aston Martin,STR,21,20,HARD,3,38.43,43.447,26.516,108.393
9,British Grand Prix,Aston Martin,STR,22,21,HARD,4,32.238,40.256,26.713,99.207
9,British Grand Prix,Aston Martin,STR,23,21,HARD,5,31.137,40.21,26.795,98.142
9,British Grand Prix,Aston Martin,STR,24,21,HARD,6,32.934,40.401,27.994,101.329
9,British Grand Prix,Aston Martin,STR,25,21,HARD,7,31.009,41.607,26.629,99.245
9,British Grand Prix,Aston Martin,STR,26,21,HARD,8,30.892,40.028,26.777,97.697
9,British Grand Prix,Aston Martin,STR,27,21,HARD,9,30.991,40.168,26.875,98.034
9,British Grand Prix,Aston Martin,STR,28,21,HARD,10,31.139,40.085,26.676,97.9
9,British Grand Prix,Aston Martin,STR,29,21,HARD,11,31.148,39.859,27.902,98.909
9,British Grand Prix,Aston Martin,STR,30,21,HARD,12,31.758,40.247,26.791,98.796
9,British Grand Prix,Aston Martin,STR,31,21,HARD,13,31.146,40.148,26.814,98.108
9,British Grand Prix,Aston Martin,STR,32,21,HARD,14,31.041,39.984,26.71,97.735
9,British Grand Prix,Aston Martin,STR,33,21,HARD,15,30.962,40.085,27.51,98.557
9,British Grand Prix,Aston Martin,STR,34,21,HARD,16,30.968,40.136,27.78,98.884
9,British Grand Prix,Aston Martin,STR,35,21,HARD,17,30.909,39.84,26.523,97.272
9,British Grand Prix,Aston Martin,STR,36,21,HARD,18,31.002,40.019,26.775,97.796
9,British Grand Prix,Aston Martin,STR,37,20,HARD,19,38.929,53.86,26.777,119.566
9,British Grand Prix,Aston Martin,STR,38,20,HARD,20,30.433,40.247,26.606,97.286
9,British Grand Prix,Aston Martin,STR,39,20,HARD,21,31.183,40.327,26.754,98.264
9,British Grand Prix,Aston Martin,STR,40,20,HARD,22,30.866,39.904,26.59,97.36
9,British Grand Prix,Aston Martin,STR,41,20,HARD,23,30.663,39.895,26.674,97.232
9,British Grand Prix,Aston Martin,STR,42,20,HARD,24,30.78,40.861,28.571,100.212
9,British Grand Prix,Aston Martin,STR,43,20,HARD,25,30.835,40.09,26.585,97.51
9,British Grand Prix,Aston Martin,STR,44,20,HARD,26,31.03,39.965,26.708,97.703
9,British Grand Prix,Aston Martin,STR,45,20,HARD,27,31.249,39.976,30.707,101.932
9,British Grand Prix,Aston Martin,STR,46,20,HARD,28,41.084,49.635,32.295,123.014
9,British Grand Prix,Aston Martin,STR,47,19,SOFT,1,73.862,52.343,34.23,
9,British Grand Prix,Aston Martin,STR,48,19,SOFT,2,32.283,56.39,48.267,136.94
9,British Grand Prix,Aston Martin,STR,49,19,SOFT,3,44.345,39.935,26.133,110.413
9,British Grand Prix,Aston Martin,STR,50,19,SOFT,4,32.393,39.749,26.103,98.245
9,British Grand Prix,Aston Martin,STR,51,19,SOFT,5,30.425,43.367,32.039,105.831
9,British Grand Prix,Williams,ALB,1,22,MEDIUM,1,,65.963,39.205,142.352
9,British Grand Prix,Williams,ALB,2,22,HARD,1,66.877,39.698,26.807,133.382
9,British Grand Prix,Williams,ALB,3,22,HARD,2,30.272,39.016,26.528,95.816
9,British Grand Prix,Williams,ALB,4,22,HARD,3,30.481,39.356,26.623,96.46
9,British Grand Prix,Williams,ALB,5,22,HARD,4,30.311,39.303,26.685,96.299
9,British Grand Prix,Williams,ALB,6,22,HARD,5,30.375,39.389,28.306,98.07
9,British Grand Prix,Williams,ALB,7,22,HARD,6,32.977,42.426,29.725,105.128
9,British Grand Prix,Williams,ALB,8,22,HARD,7,31.137,39.853,26.892,97.882
9,British Grand Prix,Williams,ALB,9,22,HARD,8,30.711,39.686,26.788,97.185
9,British Grand Prix,Williams,ALB,10,22,HARD,9,30.512,39.659,26.953,97.124
9,British Grand Prix,Williams,ALB,11,22,HARD,10,30.595,39.691,26.862,97.148
9,British Grand Prix,Williams,ALB,12,22,HARD,11,32.756,40.798,26.985,100.539
9,British Grand Prix,Williams,ALB,13,22,HARD,12,31.528,40.765,27.035,99.328
9,British Grand Prix,Williams,ALB,14,22,HARD,13,30.712,39.667,25.922,96.301
9,British Grand Prix,Williams,ALB,15,22,MEDIUM,8,64.134,39.637,26.707,130.478
9,British Grand Prix,Williams,ALB,16,22,MEDIUM,9,30.324,39.451,26.678,96.453
9,British Grand Prix,Williams,ALB,17,22,MEDIUM,10,30.373,39.544,26.742,96.659
9,British Grand Prix,Williams,ALB,18,22,MEDIUM,11,30.304,39.403,26.666,96.373
9,British Grand Prix,Williams,ALB,19,22,MEDIUM,12,30.341,39.316,26.73,96.387
9,British Grand Prix,Williams,ALB,20,22,MEDIUM,13,31.037,51.257,26.87,109.164
9,British Grand Prix,Williams,ALB,21,22,MEDIUM,14,30.898,39.248,26.756,96.902
9,British Grand Prix,Williams,ALB,22,22,MEDIUM,15,30.613,39.526,26.711,96.85
9,British Grand Prix,Williams,ALB,23,22,MEDIUM,16,30.478,39.397,25.821,95.696
9,British Grand Prix,Williams,ALB,24,22,SOFT,3,65.834,39.225,26.215,131.274
9,British Grand Prix,Williams,ALB,25,22,SOFT,4,29.82,38.803,26.274,94.897
9,British Grand Prix,Williams,ALB,26,22,SOFT,5,29.881,38.901,26.308,95.09
9,British Grand Prix,Williams,ALB,27,22,SOFT,6,30.121,38.92,26.533,95.574
9,British Grand Prix,Williams,ALB,28,22,SOFT,7,30.166,38.857,26.47,95.493
9,British Grand Prix,Williams,ALB,29,22,SOFT,8,30.09,38.845,26.318,95.253
9,British Grand Prix,Williams,ALB,30,22,SOFT,9,30.543,40.392,26.439,97.374
9,British Grand Prix,Williams,ALB,31,22,SOFT,10,30.09,41.02,26.74,97.85
9,British Grand Prix,Williams,ALB,32,22,SOFT,11,30.299,39.009,26.52,95.828
9,British Grand Prix,Williams,ALB,33,22,SOFT,12,30.334,39.025,26.378,95.737
9,British Grand Prix,Williams,ALB,34,22,SOFT,13,30.183,38.947,26.407,95.537
9,British Grand Prix,Williams,ALB,35,22,SOFT,14,30.176,38.945,25.852,94.973
9,British Grand Prix,Williams,ALB,36,22,SOFT,4,54.512,56.136,30.589,141.237
9,British Grand Prix,Williams,ALB,37,21,SOFT,5,30.316,39.418,28.395,98.129
9,British Grand Prix,Williams,ALB,38,21,SOFT,6,29.924,38.317,25.928,94.169
9,British Grand Prix,Williams,ALB,39,21,SOFT,7,29.798,38.585,26.179,94.562
9,British Grand Prix,Williams,ALB,40,21,SOFT,8,29.757,38.499,26.236,94.492
9,British Grand Prix,Williams,ALB,41,21,SOFT,4,54.713,38.905,26.201,119.819
9,British Grand Prix,Williams,ALB,42,21,SOFT,5,29.658,38.296,25.913,93.867
9,British Grand Prix,Williams,ALB,43,21,SOFT,6,29.677,38.545,30.467,98.689
9,British Grand Prix,Audi,HUL,1,15,MEDIUM,1,,41.393,27.77,105.779
9,British Grand Prix,Audi,HUL,2,19,MEDIUM,2,31.313,46.849,26.477,104.639
9,British Grand Prix,Audi,HUL,3,19,MEDIUM,3,30.737,39.602,26.464,96.803
9,British Grand Prix,Audi,HUL,4,18,MEDIUM,4,30.623,39.466,26.565,96.654
9,British Grand Prix,Audi,HUL,5,18,MEDIUM,5,30.575,39.602,26.499,96.676
9,British Grand Prix,Audi,HUL,6,18,MEDIUM,6,30.696,39.531,26.539,96.766
9,British Grand Prix,Audi,HUL,7,17,MEDIUM,7,30.593,39.49,26.211,96.294
9,British Grand Prix,Audi,HUL,8,17,MEDIUM,8,30.718,39.757,26.742,97.217
9,British Grand Prix,Audi,HUL,9,17,MEDIUM,9,30.641,39.637,26.606,96.884
9,British Grand Prix,Audi,HUL,10,16,MEDIUM,10,30.082,39.942,26.583,96.607
9,British Grand Prix,Audi,HUL,11,16,MEDIUM,11,30.637,39.533,26.604,96.774
9,British Grand Prix,Audi,HUL,12,15,MEDIUM,12,30.221,39.285,26.549,96.055
9,British Grand Prix,Audi,HUL,13,15,MEDIUM,13,30.71,39.698,26.35,96.758
9,British Grand Prix,Audi,HUL,14,15,MEDIUM,14,30.361,39.242,26.492,96.095
9,British Grand Prix,Audi,HUL,15,15,MEDIUM,15,30.263,39.29,26.3,95.853
9,British Grand Prix,Audi,HUL,16,15,MEDIUM,16,30.185,39.503,26.274,95.962
9,British Grand Prix,Audi,HUL,17,14,MEDIUM,17,30.073,39.841,25.406,95.32
9,British Grand Prix,Audi,HUL,18,18,HARD,1,51.017,39.42,26.615,117.052
9,British Grand Prix,Audi,HUL,19,18,HARD,2,30.427,39.27,26.282,95.979
9,British Grand Prix,Audi,HUL,20,17,HARD,3,30.234,39.195,25.957,95.386
9,British Grand Prix,Audi,HUL,21,17,HARD,4,30.239,45.646,29.259,105.144
9,British Grand Prix,Audi,HUL,22,15,HARD,5,30.256,38.782,26.077,95.115
9,British Grand Prix,Audi,HUL,23,15,HARD,6,30.176,38.672,26.229,95.077
9,British Grand Prix,Audi,HUL,24,15,HARD,7,30.171,39.14,26.709,96.02
9,British Grand Prix,Audi,HUL,25,14,HARD,8,30.251,38.92,25.869,95.04
9,British Grand Prix,Audi,HUL,26,14,HARD,9,30.138,38.749,26.186,95.073
9,British Grand Prix,Audi,HUL,27,13,HARD,10,30.229,38.684,26.106,95.019
9,British Grand Prix,Audi,HUL,28,13,HARD,11,29.991,38.496,26.097,94.584
9,British Grand Prix,Audi,HUL,29,13,HARD,12,29.953,38.227,26.374,94.554
9,British Grand Prix,Audi,HUL,30,13,HARD,13,30.259,38.439,26.06,94.758
9,British Grand Prix,Audi,HUL,31,13,HARD,14,30.142,38.52,26.121,94.783
9,British Grand Prix,Audi,HUL,32,13,HARD,15,30.181,38.801,26.098,95.08
9,British Grand Prix,Audi,HUL,33,13,HARD,16,30.059,38.735,26.153,94.947
9,British Grand Prix,Audi,HUL,34,13,HARD,17,29.975,38.606,27.119,95.7
9,British Grand Prix,Audi,HUL,35,15,SOFT,1,55.529,38.26,25.763,119.552
9,British Grand Prix,Audi,HUL,36,15,SOFT,2,29.75,38.09,25.593,93.433
9,British Grand Prix,Audi,HUL,37,,SOFT,3,,,,
9,British Grand Prix,Red Bull Racing,VER,1,6,MEDIUM,1,,38.936,25.905,99.3
9,British Grand Prix,Red Bull Racing,VER,2,6,MEDIUM,2,30.134,38.98,25.805,94.919
9,British Grand Prix,Red Bull Racing,VER,3,5,MEDIUM,3,30.125,38.998,26.004,95.127
9,British Grand Prix,Red Bull Racing,VER,4,5,MEDIUM,4,30.031,38.74,25.955,94.726
9,British Grand Prix,Red Bull Racing,VER,5,5,MEDIUM,5,30.236,38.494,26.071,94.801
9,British Grand Prix,Red Bull Racing,VER,6,5,MEDIUM,6,30.106,38.55,25.932,94.588
9,British Grand Prix,Red Bull Racing,VER,7,5,MEDIUM,7,30.198,38.327,25.989,94.514
9,British Grand Prix,Red Bull Racing,VER,8,5,MEDIUM,8,30.308,38.518,25.849,94.675
9,British Grand Prix,Red Bull Racing,VER,9,5,MEDIUM,9,30.369,38.613,25.966,94.948
9,British Grand Prix,Red Bull Racing,VER,10,5,MEDIUM,10,30.352,38.816,25.935,95.103
9,British Grand Prix,Red Bull Racing,VER,11,5,MEDIUM,11,30.034,38.659,26.142,94.835
9,British Grand Prix,Red Bull Racing,VER,12,5,MEDIUM,12,30.148,38.687,26.074,94.909
9,British Grand Prix,Red Bull Racing,VER,13,5,MEDIUM,13,30.235,38.877,25.867,94.979
9,British Grand Prix,Red Bull Racing,VER,14,5,MEDIUM,14,29.915,38.689,25.946,94.55
9,British Grand Prix,Red Bull Racing,VER,15,5,MEDIUM,15,29.765,38.956,25.849,94.57
9,British Grand Prix,Red Bull Racing,VER,16,5,MEDIUM,16,29.885,38.922,25.951,94.758
9,British Grand Prix,Red Bull Racing,VER,17,4,MEDIUM,17,29.751,38.766,25.553,94.07
9,British Grand Prix,Red Bull Racing,VER,18,7,HARD,1,50.24,38.071,25.494,113.805
9,British Grand Prix,Red Bull Racing,VER,19,7,HARD,2,29.887,38.042,25.633,93.562
9,British Grand Prix,Red Bull Racing,VER,20,6,HARD,3,29.967,38.074,25.578,93.619
9,British Grand Prix,Red Bull Racing,VER,21,6,HARD,4,30.027,38.198,25.91,94.135
9,British Grand Prix,Red Bull Racing,VER,22,6,HARD,5,37.344,41.587,25.934,104.865
9,British Grand Prix,Red Bull Racing,VER,23,6,HARD,6,30.15,38.229,25.879,94.258
9,British Grand Prix,Red Bull Racing,VER,24,4,HARD,7,30.08,38.354,25.701,94.135
9,British Grand Prix,Red Bull Racing,VER,25,4,HARD,8,29.945,38.202,25.817,93.964
9,British Grand Prix,Red Bull Racing,VER,26,4,HARD,9,29.964,38.304,25.76,94.028
9,British Grand Prix,Red Bull Racing,VER,27,4,HARD,10,29.961,38.384,25.798,94.143
9,British Grand Prix,Red Bull Racing,VER,28,4,HARD,11,29.88,38.188,25.755,93.823
9,British Grand Prix,Red Bull Racing,VER,29,3,HARD,12,30.028,38.288,25.734,94.05
9,British Grand Prix,Red Bull Racing,VER,30,3,HARD,13,29.947,38.243,25.783,93.973
9,British Grand Prix,Red Bull Racing,VER,31,3,HARD,14,30.012,38.234,25.712,93.958
9,British Grand Prix,Red Bull Racing,VER,32,3,HARD,15,30.069,38.292,25.848,94.209
9,British Grand Prix,Red Bull Racing,VER,33,3,HARD,16,30.129,38.235,25.949,94.313
9,British Grand Prix,Red Bull Racing,VER,34,4,HARD,17,29.949,38.361,26.134,94.444
9,British Grand Prix,Red Bull Racing,VER,35,3,HARD,18,29.95,38.133,25.656,93.739
9,British Grand Prix,Red Bull Racing,VER,36,3,HARD,19,30.024,38.193,25.734,93.951
9,British Grand Prix,Red Bull Racing,VER,37,3,HARD,20,29.89,37.978,26.404,94.272
9,British Grand Prix,Red Bull Racing,VER,38,3,HARD,21,30.204,38.973,25.539,94.716
9,British Grand Prix,Red Bull Racing,VER,39,4,MEDIUM,1,60.24,41.794,24.964,126.998
9,British Grand Prix,Red Bull Racing,VER,40,4,MEDIUM,2,29.326,37.412,25.363,92.101
9,British Grand Prix,Red Bull Racing,VER,41,4,MEDIUM,3,29.884,37.761,25.29,92.935
9,British Grand Prix,Red Bull Racing,VER,42,3,MEDIUM,4,29.555,37.651,25.338,92.544
9,British Grand Prix,Red Bull Racing,VER,43,3,MEDIUM,5,29.426,37.844,25.351,92.621
9,British Grand Prix,Red Bull Racing,VER,44,3,MEDIUM,6,29.651,37.447,25.292,92.39
9,British Grand Prix,Red Bull Racing,VER,45,3,MEDIUM,7,29.641,37.651,25.581,92.873
9,British Grand Prix,Red Bull Racing,VER,46,3,MEDIUM,8,29.624,37.896,25.387,92.907
9,British Grand Prix,Red Bull Racing,VER,47,,MEDIUM,9,,,,
9,British Grand Prix,Racing Bulls,LAW,1,8,MEDIUM,1,,39.931,26.268,101.28
9,British Grand Prix,Racing Bulls,LAW,2,8,MEDIUM,2,30.707,39.2,26.176,96.083
9,British Grand Prix,Racing Bulls,LAW,3,8,MEDIUM,3,30.311,39.518,26.426,96.255
9,British Grand Prix,Racing Bulls,LAW,4,8,MEDIUM,4,30.252,39.206,26.249,95.707
9,British Grand Prix,Racing Bulls,LAW,5,8,MEDIUM,5,30.103,39.218,26.318,95.639
9,British Grand Prix,Racing Bulls,LAW,6,8,MEDIUM,6,30.205,39.252,26.28,95.737
9,British Grand Prix,Racing Bulls,LAW,7,8,MEDIUM,7,30.426,39.311,26.36,96.097
9,British Grand Prix,Racing Bulls,LAW,8,8,MEDIUM,8,30.422,39.272,26.277,95.971
9,British Grand Prix,Racing Bulls,LAW,9,8,MEDIUM,9,30.537,39.414,26.375,96.326
9,British Grand Prix,Racing Bulls,LAW,10,8,MEDIUM,10,30.479,39.461,26.315,96.255
9,British Grand Prix,Racing Bulls,LAW,11,8,MEDIUM,11,30.332,39.498,26.328,96.158
9,British Grand Prix,Racing Bulls,LAW,12,8,MEDIUM,12,30.359,39.615,26.427,96.401
9,British Grand Prix,Racing Bulls,LAW,13,8,MEDIUM,13,30.344,39.29,26.197,95.831
9,British Grand Prix,Racing Bulls,LAW,14,8,MEDIUM,14,30.15,39.416,26.337,95.903
9,British Grand Prix,Racing Bulls,LAW,15,8,MEDIUM,15,30.184,39.276,26.2,95.66
9,British Grand Prix,Racing Bulls,LAW,16,8,MEDIUM,16,30.187,39.271,26.263,95.721
9,British Grand Prix,Racing Bulls,LAW,17,8,MEDIUM,17,30.11,39.318,26.175,95.603
9,British Grand Prix,Racing Bulls,LAW,18,8,MEDIUM,18,30.228,39.273,26.309,95.81
9,British Grand Prix,Racing Bulls,LAW,19,8,MEDIUM,19,30.174,39.239,26.275,95.688
9,British Grand Prix,Racing Bulls,LAW,20,7,MEDIUM,20,30.085,39.257,26.293,95.635
9,British Grand Prix,Racing Bulls,LAW,21,7,MEDIUM,21,30.167,39.223,26.217,95.607
9,British Grand Prix,Racing Bulls,LAW,22,7,MEDIUM,22,39.755,39.753,26.15,105.658
9,British Grand Prix,Racing Bulls,LAW,23,7,MEDIUM,23,30.289,39.322,26.44,96.051
9,British Grand Prix,Racing Bulls,LAW,24,7,MEDIUM,24,30.278,39.283,26.227,95.788
9,British Grand Prix,Racing Bulls,LAW,25,8,MEDIUM,25,30.311,39.217,26.91,96.438
9,British Grand Prix,Racing Bulls,LAW,26,8,MEDIUM,26,30.036,39.291,26.12,95.447
9,British Grand Prix,Racing Bulls,LAW,27,8,MEDIUM,27,29.923,39.14,26.12,95.183
9,British Grand Prix,Racing Bulls,LAW,28,8,MEDIUM,28,29.834,38.954,25.637,94.425
9,British Grand Prix,Racing Bulls,LAW,29,8,HARD,1,50.626,38.859,25.771,115.256
9,British Grand Prix,Racing Bulls,LAW,30,8,HARD,2,29.921,38.611,25.913,94.445
9,British Grand Prix,Racing Bulls,LAW,31,8,HARD,3,29.815,38.523,25.761,94.099
9,British Grand Prix,Racing Bulls,LAW,32,8,HARD,4,29.856,38.43,25.652,93.938
9,British Grand Prix,Racing Bulls,LAW,33,8,HARD,5,29.851,38.295,25.711,93.857
9,British Grand Prix,Racing Bulls,LAW,34,8,HARD,6,29.793,38.346,25.728,93.867
9,British Grand Prix,Racing Bulls,LAW,35,8,HARD,7,29.81,38.486,25.882,94.178
9,British Grand Prix,Racing Bulls,LAW,36,8,HARD,8,29.914,38.557,25.767,94.238
9,British Grand Prix,Racing Bulls,LAW,37,8,HARD,9,29.769,38.479,25.695,93.943
9,British Grand Prix,Racing Bulls,LAW,38,8,HARD,10,29.834,52.422,29.634,111.89
9,British Grand Prix,Racing Bulls,LAW,39,8,HARD,11,34.328,38.389,25.597,98.314
9,British Grand Prix,Racing Bulls,LAW,40,8,HARD,12,29.748,38.381,25.783,93.912
9,British Grand Prix,Racing Bulls,LAW,41,8,HARD,13,29.984,38.512,25.75,94.246
9,British Grand Prix,Racing Bulls,LAW,42,8,HARD,14,29.646,38.438,25.72,93.804
9,British Grand Prix,Racing Bulls,LAW,43,8,HARD,15,29.726,38.563,25.737,94.026
9,British Grand Prix,Racing Bulls,LAW,44,7,HARD,16,29.629,38.387,25.689,93.705
9,British Grand Prix,Racing Bulls,LAW,45,7,HARD,17,29.728,38.239,25.681,93.648
9,British Grand Prix,Racing Bulls,LAW,46,7,HARD,18,29.738,38.454,25.726,93.918
9,British Grand Prix,Racing Bulls,LAW,47,6,HARD,19,29.708,42.869,33.861,106.438
9,British Grand Prix,Racing Bulls,LAW,48,6,SOFT,4,52.859,51.847,34.613,139.319
9,British Grand Prix,Racing Bulls,LAW,49,6,SOFT,5,31.843,46.514,34.184,112.541
9,British Grand Prix,Racing Bulls,LAW,50,6,SOFT,6,32.495,54.552,48.937,135.984
9,British Grand Prix,Racing Bulls,LAW,51,6,SOFT,7,52.593,67.51,43.462,
9,British Grand Prix,Racing Bulls,LAW,52,6,SOFT,8,46.488,60.233,35.149,141.87
9,British Grand Prix,Haas F1 Team,OCO,1,11,MEDIUM,1,,40.985,27.327,104.681
9,British Grand Prix,Haas F1 Team,OCO,2,12,MEDIUM,2,30.759,39.56,26.884,97.203
9,British Grand Prix,Haas F1 Team,OCO,3,13,MEDIUM,3,30.471,39.449,27.202,97.122
9,British Grand Prix,Haas F1 Team,OCO,4,13,MEDIUM,4,30.767,39.557,26.473,96.797
9,British Grand Prix,Haas F1 Team,OCO,5,14,MEDIUM,5,30.528,39.923,27.222,97.673
9,British Grand Prix,Haas F1 Team,OCO,6,14,MEDIUM,6,31.119,39.705,26.473,97.297
9,British Grand Prix,Haas F1 Team,OCO,7,14,MEDIUM,7,30.669,39.655,26.373,96.697
9,British Grand Prix,Haas F1 Team,OCO,8,14,MEDIUM,8,30.885,39.657,26.463,97.005
9,British Grand Prix,Haas F1 Team,OCO,9,14,MEDIUM,9,31.047,39.863,26.465,97.375
9,British Grand Prix,Haas F1 Team,OCO,10,14,MEDIUM,10,30.895,40.037,26.752,97.684
9,British Grand Prix,Haas F1 Team,OCO,11,14,MEDIUM,11,30.715,39.945,26.428,97.088
9,British Grand Prix,Haas F1 Team,OCO,12,14,MEDIUM,12,30.875,39.651,26.495,97.021
9,British Grand Prix,Haas F1 Team,OCO,13,14,MEDIUM,13,30.609,39.721,26.359,96.689
9,British Grand Prix,Haas F1 Team,OCO,14,14,MEDIUM,14,30.491,39.683,26.692,96.866
9,British Grand Prix,Haas F1 Team,OCO,15,14,MEDIUM,15,30.621,39.595,26.454,96.67
9,British Grand Prix,Haas F1 Team,OCO,16,14,MEDIUM,16,30.738,39.677,26.658,97.073
9,British Grand Prix,Haas F1 Team,OCO,17,15,MEDIUM,17,30.672,39.674,26.917,97.263
9,British Grand Prix,Haas F1 Team,OCO,18,14,MEDIUM,18,30.793,39.557,26.603,96.953
9,British Grand Prix,Haas F1 Team,OCO,19,14,MEDIUM,19,30.749,39.379,26.637,96.765
9,British Grand Prix,Haas F1 Team,OCO,20,14,MEDIUM,20,30.732,39.328,26.454,96.514
9,British Grand Prix,Haas F1 Team,OCO,21,13,MEDIUM,21,30.652,39.243,30.413,100.308
9,British Grand Prix,Haas F1 Team,OCO,22,19,HARD,1,65.995,40.619,27.08,133.694
9,British Grand Prix,Haas F1 Team,OCO,23,19,HARD,2,30.285,40.055,26.167,96.507
9,British Grand Prix,Haas F1 Team,OCO,24,19,HARD,3,30.131,38.928,26.474,95.533
9,British Grand Prix,Haas F1 Team,OCO,25,18,HARD,4,30.277,39.189,26.272,95.738
9,British Grand Prix,Haas F1 Team,OCO,26,18,HARD,5,30.27,39.078,26.363,95.711
9,British Grand Prix,Haas F1 Team,OCO,27,17,HARD,6,30.25,39.085,26.509,95.844
9,British Grand Prix,Haas F1 Team,OCO,28,17,HARD,7,30.669,38.925,26.352,95.946
9,British Grand Prix,Haas F1 Team,OCO,29,17,HARD,8,30.458,39.056,26.379,95.893
9,British Grand Prix,Haas F1 Team,OCO,30,16,HARD,9,31.805,39.078,26.295,97.178
9,British Grand Prix,Haas F1 Team,OCO,31,16,HARD,10,30.334,38.807,26.219,95.36
9,British Grand Prix,Haas F1 Team,OCO,32,16,HARD,11,30.447,38.924,26.243,95.614
9,British Grand Prix,Haas F1 Team,OCO,33,16,HARD,12,30.307,38.811,26.292,95.41
9,British Grand Prix,Haas F1 Team,OCO,34,17,HARD,13,30.445,38.844,26.963,96.252
9,British Grand Prix,Haas F1 Team,OCO,35,17,HARD,14,30.46,38.991,26.004,95.455
9,British Grand Prix,Haas F1 Team,OCO,36,17,HARD,15,30.237,38.837,26.068,95.142
9,British Grand Prix,Haas F1 Team,OCO,37,15,HARD,16,30.36,38.963,31.387,100.71
9,British Grand Prix,Haas F1 Team,OCO,38,15,HARD,17,41.113,45.576,27.071,113.76
9,British Grand Prix,Haas F1 Team,OCO,39,16,HARD,18,30.07,39.438,25.885,95.393
9,British Grand Prix,Haas F1 Team,OCO,40,16,HARD,19,30.304,39.037,26.145,95.486
9,British Grand Prix,Haas F1 Team,OCO,41,16,HARD,20,30.237,38.738,26.152,95.127
9,British Grand Prix,Haas F1 Team,OCO,42,16,HARD,21,30.077,39.694,26.122,95.893
9,British Grand Prix,Haas F1 Team,OCO,43,16,HARD,22,30.217,38.568,26.007,94.792
9,British Grand Prix,Haas F1 Team,OCO,44,16,HARD,23,31.043,38.848,26.034,95.925
9,British Grand Prix,Haas F1 Team,OCO,45,16,HARD,24,30.125,38.702,26.069,94.896
9,British Grand Prix,Haas F1 Team,OCO,46,16,HARD,25,30.274,38.698,32.849,101.821
9,British Grand Prix,Haas F1 Team,OCO,47,15,HARD,26,39.859,49.457,36.687,126.003
9,British Grand Prix,Haas F1 Team,OCO,48,15,SOFT,1,58.443,50.356,36.797,145.596
9,British Grand Prix,Haas F1 Team,OCO,49,15,SOFT,2,29.444,65.17,48.233,142.847
9,British Grand Prix,Haas F1 Team,OCO,50,15,SOFT,3,36.199,39.366,26.524,102.089
9,British Grand Prix,Haas F1 Team,OCO,51,15,SOFT,4,30.223,38.958,26.678,95.859
9,British Grand Prix,Haas F1 Team,OCO,52,15,SOFT,5,30.551,54.064,32.014,116.629
9,British Grand Prix,Racing Bulls,LIN,1,9,MEDIUM,1,,41.421,26.48,103.006
9,British Grand Prix,Racing Bulls,LIN,2,9,MEDIUM,2,30.578,39.289,26.336,96.203
9,British Grand Prix,Racing Bulls,LIN,3,9,MEDIUM,3,30.256,39.387,26.316,95.959
9,British Grand Prix,Racing Bulls,LIN,4,9,MEDIUM,4,30.122,39.283,26.237,95.642
9,British Grand Prix,Racing Bulls,LIN,5,9,MEDIUM,5,30.149,39.285,26.296,95.73
9,British Grand Prix,Racing Bulls,LIN,6,9,MEDIUM,6,30.218,39.256,26.35,95.824
9,British Grand Prix,Racing Bulls,LIN,7,9,MEDIUM,7,30.306,39.199,26.467,95.972
9,British Grand Prix,Racing Bulls,LIN,8,9,MEDIUM,8,30.408,39.338,26.398,96.144
9,British Grand Prix,Racing Bulls,LIN,9,9,MEDIUM,9,30.426,39.516,26.458,96.4
9,British Grand Prix,Racing Bulls,LIN,10,9,MEDIUM,10,30.418,39.527,26.304,96.249
9,British Grand Prix,Racing Bulls,LIN,11,9,MEDIUM,11,30.293,39.41,26.39,96.093
9,British Grand Prix,Racing Bulls,LIN,12,9,MEDIUM,12,30.329,39.378,26.198,95.905
9,British Grand Prix,Racing Bulls,LIN,13,9,MEDIUM,13,30.431,39.429,26.307,96.167
9,British Grand Prix,Racing Bulls,LIN,14,9,MEDIUM,14,30.036,39.409,26.275,95.72
9,British Grand Prix,Racing Bulls,LIN,15,9,MEDIUM,15,30.129,39.203,26.116,95.448
9,British Grand Prix,Racing Bulls,LIN,16,9,MEDIUM,16,30.323,39.437,26.23,95.99
9,British Grand Prix,Racing Bulls,LIN,17,9,MEDIUM,17,30.188,39.332,26.231,95.751
9,British Grand Prix,Racing Bulls,LIN,18,9,MEDIUM,18,30.261,39.286,26.31,95.857
9,British Grand Prix,Racing Bulls,LIN,19,9,MEDIUM,19,30.322,39.331,26.27,95.923
9,British Grand Prix,Racing Bulls,LIN,20,8,MEDIUM,20,30.356,39.209,26.276,95.841
9,British Grand Prix,Racing Bulls,LIN,21,8,MEDIUM,21,30.339,39.187,26.253,95.779
9,British Grand Prix,Racing Bulls,LIN,22,8,MEDIUM,22,40.762,39.517,26.512,106.791
9,British Grand Prix,Racing Bulls,LIN,23,9,MEDIUM,23,30.374,39.904,26.33,96.608
9,British Grand Prix,Racing Bulls,LIN,24,9,MEDIUM,24,30.24,39.132,26.151,95.523
9,British Grand Prix,Racing Bulls,LIN,25,9,MEDIUM,25,30.156,39.293,26.371,95.82
9,British Grand Prix,Racing Bulls,LIN,26,9,MEDIUM,26,30.103,39.241,26.179,95.523
9,British Grand Prix,Racing Bulls,LIN,27,9,MEDIUM,27,30.168,39.137,25.277,94.582
9,British Grand Prix,Racing Bulls,LIN,28,9,HARD,1,51.402,38.415,25.497,115.314
9,British Grand Prix,Racing Bulls,LIN,29,9,HARD,2,29.688,38.382,25.562,93.632
9,British Grand Prix,Racing Bulls,LIN,30,9,HARD,3,29.809,38.237,25.882,93.928
9,British Grand Prix,Racing Bulls,LIN,31,9,HARD,4,29.775,38.453,25.52,93.748
9,British Grand Prix,Racing Bulls,LIN,32,9,HARD,5,29.611,38.599,25.709,93.919
9,British Grand Prix,Racing Bulls,LIN,33,9,HARD,6,29.71,38.46,25.683,93.853
9,British Grand Prix,Racing Bulls,LIN,34,9,HARD,7,29.932,38.412,25.73,94.074
9,British Grand Prix,Racing Bulls,LIN,35,9,HARD,8,29.88,38.494,25.784,94.158
9,British Grand Prix,Racing Bulls,LIN,36,9,HARD,9,29.914,38.813,25.653,94.38
9,British Grand Prix,Racing Bulls,LIN,37,9,HARD,10,29.805,38.626,25.816,94.247
9,British Grand Prix,Racing Bulls,LIN,38,9,HARD,11,29.859,52.78,30.888,113.527
9,British Grand Prix,Racing Bulls,LIN,39,9,HARD,12,33.307,38.294,25.614,97.215
9,British Grand Prix,Racing Bulls,LIN,40,9,HARD,13,29.795,38.487,25.854,94.136
9,British Grand Prix,Racing Bulls,LIN,41,9,HARD,14,30.105,38.45,25.814,94.369
9,British Grand Prix,Racing Bulls,LIN,42,9,HARD,15,29.775,38.617,25.718,94.11
9,British Grand Prix,Racing Bulls,LIN,43,9,HARD,16,29.834,38.772,25.97,94.576
9,British Grand Prix,Racing Bulls,LIN,44,8,HARD,17,29.943,38.617,25.767,94.327
9,British Grand Prix,Racing Bulls,LIN,45,8,HARD,18,29.801,38.441,25.797,94.039
9,British Grand Prix,Racing Bulls,LIN,46,8,HARD,19,29.864,38.52,25.873,94.257
9,British Grand Prix,Racing Bulls,LIN,47,7,HARD,20,29.848,42.858,32.059,104.765
9,British Grand Prix,Racing Bulls,LIN,48,7,SOFT,4,59.817,51.559,34.275,145.651
9,British Grand Prix,Racing Bulls,LIN,49,7,SOFT,5,33.015,41.596,31.658,106.269
9,British Grand Prix,Racing Bulls,LIN,50,7,SOFT,6,31.788,52.922,49.197,133.907
9,British Grand Prix,Racing Bulls,LIN,51,7,SOFT,7,52.44,67.38,43.407,
9,British Grand Prix,Racing Bulls,LIN,52,7,SOFT,8,46.462,59.957,35.052,141.471
9,British Grand Prix,Alpine,COL,1,16,MEDIUM,1,,42.015,27.603,106.174
9,British Grand Prix,Alpine,COL,2,14,MEDIUM,2,31.003,40.014,26.188,97.205
9,British Grand Prix,Alpine,COL,3,14,MEDIUM,3,30.948,39.167,26.562,96.677
9,British Grand Prix,Alpine,COL,4,14,MEDIUM,4,30.338,39.441,26.532,96.311
9,British Grand Prix,Alpine,COL,5,13,MEDIUM,5,30.458,39.883,26.353,96.694
9,British Grand Prix,Alpine,COL,6,13,MEDIUM,6,30.891,39.401,26.827,97.119
9,British Grand Prix,Alpine,COL,7,13,MEDIUM,7,30.477,39.405,26.577,96.459
9,British Grand Prix,Alpine,COL,8,13,MEDIUM,8,30.754,39.67,26.784,97.208
9,British Grand Prix,Alpine,COL,9,12,MEDIUM,9,30.853,39.535,26.16,96.548
9,British Grand Prix,Alpine,COL,10,12,MEDIUM,10,31.278,39.471,26.719,97.468
9,British Grand Prix,Alpine,COL,11,12,MEDIUM,11,30.956,39.259,26.262,96.477
9,British Grand Prix,Alpine,COL,12,12,MEDIUM,12,30.985,39.144,26.714,96.843
9,British Grand Prix,Alpine,COL,13,12,MEDIUM,13,30.349,39.108,26.616,96.073
9,British Grand Prix,Alpine,COL,14,12,MEDIUM,14,30.205,39.127,26.585,95.917
9,British Grand Prix,Alpine,COL,15,12,MEDIUM,15,30.326,39.06,26.471,95.857
9,British Grand Prix,Alpine,COL,16,12,MEDIUM,16,30.454,39.387,26.738,96.579
9,British Grand Prix,Alpine,COL,17,12,MEDIUM,17,30.153,39.376,26.71,96.239
9,British Grand Prix,Alpine,COL,18,12,MEDIUM,18,30.324,39.11,26.814,96.248
9,British Grand Prix,Alpine,COL,19,12,MEDIUM,19,30.352,39.187,26.533,96.072
9,British Grand Prix,Alpine,COL,20,12,MEDIUM,20,30.292,39.044,26.444,95.78
9,British Grand Prix,Alpine,COL,21,12,MEDIUM,21,30.094,38.959,31.415,100.468
9,British Grand Prix,Alpine,COL,22,12,MEDIUM,22,34.376,39.202,25.725,99.303
9,British Grand Prix,Alpine,COL,23,13,HARD,1,51.716,38.626,26.402,116.744
9,British Grand Prix,Alpine,COL,24,11,HARD,2,30.133,38.456,26.123,94.712
9,British Grand Prix,Alpine,COL,25,11,HARD,3,29.79,38.442,26.049,94.281
9,British Grand Prix,Alpine,COL,26,11,HARD,4,29.828,38.509,26.375,94.712
9,British Grand Prix,Alpine,COL,27,11,HARD,5,29.909,38.519,26.182,94.61
9,British Grand Prix,Alpine,COL,28,11,HARD,6,29.848,38.628,26.176,94.652
9,British Grand Prix,Alpine,COL,29,11,HARD,7,29.94,38.619,26.309,94.868
9,British Grand Prix,Alpine,COL,30,11,HARD,8,30.023,38.543,26.178,94.744
9,British Grand Prix,Alpine,COL,31,11,HARD,9,30.046,38.636,26.335,95.017
9,British Grand Prix,Alpine,COL,32,11,HARD,10,30.715,39.063,26.489,96.267
9,British Grand Prix,Alpine,COL,33,11,HARD,11,30.138,38.855,26.326,95.319
9,British Grand Prix,Alpine,COL,34,11,HARD,12,30.13,39.29,26.287,95.707
9,British Grand Prix,Alpine,COL,35,11,HARD,13,30.347,38.595,26.516,95.458
9,British Grand Prix,Alpine,COL,36,11,HARD,14,29.984,38.842,26.311,95.137
9,British Grand Prix,Alpine,COL,37,11,HARD,15,30.013,38.559,26.187,94.759
9,British Grand Prix,Alpine,COL,38,11,HARD,16,36.498,49.303,31.548,117.349
9,British Grand Prix,Alpine,COL,39,11,HARD,17,29.991,38.449,26.169,94.609
9,British Grand Prix,Alpine,COL,40,11,HARD,18,30.041,38.584,26.14,94.765
9,British Grand Prix,Alpine,COL,41,11,HARD,19,29.866,38.544,26.308,94.718
9,British Grand Prix,Alpine,COL,42,11,HARD,20,29.891,38.505,26.228,94.624
9,British Grand Prix,Alpine,COL,43,11,HARD,21,29.957,38.566,26.262,94.785
9,British Grand Prix,Alpine,COL,44,11,HARD,22,29.901,38.509,26.022,94.432
9,British Grand Prix,Alpine,COL,45,11,HARD,23,29.924,38.478,26.163,94.565
9,British Grand Prix,Alpine,COL,46,11,HARD,24,30.119,38.559,26.192,94.87
9,British Grand Prix,Alpine,COL,47,10,HARD,25,29.78,51.34,30.99,112.11
9,British Grand Prix,Alpine,COL,48,11,SOFT,1,58.083,51.961,32.447,142.491
9,British Grand Prix,Alpine,COL,49,10,SOFT,2,33.85,43.147,29.201,106.198
9,British Grand Prix,Alpine,COL,50,10,SOFT,3,31.164,41.839,36.753,109.756
9,British Grand Prix,Alpine,COL,51,10,SOFT,4,51.668,67.489,43.47,
9,British Grand Prix,Alpine,COL,52,10,SOFT,5,47.032,58.794,34.133,139.959
9,British Grand Prix,Ferrari,HAM,1,2,MEDIUM,1,,38.368,25.814,96.912
9,British Grand Prix,Ferrari,HAM,2,2,MEDIUM,2,29.917,38.564,25.745,94.226
9,British Grand Prix,Ferrari,HAM,3,2,MEDIUM,3,29.71,38.461,25.879,94.05
9,British Grand Prix,Ferrari,HAM,4,2,MEDIUM,4,29.722,38.638,25.583,93.943
9,British Grand Prix,Ferrari,HAM,5,2,MEDIUM,5,29.928,38.708,26.119,94.755
9,British Grand Prix,Ferrari,HAM,6,2,MEDIUM,6,29.986,38.613,26.073,94.672
9,British Grand Prix,Ferrari,HAM,7,2,MEDIUM,7,30.09,38.667,25.978,94.735
9,British Grand Prix,Ferrari,HAM,8,2,MEDIUM,8,30.132,38.561,25.958,94.651
9,British Grand Prix,Ferrari,HAM,9,2,MEDIUM,9,30.285,38.762,25.962,95.009
9,British Grand Prix,Ferrari,HAM,10,2,MEDIUM,10,30.285,38.789,25.912,94.986
9,British Grand Prix,Ferrari,HAM,11,3,MEDIUM,11,30.22,39.436,26.085,95.741
9,British Grand Prix,Ferrari,HAM,12,3,MEDIUM,12,29.981,38.926,25.734,94.641
9,British Grand Prix,Ferrari,HAM,13,3,MEDIUM,13,30.167,38.887,25.724,94.778
9,British Grand Prix,Ferrari,HAM,14,3,MEDIUM,14,29.924,38.761,25.746,94.431
9,British Grand Prix,Ferrari,HAM,15,3,MEDIUM,15,29.826,38.697,26.238,94.761
9,British Grand Prix,Ferrari,HAM,16,3,MEDIUM,16,30.081,38.762,26.529,95.372
9,British Grand Prix,Ferrari,HAM,17,3,MEDIUM,17,30.268,38.763,26.076,95.107
9,British Grand Prix,Ferrari,HAM,18,3,MEDIUM,18,30.034,38.79,26.063,94.887
9,British Grand Prix,Ferrari,HAM,19,3,MEDIUM,19,30.08,38.473,26.053,94.606
9,British Grand Prix,Ferrari,HAM,20,3,MEDIUM,20,30.099,38.447,25.849,94.395
9,British Grand Prix,Ferrari,HAM,21,3,MEDIUM,21,29.975,38.727,26.099,94.801
9,British Grand Prix,Ferrari,HAM,22,3,MEDIUM,22,30.085,48.792,25.77,104.647
9,British Grand Prix,Ferrari,HAM,23,3,MEDIUM,23,30.077,38.305,25.863,94.245
9,British Grand Prix,Ferrari,HAM,24,6,HARD,1,56.458,37.899,25.339,119.696
9,British Grand Prix,Ferrari,HAM,25,6,HARD,2,28.967,37.735,25.607,92.309
9,British Grand Prix,Ferrari,HAM,26,6,HARD,3,29.465,37.806,25.396,92.667
9,British Grand Prix,Ferrari,HAM,27,6,HARD,4,29.511,38.123,25.282,92.916
9,British Grand Prix,Ferrari,HAM,28,6,HARD,5,29.538,37.801,25.583,92.922
9,British Grand Prix,Ferrari,HAM,29,5,HARD,6,29.684,38.638,26.425,94.747
9,British Grand Prix,Ferrari,HAM,30,5,HARD,7,29.647,37.983,25.577,93.207
9,British Grand Prix,Ferrari,HAM,31,5,HARD,8,29.786,38.735,26.217,94.738
9,British Grand Prix,Ferrari,HAM,32,5,HARD,9,29.808,38.157,25.781,93.746
9,British Grand Prix,Ferrari,HAM,33,5,HARD,10,29.969,38.265,25.648,93.882
9,British Grand Prix,Ferrari,HAM,34,5,HARD,11,29.79,38.469,25.637,93.896
9,British Grand Prix,Ferrari,HAM,35,4,HARD,12,29.803,38.349,25.882,94.034
9,British Grand Prix,Ferrari,HAM,36,4,HARD,13,29.841,38.473,25.679,93.993
9,British Grand Prix,Ferrari,HAM,37,4,HARD,14,29.59,38.11,26.038,93.738
9,British Grand Prix,Ferrari,HAM,38,4,HARD,15,29.884,38.13,31.28,99.294
9,British Grand Prix,Ferrari,HAM,39,3,HARD,16,40.239,46.045,25.31,111.594
9,British Grand Prix,Ferrari,HAM,40,3,HARD,17,29.533,38.363,25.846,93.742
9,British Grand Prix,Ferrari,HAM,41,3,HARD,18,30.021,38.018,25.382,93.421
9,British Grand Prix,Ferrari,HAM,42,2,HARD,19,29.462,37.99,25.885,93.337
9,British Grand Prix,Ferrari,HAM,43,2,HARD,20,29.611,37.907,25.511,93.029
9,British Grand Prix,Ferrari,HAM,44,2,HARD,21,29.57,37.819,25.653,93.042
9,British Grand Prix,Ferrari,HAM,45,2,HARD,22,29.587,37.899,25.297,92.783
9,British Grand Prix,Ferrari,HAM,46,2,HARD,23,29.566,37.842,25.565,92.973
9,British Grand Prix,Ferrari,HAM,47,2,HARD,24,29.764,37.896,25.4,93.06
9,British Grand Prix,Ferrari,HAM,48,2,HARD,25,39.405,48.611,33.739,121.755
9,British Grand Prix,Ferrari,HAM,49,3,SOFT,4,59.472,50.406,39.288,149.166
9,British Grand Prix,Ferrari,HAM,50,3,SOFT,5,45.015,70.398,48.231,
9,British Grand Prix,Ferrari,HAM,51,3,SOFT,6,60.5,66.61,44.175,
9,British Grand Prix,Ferrari,HAM,52,3,SOFT,7,46.926,59.382,36.832,143.14
9,British Grand Prix,Audi,BOR,1,13,MEDIUM,1,,41.287,28.007,105.208
9,British Grand Prix,Audi,BOR,2,11,MEDIUM,2,30.728,39.366,26.04,96.134
9,British Grand Prix,Audi,BOR,3,11,MEDIUM,3,30.357,39.114,26.698,96.169
9,British Grand Prix,Audi,BOR,4,11,MEDIUM,4,30.499,39.156,26.607,96.262
9,British Grand Prix,Audi,BOR,5,10,MEDIUM,5,30.235,40.014,26.32,96.569
9,British Grand Prix,Audi,BOR,6,10,MEDIUM,6,30.695,39.376,26.432,96.503
9,British Grand Prix,Audi,BOR,7,10,MEDIUM,7,30.486,39.048,26.258,95.792
9,British Grand Prix,Audi,BOR,8,10,MEDIUM,8,30.533,39.181,26.258,95.972
9,British Grand Prix,Audi,BOR,9,10,MEDIUM,9,30.466,39.32,26.355,96.141
9,British Grand Prix,Audi,BOR,10,10,MEDIUM,10,30.555,39.279,26.282,96.116
9,British Grand Prix,Audi,BOR,11,10,MEDIUM,11,30.398,39.007,26.266,95.671
9,British Grand Prix,Audi,BOR,12,10,MEDIUM,12,30.431,39.034,26.415,95.88
9,British Grand Prix,Audi,BOR,13,10,MEDIUM,13,30.461,39.335,26.497,96.293
9,British Grand Prix,Audi,BOR,14,10,MEDIUM,14,30.279,39.33,26.253,95.862
9,British Grand Prix,Audi,BOR,15,10,MEDIUM,15,30.283,39.237,26.246,95.766
9,British Grand Prix,Audi,BOR,16,10,MEDIUM,16,30.476,39.345,26.241,96.062
9,British Grand Prix,Audi,BOR,17,10,MEDIUM,17,30.21,39.201,26.251,95.662
9,British Grand Prix,Audi,BOR,18,10,MEDIUM,18,30.232,39.227,26.426,95.885
9,British Grand Prix,Audi,BOR,19,10,MEDIUM,19,30.321,39.336,26.219,95.876
9,British Grand Prix,Audi,BOR,20,10,MEDIUM,20,30.375,39.92,26.421,96.716
9,British Grand Prix,Audi,BOR,21,10,MEDIUM,21,30.351,38.96,27.249,96.56
9,British Grand Prix,Audi,BOR,22,10,MEDIUM,22,39.414,39.179,26.291,104.884
9,British Grand Prix,Audi,BOR,23,10,MEDIUM,23,30.3,39.145,26.273,95.718
9,British Grand Prix,Audi,BOR,24,10,MEDIUM,24,30.251,39.126,26.286,95.663
9,British Grand Prix,Audi,BOR,25,10,MEDIUM,25,30.074,39.022,26.429,95.525
9,British Grand Prix,Audi,BOR,26,10,MEDIUM,26,30.065,39.531,25.554,95.15
9,British Grand Prix,Audi,BOR,27,10,HARD,1,50.38,38.306,25.947,114.633
9,British Grand Prix,Audi,BOR,28,10,HARD,2,29.733,38.502,25.835,94.07
9,British Grand Prix,Audi,BOR,29,10,HARD,3,29.731,38.138,25.907,93.776
9,British Grand Prix,Audi,BOR,30,10,HARD,4,29.78,38.063,25.807,93.65
9,British Grand Prix,Audi,BOR,31,10,HARD,5,29.958,38.371,25.829,94.158
9,British Grand Prix,Audi,BOR,32,10,HARD,6,29.895,38.555,25.972,94.422
9,British Grand Prix,Audi,BOR,33,10,HARD,7,30.037,38.539,26.076,94.652
9,British Grand Prix,Audi,BOR,34,10,HARD,8,30.004,38.53,25.951,94.485
9,British Grand Prix,Audi,BOR,35,10,HARD,9,30.099,38.408,26.009,94.516
9,British Grand Prix,Audi,BOR,36,10,HARD,10,30.041,38.59,25.957,94.588
9,British Grand Prix,Audi,BOR,37,10,HARD,11,29.938,38.596,25.973,94.507
9,British Grand Prix,Audi,BOR,38,10,HARD,12,30.062,52.073,31.875,114.01
9,British Grand Prix,Audi,BOR,39,10,HARD,13,33.467,38.436,25.927,97.83
9,British Grand Prix,Audi,BOR,40,10,HARD,14,29.93,38.369,26.113,94.412
9,British Grand Prix,Audi,BOR,41,10,HARD,15,29.953,38.777,25.918,94.648
9,British Grand Prix,Audi,BOR,42,10,HARD,16,29.801,38.677,25.974,94.452
9,British Grand Prix,Audi,BOR,43,10,HARD,17,29.965,38.697,25.996,94.658
9,British Grand Prix,Audi,BOR,44,9,HARD,18,29.968,38.495,25.939,94.402
9,British Grand Prix,Audi,BOR,45,9,HARD,19,29.843,38.525,25.871,94.239
9,British Grand Prix,Audi,BOR,46,9,HARD,20,29.915,38.558,26.065,94.538
9,British Grand Prix,Audi,BOR,47,8,HARD,21,29.929,45.853,30.264,106.046
9,British Grand Prix,Audi,BOR,48,8,SOFT,1,57.885,51.694,33.385,142.964
9,British Grand Prix,Audi,BOR,49,8,SOFT,2,32.507,40.523,30.654,103.684
9,British Grand Prix,Audi,BOR,50,8,SOFT,3,32.051,51.834,48.653,132.538
9,British Grand Prix,Audi,BOR,51,8,SOFT,4,51.856,68.162,43.09,
9,British Grand Prix,Audi,BOR,52,8,SOFT,5,46.097,60.106,34.52,140.723
9,British Grand Prix,Williams,SAI,1,10,MEDIUM,1,,40.704,27.146,103.989
9,British Grand Prix,Williams,SAI,2,10,MEDIUM,2,31.004,39.164,26.359,96.527
9,British Grand Prix,Williams,SAI,3,10,MEDIUM,3,30.254,39.468,26.748,96.47
9,British Grand Prix,Williams,SAI,4,10,MEDIUM,4,30.356,39.349,26.587,96.292
9,British Grand Prix,Williams,SAI,5,11,MEDIUM,5,30.71,39.812,27.553,98.075
9,British Grand Prix,Williams,SAI,6,12,MEDIUM,6,30.479,39.556,27.389,97.424
9,British Grand Prix,Williams,SAI,7,12,MEDIUM,7,30.451,39.366,27.338,97.155
9,British Grand Prix,Williams,SAI,8,12,MEDIUM,8,30.258,39.657,27.262,97.177
9,British Grand Prix,Williams,SAI,9,13,MEDIUM,9,30.977,39.7,27.072,97.749
9,British Grand Prix,Williams,SAI,10,13,MEDIUM,10,30.959,40.115,26.807,97.881
9,British Grand Prix,Williams,SAI,11,13,MEDIUM,11,30.584,39.638,26.732,96.954
9,British Grand Prix,Williams,SAI,12,13,MEDIUM,12,30.56,39.697,26.719,96.976
9,British Grand Prix,Williams,SAI,13,13,MEDIUM,13,30.455,39.517,26.663,96.635
9,British Grand Prix,Williams,SAI,14,13,MEDIUM,14,30.146,39.37,26.535,96.051
9,British Grand Prix,Williams,SAI,15,13,MEDIUM,15,30.243,39.584,26.556,96.383
9,British Grand Prix,Williams,SAI,16,13,MEDIUM,16,30.453,39.615,26.486,96.554
9,British Grand Prix,Williams,SAI,17,13,MEDIUM,17,30.119,39.569,26.898,96.586
9,British Grand Prix,Williams,SAI,18,13,MEDIUM,18,30.422,39.39,26.845,96.657
9,British Grand Prix,Williams,SAI,19,13,MEDIUM,19,30.239,39.468,26.581,96.288
9,British Grand Prix,Williams,SAI,20,13,MEDIUM,20,30.268,39.323,25.925,95.516
9,British Grand Prix,Williams,SAI,21,16,HARD,1,51.054,45.031,29.564,125.649
9,British Grand Prix,Williams,SAI,22,14,HARD,2,30.598,38.711,26.14,95.449
9,British Grand Prix,Williams,SAI,23,14,HARD,3,30.087,38.562,26.274,94.923
9,British Grand Prix,Williams,SAI,24,13,HARD,4,30.238,39.828,26.471,96.537
9,British Grand Prix,Williams,SAI,25,15,HARD,5,30.437,39.231,27.074,96.742
9,British Grand Prix,Williams,SAI,26,15,HARD,6,30.032,39.111,26.406,95.549
9,British Grand Prix,Williams,SAI,27,15,HARD,7,29.917,39.167,26.623,95.707
9,British Grand Prix,Williams,SAI,28,14,HARD,8,30.16,38.974,26.635,95.769
9,British Grand Prix,Williams,SAI,29,14,HARD,9,30.263,38.827,26.363,95.453
9,British Grand Prix,Williams,SAI,30,14,HARD,10,30.236,38.931,26.355,95.522
9,British Grand Prix,Williams,SAI,31,14,HARD,11,30.123,39.146,26.351,95.62
9,British Grand Prix,Williams,SAI,32,14,HARD,12,30.568,40.01,26.606,97.184
9,British Grand Prix,Williams,SAI,33,15,HARD,13,30.181,39.159,27.226,96.566
9,British Grand Prix,Williams,SAI,34,15,HARD,14,30.134,40.251,26.973,97.358
9,British Grand Prix,Williams,SAI,35,14,HARD,15,30.185,39.248,26.342,95.775
9,British Grand Prix,Williams,SAI,36,14,HARD,16,30.158,40.293,26.246,96.697
9,British Grand Prix,Williams,SAI,37,13,HARD,17,30.222,39.128,27.551,96.901
9,British Grand Prix,Williams,SAI,38,13,HARD,18,41.473,51.487,26.433,119.393
9,British Grand Prix,Williams,SAI,39,13,HARD,19,30.04,38.878,26.342,95.26
9,British Grand Prix,Williams,SAI,40,13,HARD,20,30.162,39.043,26.337,95.542
9,British Grand Prix,Williams,SAI,41,13,HARD,21,30.017,39.18,26.356,95.553
9,British Grand Prix,Williams,SAI,42,13,HARD,22,29.768,38.921,26.396,95.085
9,British Grand Prix,Williams,SAI,43,13,HARD,23,29.842,39.415,26.409,95.666
9,British Grand Prix,Williams,SAI,44,14,HARD,24,30.461,39.718,26.809,96.988
9,British Grand Prix,Williams,SAI,45,14,HARD,25,30.122,39.103,26.375,95.6
9,British Grand Prix,Williams,SAI,46,14,HARD,26,30.325,39.557,26.822,96.704
9,British Grand Prix,Williams,SAI,47,13,HARD,27,39.517,54.426,34.261,128.204
9,British Grand Prix,Williams,SAI,48,12,HARD,28,38.253,50.975,31.346,120.574
9,British Grand Prix,Williams,SAI,49,13,SOFT,1,59.148,70.561,48.184,
9,British Grand Prix,Williams,SAI,50,13,SOFT,2,34.767,37.981,25.604,98.352
9,British Grand Prix,Williams,SAI,51,13,SOFT,3,29.169,37.71,25.855,92.734
9,British Grand Prix,Williams,SAI,52,13,SOFT,4,35.887,55.811,33.74,125.438
9,British Grand Prix,Red Bull Racing,HAD,1,5,MEDIUM,1,,39.212,25.966,98.756
9,British Grand Prix,Red Bull Racing,HAD,2,5,MEDIUM,2,30.149,39.107,25.689,94.945
9,British Grand Prix,Red Bull Racing,HAD,3,6,MEDIUM,3,30.737,39.556,26.079,96.372
9,British Grand Prix,Red Bull Racing,HAD,4,6,MEDIUM,4,29.919,38.927,26.0,94.846
9,British Grand Prix,Red Bull Racing,HAD,5,6,MEDIUM,5,30.016,38.833,26.153,95.002
9,British Grand Prix,Red Bull Racing,HAD,6,6,MEDIUM,6,29.878,38.67,25.983,94.531
9,British Grand Prix,Red Bull Racing,HAD,7,6,MEDIUM,7,29.959,38.81,26.113,94.882
9,British Grand Prix,Red Bull Racing,HAD,8,6,MEDIUM,8,30.257,38.892,26.021,95.17
9,British Grand Prix,Red Bull Racing,HAD,9,6,MEDIUM,9,30.295,39.008,26.037,95.34
9,British Grand Prix,Red Bull Racing,HAD,10,6,MEDIUM,10,30.313,39.133,26.091,95.537
9,British Grand Prix,Red Bull Racing,HAD,11,6,MEDIUM,11,30.168,39.198,26.287,95.653
9,British Grand Prix,Red Bull Racing,HAD,12,6,MEDIUM,12,30.294,39.059,26.212,95.565
9,British Grand Prix,Red Bull Racing,HAD,13,6,MEDIUM,13,30.227,39.052,26.057,95.336
9,British Grand Prix,Red Bull Racing,HAD,14,6,MEDIUM,14,30.044,39.071,25.914,95.029
9,British Grand Prix,Red Bull Racing,HAD,15,6,MEDIUM,15,30.041,39.163,26.101,95.305
9,British Grand Prix,Red Bull Racing,HAD,16,6,MEDIUM,16,30.213,38.964,26.007,95.184
9,British Grand Prix,Red Bull Racing,HAD,17,6,MEDIUM,17,30.104,38.943,26.335,95.382
9,British Grand Prix,Red Bull Racing,HAD,18,5,MEDIUM,18,30.015,38.847,26.162,95.024
9,British Grand Prix,Red Bull Racing,HAD,19,5,MEDIUM,19,30.143,38.785,25.224,94.152
9,British Grand Prix,Red Bull Racing,HAD,20,9,HARD,1,52.342,39.009,25.771,117.122
9,British Grand Prix,Red Bull Racing,HAD,21,9,HARD,2,29.941,38.198,25.904,94.043
9,British Grand Prix,Red Bull Racing,HAD,22,9,HARD,3,40.572,38.771,26.324,105.667
9,British Grand Prix,Red Bull Racing,HAD,23,8,HARD,4,30.119,38.696,25.915,94.73
9,British Grand Prix,Red Bull Racing,HAD,24,8,HARD,5,29.906,38.546,26.05,94.502
9,British Grand Prix,Red Bull Racing,HAD,25,7,HARD,6,29.934,38.79,25.606,94.33
9,British Grand Prix,Red Bull Racing,HAD,26,7,HARD,7,30.01,38.432,26.262,94.704
9,British Grand Prix,Red Bull Racing,HAD,27,7,HARD,8,29.955,38.735,25.946,94.636
9,British Grand Prix,Red Bull Racing,HAD,28,7,HARD,9,29.869,38.43,25.944,94.243
9,British Grand Prix,Red Bull Racing,HAD,29,6,HARD,10,29.957,38.322,25.662,93.941
9,British Grand Prix,Red Bull Racing,HAD,30,7,HARD,11,30.189,38.926,25.762,94.877
9,British Grand Prix,Red Bull Racing,HAD,31,7,HARD,12,30.048,38.681,25.996,94.725
9,British Grand Prix,Red Bull Racing,HAD,32,7,HARD,13,30.105,38.665,26.073,94.843
9,British Grand Prix,Red Bull Racing,HAD,33,7,HARD,14,29.892,38.705,26.163,94.76
9,British Grand Prix,Red Bull Racing,HAD,34,7,HARD,15,29.946,38.438,25.94,94.324
9,British Grand Prix,Red Bull Racing,HAD,35,6,HARD,16,30.006,38.35,25.904,94.26
9,British Grand Prix,Red Bull Racing,HAD,36,7,HARD,17,30.062,38.924,25.975,94.961
9,British Grand Prix,Red Bull Racing,HAD,37,7,HARD,18,30.012,38.39,25.922,94.324
9,British Grand Prix,Red Bull Racing,HAD,38,7,HARD,19,29.847,42.369,30.238,102.454
9,British Grand Prix,Red Bull Racing,HAD,39,7,MEDIUM,1,60.708,37.435,25.052,123.195
9,British Grand Prix,Red Bull Racing,HAD,40,7,MEDIUM,2,29.517,37.38,25.371,92.268
9,British Grand Prix,Red Bull Racing,HAD,41,7,MEDIUM,3,29.653,37.631,25.413,92.697
9,British Grand Prix,Red Bull Racing,HAD,42,7,MEDIUM,4,29.649,37.781,25.489,92.919
9,British Grand Prix,Red Bull Racing,HAD,43,6,MEDIUM,5,29.67,37.749,25.476,92.895
9,British Grand Prix,Red Bull Racing,HAD,44,6,MEDIUM,6,29.633,37.689,25.371,92.693
9,British Grand Prix,Red Bull Racing,HAD,45,6,MEDIUM,7,29.644,37.454,25.383,92.481
9,British Grand Prix,Red Bull Racing,HAD,46,6,MEDIUM,8,29.634,37.925,25.513,93.072
9,British Grand Prix,Red Bull Racing,HAD,47,5,MEDIUM,9,29.73,37.633,29.709,97.072
9,British Grand Prix,Red Bull Racing,HAD,48,5,SOFT,4,59.335,50.946,34.494,144.775
9,British Grand Prix,Red Bull Racing,HAD,49,5,SOFT,5,37.898,52.574,34.37,124.842
9,British Grand Prix,Red Bull Racing,HAD,50,5,SOFT,6,32.264,55.663,48.561,136.488
9,British Grand Prix,Red Bull Racing,HAD,51,5,SOFT,7,55.082,67.074,43.682,
9,British Grand Prix,Red Bull Racing,HAD,52,5,SOFT,8,46.585,60.147,35.509,142.241
9,British Grand Prix,Mercedes,RUS,1,4,MEDIUM,1,,38.912,25.976,98.171
9,British Grand Prix,Mercedes,RUS,2,4,MEDIUM,2,30.687,38.459,25.663,94.809
9,British Grand Prix,Mercedes,RUS,3,4,MEDIUM,3,30.147,38.492,26.086,94.725
9,British Grand Prix,Mercedes,RUS,4,4,MEDIUM,4,30.285,38.353,25.96,94.598
9,British Grand Prix,Mercedes,RUS,5,4,MEDIUM,5,30.342,38.463,25.964,94.769
9,British Grand Prix,Mercedes,RUS,6,4,MEDIUM,6,30.412,38.435,26.025,94.872
9,British Grand Prix,Mercedes,RUS,7,4,MEDIUM,7,30.133,38.329,26.007,94.469
9,British Grand Prix,Mercedes,RUS,8,4,MEDIUM,8,30.302,38.518,25.977,94.797
9,British Grand Prix,Mercedes,RUS,9,4,MEDIUM,9,30.523,38.432,26.088,95.043
9,British Grand Prix,Mercedes,RUS,10,4,MEDIUM,10,30.569,38.497,25.981,95.047
9,British Grand Prix,Mercedes,RUS,11,4,MEDIUM,11,30.377,38.603,26.127,95.107
9,British Grand Prix,Mercedes,RUS,12,4,MEDIUM,12,30.358,38.444,26.159,94.961
9,British Grand Prix,Mercedes,RUS,13,4,MEDIUM,13,30.443,38.633,26.001,95.077
9,British Grand Prix,Mercedes,RUS,14,4,MEDIUM,14,30.153,38.679,25.876,94.708
9,British Grand Prix,Mercedes,RUS,15,4,MEDIUM,15,30.197,38.664,25.703,94.564
9,British Grand Prix,Mercedes,RUS,16,4,MEDIUM,16,30.339,38.684,25.844,94.867
9,British Grand Prix,Mercedes,RUS,17,5,MEDIUM,17,30.232,39.506,26.045,95.783
9,British Grand Prix,Mercedes,RUS,18,4,MEDIUM,18,30.832,38.395,25.969,95.196
9,British Grand Prix,Mercedes,RUS,19,4,MEDIUM,19,30.325,38.301,25.955,94.581
9,British Grand Prix,Mercedes,RUS,20,4,MEDIUM,20,30.336,38.335,25.882,94.553
9,British Grand Prix,Mercedes,RUS,21,4,MEDIUM,21,30.21,38.257,25.938,94.405
9,British Grand Prix,Mercedes,RUS,22,4,MEDIUM,22,32.048,48.073,25.813,105.934
9,British Grand Prix,Mercedes,RUS,23,4,MEDIUM,23,30.078,38.316,25.556,93.95
9,British Grand Prix,Mercedes,RUS,24,5,HARD,1,50.47,37.7,25.533,113.703
9,British Grand Prix,Mercedes,RUS,25,5,HARD,2,29.67,37.571,25.517,92.758
9,British Grand Prix,Mercedes,RUS,26,5,HARD,3,29.621,37.778,25.408,92.807
9,British Grand Prix,Mercedes,RUS,27,5,HARD,4,29.85,37.769,25.334,92.953
9,British Grand Prix,Mercedes,RUS,28,5,HARD,5,29.677,37.886,25.545,93.108
9,British Grand Prix,Mercedes,RUS,29,4,HARD,6,29.68,39.267,25.55,94.497
9,British Grand Prix,Mercedes,RUS,30,4,HARD,7,29.925,37.887,25.922,93.734
9,British Grand Prix,Mercedes,RUS,31,4,HARD,8,30.015,38.129,25.751,93.895
9,British Grand Prix,Mercedes,RUS,32,4,HARD,9,30.07,38.057,25.888,94.015
9,British Grand Prix,Mercedes,RUS,33,4,HARD,10,29.934,38.29,25.956,94.18
9,British Grand Prix,Mercedes,RUS,34,3,HARD,11,30.001,38.335,25.094,93.43
9,British Grand Prix,Mercedes,RUS,35,7,MEDIUM,7,50.42,37.858,25.763,114.041
9,British Grand Prix,Mercedes,RUS,36,6,MEDIUM,8,29.639,37.384,25.466,92.489
9,British Grand Prix,Mercedes,RUS,37,6,MEDIUM,9,29.695,37.379,25.424,92.498
9,British Grand Prix,Mercedes,RUS,38,6,MEDIUM,10,29.621,39.256,35.287,104.164
9,British Grand Prix,Mercedes,RUS,39,5,MEDIUM,11,41.009,38.856,25.631,105.496
9,British Grand Prix,Mercedes,RUS,40,5,MEDIUM,12,29.607,37.46,25.516,92.583
9,British Grand Prix,Mercedes,RUS,41,5,MEDIUM,13,29.786,37.556,25.39,92.732
9,British Grand Prix,Mercedes,RUS,42,4,MEDIUM,14,29.755,37.46,25.471,92.686
9,British Grand Prix,Mercedes,RUS,43,4,MEDIUM,15,29.657,37.409,25.689,92.755
9,British Grand Prix,Mercedes,RUS,44,4,MEDIUM,16,29.681,37.277,25.533,92.491
9,British Grand Prix,Mercedes,RUS,45,4,MEDIUM,17,29.67,37.724,25.748,93.142
9,British Grand Prix,Mercedes,RUS,46,4,MEDIUM,18,29.703,37.579,25.704,92.986
9,British Grand Prix,Mercedes,RUS,47,3,MEDIUM,19,29.544,37.502,26.212,93.258
9,British Grand Prix,Mercedes,RUS,48,3,MEDIUM,20,41.8,50.732,34.307,126.839
9,British Grand Prix,Mercedes,RUS,49,2,MEDIUM,21,41.49,49.764,39.732,130.986
9,British Grand Prix,Mercedes,RUS,50,2,MEDIUM,22,45.025,70.299,47.791,
9,British Grand Prix,Mercedes,RUS,51,2,MEDIUM,23,60.36,67.249,44.541,
9,British Grand Prix,Mercedes,RUS,52,2,MEDIUM,24,46.335,59.951,36.999,143.285
9,British Grand Prix,Cadillac,BOT,1,18,MEDIUM,1,,41.95,27.355,107.296
9,British Grand Prix,Cadillac,BOT,2,16,MEDIUM,2,31.116,40.98,26.612,98.708
9,British Grand Prix,Cadillac,BOT,3,16,MEDIUM,3,30.84,39.779,26.908,97.527
9,British Grand Prix,Cadillac,BOT,4,16,MEDIUM,4,30.729,39.662,26.892,97.283
9,British Grand Prix,Cadillac,BOT,5,16,MEDIUM,5,30.567,39.846,26.744,97.157
9,British Grand Prix,Cadillac,BOT,6,17,MEDIUM,6,30.643,39.707,27.678,98.028
9,British Grand Prix,Cadillac,BOT,7,18,MEDIUM,7,30.995,39.947,27.472,98.414
9,British Grand Prix,Cadillac,BOT,8,18,MEDIUM,8,31.001,40.041,26.717,97.759
9,British Grand Prix,Cadillac,BOT,9,18,MEDIUM,9,30.826,40.158,27.18,98.164
9,British Grand Prix,Cadillac,BOT,10,18,MEDIUM,10,31.05,40.161,26.833,98.044
9,British Grand Prix,Cadillac,BOT,11,18,MEDIUM,11,30.966,40.126,26.99,98.082
9,British Grand Prix,Cadillac,BOT,12,18,MEDIUM,12,30.821,39.99,27.043,97.854
9,British Grand Prix,Cadillac,BOT,13,18,MEDIUM,13,30.877,39.961,26.806,97.644
9,British Grand Prix,Cadillac,BOT,14,18,MEDIUM,14,30.689,40.01,27.001,97.7
9,British Grand Prix,Cadillac,BOT,15,18,MEDIUM,15,30.861,39.892,26.824,97.577
9,British Grand Prix,Cadillac,BOT,16,18,MEDIUM,16,30.922,39.859,26.886,97.667
9,British Grand Prix,Cadillac,BOT,17,18,MEDIUM,17,30.668,39.885,27.122,97.675
9,British Grand Prix,Cadillac,BOT,18,17,MEDIUM,18,30.914,40.043,27.11,98.067
9,British Grand Prix,Cadillac,BOT,19,17,MEDIUM,19,30.919,40.057,26.853,97.829
9,British Grand Prix,Cadillac,BOT,20,18,MEDIUM,20,30.845,40.066,27.877,98.788
9,British Grand Prix,Cadillac,BOT,21,18,MEDIUM,21,31.028,46.491,29.521,107.04
9,British Grand Prix,Cadillac,BOT,22,17,MEDIUM,22,31.891,40.531,26.85,99.272
9,British Grand Prix,Cadillac,BOT,23,17,MEDIUM,23,31.057,39.977,26.958,97.992
9,British Grand Prix,Cadillac,BOT,24,17,MEDIUM,24,31.323,40.311,27.542,99.176
9,British Grand Prix,Cadillac,BOT,25,19,MEDIUM,25,32.198,40.206,27.797,100.201
9,British Grand Prix,Cadillac,BOT,26,19,MEDIUM,26,30.781,40.014,26.705,97.5
9,British Grand Prix,Cadillac,BOT,27,19,MEDIUM,27,30.926,39.974,27.026,97.926
9,British Grand Prix,Cadillac,BOT,28,19,MEDIUM,28,30.839,40.851,26.908,98.598
9,British Grand Prix,Cadillac,BOT,29,19,MEDIUM,29,30.937,40.026,26.07,97.033
9,British Grand Prix,Cadillac,BOT,30,19,HARD,1,54.284,39.718,26.477,120.479
9,British Grand Prix,Cadillac,BOT,31,19,HARD,2,30.324,39.246,26.323,95.893
9,British Grand Prix,Cadillac,BOT,32,19,HARD,3,30.402,39.139,26.651,96.192
9,British Grand Prix,Cadillac,BOT,33,19,HARD,4,30.408,39.152,26.644,96.204
9,British Grand Prix,Cadillac,BOT,34,19,HARD,5,30.59,39.35,26.6,96.54
9,British Grand Prix,Cadillac,BOT,35,19,HARD,6,30.527,39.157,26.447,96.131
9,British Grand Prix,Cadillac,BOT,36,19,HARD,7,30.53,39.048,26.603,96.181
9,British Grand Prix,Cadillac,BOT,37,18,HARD,8,30.651,47.643,33.225,111.519
9,British Grand Prix,Cadillac,BOT,38,18,HARD,9,36.736,41.882,27.653,106.271
9,British Grand Prix,Cadillac,BOT,39,18,HARD,10,31.684,39.546,26.421,97.651
9,British Grand Prix,Cadillac,BOT,40,18,HARD,11,31.078,39.651,27.721,98.45
9,British Grand Prix,Cadillac,BOT,41,18,HARD,12,30.278,39.361,26.502,96.141
9,British Grand Prix,Cadillac,BOT,42,18,HARD,13,30.47,39.249,26.568,96.287
9,British Grand Prix,Cadillac,BOT,43,18,HARD,14,30.457,39.159,26.545,96.161
9,British Grand Prix,Cadillac,BOT,44,18,HARD,15,30.498,39.661,26.853,97.012
9,British Grand Prix,Cadillac,BOT,45,18,HARD,16,30.544,39.381,26.636,96.561
9,British Grand Prix,Cadillac,BOT,46,18,HARD,17,30.985,51.633,30.46,113.078
9,British Grand Prix,Cadillac,BOT,47,17,SOFT,1,58.164,52.734,33.78,144.678
9,British Grand Prix,Cadillac,BOT,48,17,SOFT,2,31.263,40.088,30.538,101.889
9,British Grand Prix,Cadillac,BOT,49,17,SOFT,3,30.362,42.713,40.863,113.938
9,British Grand Prix,Cadillac,BOT,50,17,SOFT,4,39.834,40.253,26.395,106.482
9,British Grand Prix,Cadillac,BOT,51,17,SOFT,5,31.723,40.17,26.733,98.626
9,British Grand Prix,Cadillac,BOT,52,17,SOFT,6,30.176,43.612,31.344,105.132
9,British Grand Prix,McLaren,PIA,1,14,MEDIUM,1,,41.312,29.039,105.476
9,British Grand Prix,McLaren,PIA,2,21,MEDIUM,2,36.201,52.643,32.12,120.964
9,British Grand Prix,McLaren,PIA,3,21,HARD,1,62.771,38.61,25.834,127.215
9,British Grand Prix,McLaren,PIA,4,21,HARD,2,29.699,38.551,26.113,94.363
9,British Grand Prix,McLaren,PIA,5,21,HARD,3,30.083,38.612,26.026,94.721
9,British Grand Prix,McLaren,PIA,6,21,HARD,4,30.059,38.529,26.043,94.631
9,British Grand Prix,McLaren,PIA,7,21,HARD,5,30.238,38.645,25.995,94.878
9,British Grand Prix,McLaren,PIA,8,21,HARD,6,30.259,38.491,26.048,94.798
9,British Grand Prix,McLaren,PIA,9,21,HARD,7,30.393,38.902,26.101,95.396
9,British Grand Prix,McLaren,PIA,10,21,HARD,8,30.284,38.71,26.23,95.224
9,British Grand Prix,McLaren,PIA,11,21,HARD,9,30.249,38.832,26.221,95.302
9,British Grand Prix,McLaren,PIA,12,21,HARD,10,30.387,38.842,26.411,95.64
9,British Grand Prix,McLaren,PIA,13,21,HARD,11,30.132,38.891,26.159,95.182
9,British Grand Prix,McLaren,PIA,14,21,HARD,12,30.155,38.884,26.278,95.317
9,British Grand Prix,McLaren,PIA,15,19,HARD,13,30.305,39.735,26.284,96.324
9,British Grand Prix,McLaren,PIA,16,19,HARD,14,30.136,38.876,26.145,95.157
9,British Grand Prix,McLaren,PIA,17,19,HARD,15,30.129,38.955,26.157,95.241
9,British Grand Prix,McLaren,PIA,18,19,HARD,16,30.043,38.697,26.188,94.928
9,British Grand Prix,McLaren,PIA,19,19,HARD,17,30.088,38.677,26.098,94.863
9,British Grand Prix,McLaren,PIA,20,19,HARD,18,30.127,38.632,26.237,94.996
9,British Grand Prix,McLaren,PIA,21,19,HARD,19,30.093,48.547,26.738,105.378
9,British Grand Prix,McLaren,PIA,22,16,HARD,20,30.171,38.833,26.291,95.295
9,British Grand Prix,McLaren,PIA,23,16,HARD,21,30.07,38.75,26.144,94.964
9,British Grand Prix,McLaren,PIA,24,16,HARD,22,29.969,38.682,26.112,94.763
9,British Grand Prix,McLaren,PIA,25,16,HARD,23,29.986,38.66,26.039,94.685
9,British Grand Prix,McLaren,PIA,26,16,HARD,24,29.931,38.694,25.991,94.616
9,British Grand Prix,McLaren,PIA,27,16,HARD,25,29.847,38.678,26.465,94.99
9,British Grand Prix,McLaren,PIA,28,16,HARD,26,29.965,39.163,26.766,95.894
9,British Grand Prix,McLaren,PIA,29,15,HARD,27,29.997,38.995,26.41,95.402
9,British Grand Prix,McLaren,PIA,30,15,HARD,28,30.177,38.837,26.271,95.285
9,British Grand Prix,McLaren,PIA,31,15,HARD,29,30.001,38.922,27.762,96.685
9,British Grand Prix,McLaren,PIA,32,15,HARD,30,30.248,39.064,26.398,95.71
9,British Grand Prix,McLaren,PIA,33,14,HARD,31,29.698,39.365,26.24,95.303
9,British Grand Prix,McLaren,PIA,34,14,HARD,32,30.523,39.538,26.755,96.816
9,British Grand Prix,McLaren,PIA,35,13,HARD,33,30.297,39.011,26.621,95.929
9,British Grand Prix,McLaren,PIA,36,13,HARD,34,30.259,38.522,25.765,94.546
9,British Grand Prix,McLaren,PIA,37,16,MEDIUM,4,51.19,38.591,31.624,121.405
9,British Grand Prix,McLaren,PIA,38,16,MEDIUM,5,39.459,46.345,25.358,111.162
9,British Grand Prix,McLaren,PIA,39,15,MEDIUM,6,29.221,38.075,25.873,93.169
9,British Grand Prix,McLaren,PIA,40,14,MEDIUM,7,29.857,38.004,25.674,93.535
9,British Grand Prix,McLaren,PIA,41,14,MEDIUM,8,29.591,37.832,25.722,93.145
9,British Grand Prix,McLaren,PIA,42,14,MEDIUM,9,29.338,37.837,25.742,92.917
9,British Grand Prix,McLaren,PIA,43,14,MEDIUM,10,29.411,37.805,25.853,93.069
9,British Grand Prix,McLaren,PIA,44,13,MEDIUM,11,29.704,38.782,25.801,94.287
9,British Grand Prix,McLaren,PIA,45,13,MEDIUM,12,29.671,37.961,25.773,93.405
9,British Grand Prix,McLaren,PIA,46,13,MEDIUM,13,29.662,37.617,25.753,93.032
9,British Grand Prix,McLaren,PIA,47,12,MEDIUM,14,38.814,50.087,31.448,120.349
9,British Grand Prix,McLaren,PIA,48,13,SOFT,4,59.509,50.367,39.017,148.893
9,British Grand Prix,McLaren,PIA,49,12,SOFT,5,44.661,69.974,48.599,
9,British Grand Prix,McLaren,PIA,50,12,SOFT,6,32.075,37.254,25.377,94.706
9,British Grand Prix,McLaren,PIA,51,12,SOFT,7,29.187,37.384,27.015,93.586
9,British Grand Prix,McLaren,PIA,52,12,SOFT,8,36.926,57.888,33.764,128.578
9,British Grand Prix,Haas F1 Team,BEA,1,20,MEDIUM,1,,45.662,26.726,109.557
9,British Grand Prix,Haas F1 Team,BEA,2,17,MEDIUM,2,31.131,40.153,26.549,97.833
9,British Grand Prix,Haas F1 Team,BEA,3,17,MEDIUM,3,30.648,39.82,26.905,97.373
9,British Grand Prix,Haas F1 Team,BEA,4,17,MEDIUM,4,30.764,39.786,26.58,97.13
9,British Grand Prix,Haas F1 Team,BEA,5,17,MEDIUM,5,30.224,39.922,26.721,96.867
9,British Grand Prix,Haas F1 Team,BEA,6,16,MEDIUM,6,30.422,39.678,26.379,96.479
9,British Grand Prix,Haas F1 Team,BEA,7,16,MEDIUM,7,30.795,39.64,26.896,97.331
9,British Grand Prix,Haas F1 Team,BEA,8,16,MEDIUM,8,30.83,39.579,26.796,97.205
9,British Grand Prix,Haas F1 Team,BEA,9,16,MEDIUM,9,30.719,39.748,26.822,97.289
9,British Grand Prix,Haas F1 Team,BEA,10,17,MEDIUM,10,30.849,40.706,26.814,98.369
9,British Grand Prix,Haas F1 Team,BEA,11,17,MEDIUM,11,30.688,39.695,26.658,97.041
9,British Grand Prix,Haas F1 Team,BEA,12,17,MEDIUM,12,30.782,39.642,26.756,97.18
9,British Grand Prix,Haas F1 Team,BEA,13,17,MEDIUM,13,30.628,39.897,26.594,97.119
9,British Grand Prix,Haas F1 Team,BEA,14,17,MEDIUM,14,30.442,39.76,26.692,96.894
9,British Grand Prix,Haas F1 Team,BEA,15,17,MEDIUM,15,30.415,39.887,26.833,97.135
9,British Grand Prix,Haas F1 Team,BEA,16,17,MEDIUM,16,30.596,39.756,26.644,96.996
9,British Grand Prix,Haas F1 Team,BEA,17,17,MEDIUM,17,30.655,39.733,26.62,97.008
9,British Grand Prix,Haas F1 Team,BEA,18,16,MEDIUM,18,30.741,39.895,26.817,97.453
9,British Grand Prix,Haas F1 Team,BEA,19,16,MEDIUM,19,30.873,39.683,26.601,97.157
9,British Grand Prix,Haas F1 Team,BEA,20,16,MEDIUM,20,30.705,39.576,26.448,96.729
9,British Grand Prix,Haas F1 Team,BEA,21,15,MEDIUM,21,30.102,43.217,33.537,106.856
9,British Grand Prix,Haas F1 Team,BEA,22,13,MEDIUM,22,30.689,39.352,26.378,96.419
9,British Grand Prix,Haas F1 Team,BEA,23,12,MEDIUM,23,30.718,39.418,26.521,96.657
9,British Grand Prix,Haas F1 Team,BEA,24,12,MEDIUM,24,30.665,39.775,26.516,96.956
9,British Grand Prix,Haas F1 Team,BEA,25,12,MEDIUM,25,30.546,39.465,26.484,96.495
9,British Grand Prix,Haas F1 Team,BEA,26,12,MEDIUM,26,30.623,39.54,26.454,96.617
9,British Grand Prix,Haas F1 Team,BEA,27,14,MEDIUM,27,30.514,40.151,26.655,97.32
9,British Grand Prix,Haas F1 Team,BEA,28,15,MEDIUM,28,30.457,40.003,26.725,97.185
9,British Grand Prix,Haas F1 Team,BEA,29,16,MEDIUM,29,30.372,40.339,25.649,96.36
9,British Grand Prix,Haas F1 Team,BEA,30,18,HARD,1,51.833,38.877,26.047,116.757
9,British Grand Prix,Haas F1 Team,BEA,31,17,HARD,2,30.039,38.448,25.968,94.455
9,British Grand Prix,Haas F1 Team,BEA,32,17,HARD,3,30.107,38.593,26.154,94.854
9,British Grand Prix,Haas F1 Team,BEA,33,17,HARD,4,30.146,38.598,26.262,95.006
9,British Grand Prix,Haas F1 Team,BEA,34,16,HARD,5,29.872,39.047,25.646,94.565
9,British Grand Prix,Haas F1 Team,BEA,35,16,HARD,6,30.459,38.784,26.109,95.352
9,British Grand Prix,Haas F1 Team,BEA,36,16,HARD,7,30.282,38.567,26.155,95.004
9,British Grand Prix,Haas F1 Team,BEA,37,14,HARD,8,30.398,38.725,30.763,99.886
9,British Grand Prix,Haas F1 Team,BEA,38,14,HARD,9,42.055,45.093,25.861,113.009
9,British Grand Prix,Haas F1 Team,BEA,39,14,HARD,10,30.137,40.253,26.041,96.431
9,British Grand Prix,Haas F1 Team,BEA,40,15,HARD,11,30.143,39.141,26.18,95.464
9,British Grand Prix,Haas F1 Team,BEA,41,15,HARD,12,30.255,38.803,26.105,95.163
9,British Grand Prix,Haas F1 Team,BEA,42,15,HARD,13,30.134,38.71,26.145,94.989
9,British Grand Prix,Haas F1 Team,BEA,43,15,HARD,14,30.909,38.897,26.07,95.876
9,British Grand Prix,Haas F1 Team,BEA,44,15,HARD,15,30.273,38.571,27.15,95.994
9,British Grand Prix,Haas F1 Team,BEA,45,15,HARD,16,30.11,38.607,26.199,94.916
9,British Grand Prix,Haas F1 Team,BEA,46,15,HARD,17,29.922,38.767,32.061,100.75
9,British Grand Prix,Haas F1 Team,BEA,47,14,HARD,18,41.072,48.081,33.111,122.264
9,British Grand Prix,Haas F1 Team,BEA,48,14,SOFT,4,58.881,51.057,33.334,143.272
9,British Grand Prix,Haas F1 Team,BEA,49,14,SOFT,5,33.07,68.25,48.412,149.732
9,British Grand Prix,Haas F1 Team,BEA,50,14,SOFT,6,37.14,39.158,26.414,102.712
9,British Grand Prix,Haas F1 Team,BEA,51,14,SOFT,7,29.887,39.571,26.716,96.174
9,British Grand Prix,Haas F1 Team,BEA,52,14,SOFT,8,30.246,54.01,32.689,116.945
10,Belgian Grand Prix,Mercedes,ANT,1,1,MEDIUM,1,,49.689,37.953,121.479
10,Belgian Grand Prix,Mercedes,ANT,2,1,MEDIUM,2,47.708,76.685,43.606,
10,Belgian Grand Prix,Mercedes,ANT,3,1,MEDIUM,3,43.661,73.591,43.349,
10,Belgian Grand Prix,Mercedes,ANT,4,1,MEDIUM,4,42.001,72.223,49.265,
10,Belgian Grand Prix,Mercedes,ANT,5,1,MEDIUM,5,31.74,49.916,29.982,111.638
10,Belgian Grand Prix,Mercedes,ANT,6,1,MEDIUM,6,31.424,49.856,30.035,111.315
10,Belgian Grand Prix,Mercedes,ANT,7,1,MEDIUM,7,31.459,49.581,29.917,110.957
10,Belgian Grand Prix,Mercedes,ANT,8,1,MEDIUM,8,31.546,49.565,29.875,110.986
10,Belgian Grand Prix,Mercedes,ANT,9,1,MEDIUM,9,31.549,49.468,29.808,110.825
10,Belgian Grand Prix,Mercedes,ANT,10,1,MEDIUM,10,31.488,49.387,29.864,110.739
10,Belgian Grand Prix,Mercedes,ANT,11,1,MEDIUM,11,31.438,49.775,29.877,111.09
10,Belgian Grand Prix,Mercedes,ANT,12,1,MEDIUM,12,31.404,49.603,29.886,110.893
10,Belgian Grand Prix,Mercedes,ANT,13,1,MEDIUM,13,31.431,49.782,29.856,111.069
10,Belgian Grand Prix,Mercedes,ANT,14,1,MEDIUM,14,31.446,49.762,29.776,110.984
10,Belgian Grand Prix,Mercedes,ANT,15,1,MEDIUM,15,31.418,49.812,29.883,111.113
10,Belgian Grand Prix,Mercedes,ANT,16,1,MEDIUM,16,31.471,49.853,29.855,111.179
10,Belgian Grand Prix,Mercedes,ANT,17,1,MEDIUM,17,31.432,49.784,29.752,110.968
10,Belgian Grand Prix,Mercedes,ANT,18,1,MEDIUM,18,31.505,55.212,40.041,126.758
10,Belgian Grand Prix,Mercedes,ANT,19,5,SOFT,4,46.389,49.204,29.245,124.838
10,Belgian Grand Prix,Mercedes,ANT,20,5,SOFT,5,31.186,56.837,40.697,128.72
10,Belgian Grand Prix,Mercedes,ANT,21,3,SOFT,6,41.721,49.703,29.625,121.049
10,Belgian Grand Prix,Mercedes,ANT,22,3,SOFT,7,30.938,48.972,29.457,109.367
10,Belgian Grand Prix,Mercedes,ANT,23,3,SOFT,8,30.891,49.333,29.361,109.585
10,Belgian Grand Prix,Mercedes,ANT,24,3,SOFT,9,30.617,49.97,29.356,109.943
10,Belgian Grand Prix,Mercedes,ANT,25,3,SOFT,10,30.775,50.656,29.447,110.878
10,Belgian Grand Prix,Mercedes,ANT,26,2,SOFT,11,30.706,49.329,29.298,109.333
10,Belgian Grand Prix,Mercedes,ANT,27,2,SOFT,12,31.161,49.258,29.365,109.784
10,Belgian Grand Prix,Mercedes,ANT,28,2,SOFT,13,31.196,49.248,29.205,109.649
10,Belgian Grand Prix,Mercedes,ANT,29,2,SOFT,14,31.11,49.23,29.319,109.659
10,Belgian Grand Prix,Mercedes,ANT,30,2,SOFT,15,30.913,49.479,29.303,109.695
10,Belgian Grand Prix,Mercedes,ANT,31,2,SOFT,16,31.051,49.56,29.412,110.023
10,Belgian Grand Prix,Mercedes,ANT,32,2,SOFT,17,30.808,49.814,29.241,109.863
10,Belgian Grand Prix,Mercedes,ANT,33,2,SOFT,18,30.619,49.726,29.453,109.798
10,Belgian Grand Prix,Mercedes,ANT,34,1,SOFT,19,30.576,49.052,29.677,109.305
10,Belgian Grand Prix,Mercedes,ANT,35,1,SOFT,20,31.217,49.418,29.221,109.856
10,Belgian Grand Prix,Mercedes,ANT,36,1,SOFT,21,31.621,49.373,29.079,110.073
10,Belgian Grand Prix,Mercedes,ANT,37,1,SOFT,22,31.597,49.072,29.032,109.701
10,Belgian Grand Prix,Mercedes,ANT,38,1,SOFT,23,31.503,49.125,29.052,109.68
10,Belgian Grand Prix,Mercedes,ANT,39,1,SOFT,24,31.523,49.168,28.938,109.629
10,Belgian Grand Prix,Mercedes,ANT,40,1,SOFT,25,31.343,49.364,28.958,109.665
10,Belgian Grand Prix,Mercedes,ANT,41,1,SOFT,26,31.318,48.904,28.876,109.098
10,Belgian Grand Prix,Mercedes,ANT,42,1,SOFT,27,31.134,49.327,28.896,109.357
10,Belgian Grand Prix,Mercedes,ANT,43,1,SOFT,28,31.268,49.5,29.118,109.886
10,Belgian Grand Prix,Mercedes,ANT,44,1,SOFT,29,31.26,49.72,28.983,109.963
10,Belgian Grand Prix,Ferrari,LEC,1,2,MEDIUM,1,,50.445,39.336,123.706
10,Belgian Grand Prix,Ferrari,LEC,2,2,MEDIUM,2,46.114,77.706,43.317,
10,Belgian Grand Prix,Ferrari,LEC,3,2,MEDIUM,3,42.937,73.907,43.715,
10,Belgian Grand Prix,Ferrari,LEC,4,2,MEDIUM,4,41.71,72.198,49.218,
10,Belgian Grand Prix,Ferrari,LEC,5,2,MEDIUM,5,32.023,49.845,29.806,111.674
10,Belgian Grand Prix,Ferrari,LEC,6,3,MEDIUM,6,31.713,50.403,29.864,111.98
10,Belgian Grand Prix,Ferrari,LEC,7,3,MEDIUM,7,31.46,49.938,29.72,111.118
10,Belgian Grand Prix,Ferrari,LEC,8,3,MEDIUM,8,31.511,50.211,29.848,111.57
10,Belgian Grand Prix,Ferrari,LEC,9,3,MEDIUM,9,31.29,49.648,29.713,110.651
10,Belgian Grand Prix,Ferrari,LEC,10,3,MEDIUM,10,31.342,49.697,29.746,110.785
10,Belgian Grand Prix,Ferrari,LEC,11,3,MEDIUM,11,31.299,50.175,29.735,111.209
10,Belgian Grand Prix,Ferrari,LEC,12,3,MEDIUM,12,31.514,49.94,29.77,111.224
10,Belgian Grand Prix,Ferrari,LEC,13,3,MEDIUM,13,31.692,50.015,29.645,111.352
10,Belgian Grand Prix,Ferrari,LEC,14,3,MEDIUM,14,31.588,49.914,29.53,111.032
10,Belgian Grand Prix,Ferrari,LEC,15,3,MEDIUM,15,31.584,50.041,29.481,111.106
10,Belgian Grand Prix,Ferrari,LEC,16,3,MEDIUM,16,31.534,50.287,29.548,111.369
10,Belgian Grand Prix,Ferrari,LEC,17,2,MEDIUM,17,31.579,50.075,29.582,111.236
10,Belgian Grand Prix,Ferrari,LEC,18,2,MEDIUM,18,31.67,56.518,35.461,123.649
10,Belgian Grand Prix,Ferrari,LEC,19,1,MEDIUM,19,31.633,49.493,29.736,110.862
10,Belgian Grand Prix,Ferrari,LEC,20,1,MEDIUM,20,31.708,53.359,43.899,128.966
10,Belgian Grand Prix,Ferrari,LEC,21,2,HARD,1,52.988,49.359,29.478,131.825
10,Belgian Grand Prix,Ferrari,LEC,22,2,HARD,2,31.034,48.974,29.81,109.818
10,Belgian Grand Prix,Ferrari,LEC,23,1,HARD,3,30.732,48.948,29.653,109.333
10,Belgian Grand Prix,Ferrari,LEC,24,1,HARD,4,31.411,48.456,29.626,109.493
10,Belgian Grand Prix,Ferrari,LEC,25,1,HARD,5,31.591,48.798,29.699,110.088
10,Belgian Grand Prix,Ferrari,LEC,26,1,HARD,6,31.41,49.003,29.494,109.907
10,Belgian Grand Prix,Ferrari,LEC,27,1,HARD,7,31.592,48.921,29.475,109.988
10,Belgian Grand Prix,Ferrari,LEC,28,1,HARD,8,31.414,49.076,29.415,109.905
10,Belgian Grand Prix,Ferrari,LEC,29,1,HARD,9,31.508,48.806,29.692,110.006
10,Belgian Grand Prix,Ferrari,LEC,30,1,HARD,10,31.431,49.136,29.586,110.153
10,Belgian Grand Prix,Ferrari,LEC,31,1,HARD,11,31.554,49.237,29.579,110.37
10,Belgian Grand Prix,Ferrari,LEC,32,1,HARD,12,31.485,49.291,29.423,110.199
10,Belgian Grand Prix,Ferrari,LEC,33,1,HARD,13,31.28,49.155,29.794,110.229
10,Belgian Grand Prix,Ferrari,LEC,34,2,HARD,14,31.324,49.782,29.566,110.672
10,Belgian Grand Prix,Ferrari,LEC,35,2,HARD,15,31.045,49.552,29.331,109.928
10,Belgian Grand Prix,Ferrari,LEC,36,2,HARD,16,31.162,49.78,29.22,110.162
10,Belgian Grand Prix,Ferrari,LEC,37,2,HARD,17,31.161,49.488,29.067,109.716
10,Belgian Grand Prix,Ferrari,LEC,38,2,HARD,18,31.411,49.442,29.217,110.07
10,Belgian Grand Prix,Ferrari,LEC,39,2,HARD,19,31.195,49.482,29.168,109.845
10,Belgian Grand Prix,Ferrari,LEC,40,2,HARD,20,31.174,49.133,29.323,109.63
10,Belgian Grand Prix,Ferrari,LEC,41,2,HARD,21,31.133,49.036,29.38,109.549
10,Belgian Grand Prix,Ferrari,LEC,42,2,HARD,22,31.185,49.486,29.305,109.976
10,Belgian Grand Prix,Ferrari,LEC,43,2,HARD,23,31.212,49.237,29.395,109.844
10,Belgian Grand Prix,Ferrari,LEC,44,2,HARD,24,31.221,49.385,28.808,109.414
10,Belgian Grand Prix,Red Bull Racing,VER,1,3,MEDIUM,1,,51.029,40.391,125.369
10,Belgian Grand Prix,Red Bull Racing,VER,2,3,MEDIUM,2,45.495,78.753,42.436,
10,Belgian Grand Prix,Red Bull Racing,VER,3,3,MEDIUM,3,43.061,73.679,43.737,
10,Belgian Grand Prix,Red Bull Racing,VER,4,3,MEDIUM,4,41.711,72.078,49.115,
10,Belgian Grand Prix,Red Bull Racing,VER,5,3,MEDIUM,5,31.396,50.173,29.732,111.301
10,Belgian Grand Prix,Red Bull Racing,VER,6,2,MEDIUM,6,31.078,49.712,29.797,110.587
10,Belgian Grand Prix,Red Bull Racing,VER,7,2,MEDIUM,7,31.476,49.951,29.701,111.128
10,Belgian Grand Prix,Red Bull Racing,VER,8,2,MEDIUM,8,31.569,49.831,29.633,111.033
10,Belgian Grand Prix,Red Bull Racing,VER,9,2,MEDIUM,9,31.626,49.729,29.692,111.047
10,Belgian Grand Prix,Red Bull Racing,VER,10,2,MEDIUM,10,31.642,49.69,29.758,111.09
10,Belgian Grand Prix,Red Bull Racing,VER,11,2,MEDIUM,11,31.708,49.648,29.764,111.12
10,Belgian Grand Prix,Red Bull Racing,VER,12,2,MEDIUM,12,31.65,49.65,29.793,111.093
10,Belgian Grand Prix,Red Bull Racing,VER,13,2,MEDIUM,13,31.63,49.722,29.808,111.16
10,Belgian Grand Prix,Red Bull Racing,VER,14,2,MEDIUM,14,31.62,49.641,29.881,111.142
10,Belgian Grand Prix,Red Bull Racing,VER,15,2,MEDIUM,15,31.668,49.78,29.793,111.241
10,Belgian Grand Prix,Red Bull Racing,VER,16,2,MEDIUM,16,31.692,49.855,29.771,111.318
10,Belgian Grand Prix,Red Bull Racing,VER,17,4,MEDIUM,17,31.71,49.777,34.231,115.718
10,Belgian Grand Prix,Red Bull Racing,VER,18,6,HARD,1,46.038,61.121,29.937,137.096
10,Belgian Grand Prix,Red Bull Racing,VER,19,6,HARD,2,31.505,49.062,29.464,110.031
10,Belgian Grand Prix,Red Bull Racing,VER,20,6,HARD,3,31.309,57.599,40.405,129.313
10,Belgian Grand Prix,Red Bull Racing,VER,21,4,HARD,4,42.246,49.199,29.803,121.248
10,Belgian Grand Prix,Red Bull Racing,VER,22,4,HARD,5,31.332,48.925,29.469,109.726
10,Belgian Grand Prix,Red Bull Racing,VER,23,4,HARD,6,31.403,48.669,29.546,109.618
10,Belgian Grand Prix,Red Bull Racing,VER,24,4,HARD,7,31.376,48.756,29.498,109.63
10,Belgian Grand Prix,Red Bull Racing,VER,25,4,HARD,8,31.373,48.959,29.469,109.801
10,Belgian Grand Prix,Red Bull Racing,VER,26,4,HARD,9,31.35,49.313,29.409,110.072
10,Belgian Grand Prix,Red Bull Racing,VER,27,4,HARD,10,31.6,49.23,29.271,110.101
10,Belgian Grand Prix,Red Bull Racing,VER,28,4,HARD,11,31.106,49.82,29.412,110.338
10,Belgian Grand Prix,Red Bull Racing,VER,29,3,HARD,12,30.752,50.084,29.532,110.368
10,Belgian Grand Prix,Red Bull Racing,VER,30,3,HARD,13,31.467,49.363,29.476,110.306
10,Belgian Grand Prix,Red Bull Racing,VER,31,3,HARD,14,31.546,49.206,29.443,110.195
10,Belgian Grand Prix,Red Bull Racing,VER,32,3,HARD,15,31.514,49.375,29.535,110.424
10,Belgian Grand Prix,Red Bull Racing,VER,33,3,HARD,16,31.417,49.204,29.447,110.068
10,Belgian Grand Prix,Red Bull Racing,VER,34,3,HARD,17,31.509,49.472,29.717,110.698
10,Belgian Grand Prix,Red Bull Racing,VER,35,3,HARD,18,31.503,49.351,29.553,110.407
10,Belgian Grand Prix,Red Bull Racing,VER,36,3,HARD,19,31.573,49.144,29.481,110.198
10,Belgian Grand Prix,Red Bull Racing,VER,37,3,HARD,20,31.627,49.054,29.411,110.092
10,Belgian Grand Prix,Red Bull Racing,VER,38,3,HARD,21,31.625,49.209,29.518,110.352
10,Belgian Grand Prix,Red Bull Racing,VER,39,3,HARD,22,31.424,49.13,29.733,110.287
10,Belgian Grand Prix,Red Bull Racing,VER,40,3,HARD,23,31.263,49.021,29.369,109.653
10,Belgian Grand Prix,Red Bull Racing,VER,41,3,HARD,24,31.313,49.114,29.496,109.923
10,Belgian Grand Prix,Red Bull Racing,VER,42,3,HARD,25,31.178,49.175,29.507,109.86
10,Belgian Grand Prix,Red Bull Racing,VER,43,3,HARD,26,31.265,49.117,29.675,110.057
10,Belgian Grand Prix,Red Bull Racing,VER,44,3,HARD,27,31.259,49.349,29.183,109.791
10,Belgian Grand Prix,Ferrari,HAM,1,5,MEDIUM,1,,53.401,43.1,130.66
10,Belgian Grand Prix,Ferrari,HAM,2,5,MEDIUM,2,42.961,77.208,44.802,
10,Belgian Grand Prix,Ferrari,HAM,3,5,MEDIUM,3,42.071,73.258,44.291,
10,Belgian Grand Prix,Ferrari,HAM,4,5,MEDIUM,4,41.704,71.214,48.077,
10,Belgian Grand Prix,Ferrari,HAM,5,5,MEDIUM,5,31.787,50.624,29.545,111.956
10,Belgian Grand Prix,Ferrari,HAM,6,5,MEDIUM,6,31.179,50.39,29.688,111.257
10,Belgian Grand Prix,Ferrari,HAM,7,5,MEDIUM,7,30.912,50.471,29.389,110.772
10,Belgian Grand Prix,Ferrari,HAM,8,5,MEDIUM,8,30.734,51.617,29.326,111.677
10,Belgian Grand Prix,Ferrari,HAM,9,4,MEDIUM,9,30.909,50.012,29.278,110.199
10,Belgian Grand Prix,Ferrari,HAM,10,4,MEDIUM,10,31.063,50.27,29.48,110.813
10,Belgian Grand Prix,Ferrari,HAM,11,4,MEDIUM,11,31.006,50.568,29.505,111.079
10,Belgian Grand Prix,Ferrari,HAM,12,4,MEDIUM,12,31.08,50.892,29.448,111.42
10,Belgian Grand Prix,Ferrari,HAM,13,4,MEDIUM,13,,,29.478,111.707
10,Belgian Grand Prix,Ferrari,HAM,14,4,MEDIUM,14,31.123,50.412,29.633,111.168
10,Belgian Grand Prix,Ferrari,HAM,15,4,MEDIUM,15,31.251,50.556,29.615,111.422
10,Belgian Grand Prix,Ferrari,HAM,16,4,MEDIUM,16,31.361,50.7,29.708,111.769
10,Belgian Grand Prix,Ferrari,HAM,17,3,MEDIUM,17,31.414,50.465,29.685,111.564
10,Belgian Grand Prix,Ferrari,HAM,18,3,MEDIUM,18,31.504,57.643,33.713,122.86
10,Belgian Grand Prix,Ferrari,HAM,19,2,MEDIUM,19,32.376,50.641,29.786,112.803
10,Belgian Grand Prix,Ferrari,HAM,20,2,MEDIUM,20,31.453,55.34,44.216,131.009
10,Belgian Grand Prix,Ferrari,HAM,21,6,HARD,1,59.872,49.681,29.355,138.908
10,Belgian Grand Prix,Ferrari,HAM,22,6,HARD,2,31.205,49.116,29.768,110.089
10,Belgian Grand Prix,Ferrari,HAM,23,6,HARD,3,31.106,48.913,29.496,109.515
10,Belgian Grand Prix,Ferrari,HAM,24,6,HARD,4,31.62,49.294,29.61,110.524
10,Belgian Grand Prix,Ferrari,HAM,25,6,HARD,5,31.344,49.437,29.551,110.332
10,Belgian Grand Prix,Ferrari,HAM,26,6,HARD,6,31.221,49.476,29.445,110.142
10,Belgian Grand Prix,Ferrari,HAM,27,6,HARD,7,31.283,49.459,29.421,110.163
10,Belgian Grand Prix,Ferrari,HAM,28,6,HARD,8,31.335,49.346,29.401,110.082
10,Belgian Grand Prix,Ferrari,HAM,29,6,HARD,9,31.308,49.072,29.478,109.858
10,Belgian Grand Prix,Ferrari,HAM,30,6,HARD,10,31.234,49.359,29.421,110.014
10,Belgian Grand Prix,Ferrari,HAM,31,5,HARD,11,31.258,49.089,29.52,109.867
10,Belgian Grand Prix,Ferrari,HAM,32,5,HARD,12,31.148,49.144,29.334,109.626
10,Belgian Grand Prix,Ferrari,HAM,33,5,HARD,13,31.074,48.95,29.43,109.454
10,Belgian Grand Prix,Ferrari,HAM,34,5,HARD,14,31.153,49.186,29.633,109.972
10,Belgian Grand Prix,Ferrari,HAM,35,5,HARD,15,31.17,49.445,29.545,110.16
10,Belgian Grand Prix,Ferrari,HAM,36,5,HARD,16,31.183,49.423,29.535,110.141
10,Belgian Grand Prix,Ferrari,HAM,37,5,HARD,17,31.061,49.146,29.331,109.538
10,Belgian Grand Prix,Ferrari,HAM,38,5,HARD,18,31.247,49.417,29.216,109.88
10,Belgian Grand Prix,Ferrari,HAM,39,5,HARD,19,30.859,50.779,29.053,110.691
10,Belgian Grand Prix,Ferrari,HAM,40,4,HARD,20,30.976,49.42,29.143,109.539
10,Belgian Grand Prix,Ferrari,HAM,41,4,HARD,21,31.232,49.019,29.432,109.683
10,Belgian Grand Prix,Ferrari,HAM,42,4,HARD,22,31.222,49.364,29.566,110.152
10,Belgian Grand Prix,Ferrari,HAM,43,4,HARD,23,31.158,50.311,29.585,111.054
10,Belgian Grand Prix,Ferrari,HAM,44,4,HARD,24,30.999,50.01,29.61,110.619
10,Belgian Grand Prix,McLaren,PIA,1,4,MEDIUM,1,,,42.63,129.005
10,Belgian Grand Prix,McLaren,PIA,2,4,MEDIUM,2,43.922,77.305,44.013,
10,Belgian Grand Prix,McLaren,PIA,3,4,MEDIUM,3,43.026,73.014,44.399,
10,Belgian Grand Prix,McLaren,PIA,4,4,MEDIUM,4,41.406,71.177,48.765,
10,Belgian Grand Prix,McLaren,PIA,5,4,MEDIUM,5,31.072,50.798,29.463,111.333
10,Belgian Grand Prix,McLaren,PIA,6,4,MEDIUM,6,31.328,50.354,29.749,111.431
10,Belgian Grand Prix,McLaren,PIA,7,4,MEDIUM,7,31.088,50.384,29.444,110.916
10,Belgian Grand Prix,McLaren,PIA,8,4,MEDIUM,8,31.121,51.223,29.438,111.782
10,Belgian Grand Prix,McLaren,PIA,9,5,MEDIUM,9,31.404,50.838,29.423,111.665
10,Belgian Grand Prix,McLaren,PIA,10,5,MEDIUM,10,31.212,50.061,29.461,110.734
10,Belgian Grand Prix,McLaren,PIA,11,5,MEDIUM,11,31.09,50.459,29.607,111.156
10,Belgian Grand Prix,McLaren,PIA,12,5,MEDIUM,12,31.159,50.893,29.769,111.821
10,Belgian Grand Prix,McLaren,PIA,13,5,MEDIUM,13,31.429,50.825,29.874,112.128
10,Belgian Grand Prix,McLaren,PIA,14,5,MEDIUM,14,31.75,50.509,29.896,112.155
10,Belgian Grand Prix,McLaren,PIA,15,5,MEDIUM,15,31.526,50.61,29.908,112.044
10,Belgian Grand Prix,McLaren,PIA,16,5,MEDIUM,16,31.509,50.694,29.972,112.175
10,Belgian Grand Prix,McLaren,PIA,17,5,MEDIUM,17,31.614,50.525,29.935,112.074
10,Belgian Grand Prix,McLaren,PIA,18,4,MEDIUM,18,31.628,59.511,32.169,123.308
10,Belgian Grand Prix,McLaren,PIA,19,4,MEDIUM,19,31.668,50.737,30.435,112.84
10,Belgian Grand Prix,McLaren,PIA,20,4,MEDIUM,20,31.203,57.077,42.174,130.454
10,Belgian Grand Prix,McLaren,PIA,21,5,HARD,1,50.756,49.482,29.071,129.309
10,Belgian Grand Prix,McLaren,PIA,22,5,HARD,2,31.389,49.033,29.477,109.899
10,Belgian Grand Prix,McLaren,PIA,23,5,HARD,3,30.917,49.201,29.444,109.562
10,Belgian Grand Prix,McLaren,PIA,24,5,HARD,4,30.988,49.113,29.47,109.571
10,Belgian Grand Prix,McLaren,PIA,25,5,HARD,5,30.878,49.53,29.561,109.969
10,Belgian Grand Prix,McLaren,PIA,26,5,HARD,6,30.882,49.653,29.256,109.791
10,Belgian Grand Prix,McLaren,PIA,27,5,HARD,7,30.985,49.707,29.403,110.095
10,Belgian Grand Prix,McLaren,PIA,28,5,HARD,8,30.958,49.751,29.389,110.098
10,Belgian Grand Prix,McLaren,PIA,29,5,HARD,9,30.888,50.656,29.985,111.529
10,Belgian Grand Prix,McLaren,PIA,30,4,HARD,10,30.897,50.016,29.343,110.256
10,Belgian Grand Prix,McLaren,PIA,31,4,HARD,11,31.201,49.623,29.538,110.362
10,Belgian Grand Prix,McLaren,PIA,32,4,HARD,12,31.061,49.653,29.487,110.201
10,Belgian Grand Prix,McLaren,PIA,33,4,HARD,13,31.068,49.616,29.314,109.998
10,Belgian Grand Prix,McLaren,PIA,34,4,HARD,14,31.223,49.958,29.688,110.869
10,Belgian Grand Prix,McLaren,PIA,35,4,HARD,15,31.232,49.974,29.532,110.738
10,Belgian Grand Prix,McLaren,PIA,36,4,HARD,16,31.309,49.695,29.561,110.565
10,Belgian Grand Prix,McLaren,PIA,37,4,HARD,17,31.245,49.605,29.464,110.314
10,Belgian Grand Prix,McLaren,PIA,38,4,HARD,18,31.245,49.643,29.468,110.356
10,Belgian Grand Prix,McLaren,PIA,39,4,HARD,19,31.195,50.093,29.43,110.718
10,Belgian Grand Prix,McLaren,PIA,40,5,HARD,20,31.35,51.129,29.511,111.99
10,Belgian Grand Prix,McLaren,PIA,41,5,HARD,21,31.14,49.79,29.493,110.423
10,Belgian Grand Prix,McLaren,PIA,42,5,HARD,22,31.092,49.877,29.607,110.576
10,Belgian Grand Prix,McLaren,PIA,43,5,HARD,23,31.043,49.919,29.494,110.456
10,Belgian Grand Prix,McLaren,PIA,44,5,HARD,24,30.939,49.849,28.986,109.774
10,Belgian Grand Prix,Red Bull Racing,HAD,1,16,HARD,1,,56.074,60.868,154.266
10,Belgian Grand Prix,Red Bull Racing,HAD,2,18,MEDIUM,1,49.495,61.684,49.344,
10,Belgian Grand Prix,Red Bull Racing,HAD,3,21,HARD,1,49.255,65.704,46.845,
10,Belgian Grand Prix,Red Bull Racing,HAD,4,21,HARD,2,44.687,63.973,39.463,148.123
10,Belgian Grand Prix,Red Bull Racing,HAD,5,16,HARD,3,30.819,53.0,29.977,113.796
10,Belgian Grand Prix,Red Bull Racing,HAD,6,16,HARD,4,31.802,50.015,30.047,111.864
10,Belgian Grand Prix,Red Bull Racing,HAD,7,16,HARD,5,31.166,50.675,29.715,111.556
10,Belgian Grand Prix,Red Bull Racing,HAD,8,16,HARD,6,31.185,51.362,29.822,112.369
10,Belgian Grand Prix,Red Bull Racing,HAD,9,16,HARD,7,30.661,52.685,29.799,113.145
10,Belgian Grand Prix,Red Bull Racing,HAD,10,15,HARD,8,31.067,51.134,29.911,112.112
10,Belgian Grand Prix,Red Bull Racing,HAD,11,14,HARD,9,30.964,50.833,29.876,111.673
10,Belgian Grand Prix,Red Bull Racing,HAD,12,13,HARD,10,30.899,51.298,29.738,111.935
10,Belgian Grand Prix,Red Bull Racing,HAD,13,12,HARD,11,31.016,50.27,29.748,111.034
10,Belgian Grand Prix,Red Bull Racing,HAD,14,11,HARD,12,31.34,50.439,29.64,111.419
10,Belgian Grand Prix,Red Bull Racing,HAD,15,8,HARD,13,30.875,51.049,30.024,111.948
10,Belgian Grand Prix,Red Bull Racing,HAD,16,8,HARD,14,31.604,50.279,29.841,111.724
10,Belgian Grand Prix,Red Bull Racing,HAD,17,7,HARD,15,31.693,50.016,29.713,111.422
10,Belgian Grand Prix,Red Bull Racing,HAD,18,7,HARD,16,31.664,61.82,29.724,123.208
10,Belgian Grand Prix,Red Bull Racing,HAD,19,7,HARD,17,31.504,49.863,29.636,111.003
10,Belgian Grand Prix,Red Bull Racing,HAD,20,7,HARD,18,31.491,60.395,42.328,134.214
10,Belgian Grand Prix,Red Bull Racing,HAD,21,7,HARD,2,48.077,49.663,29.502,127.242
10,Belgian Grand Prix,Red Bull Racing,HAD,22,7,HARD,3,31.333,48.859,29.474,109.666
10,Belgian Grand Prix,Red Bull Racing,HAD,23,7,HARD,4,31.397,48.997,29.605,109.999
10,Belgian Grand Prix,Red Bull Racing,HAD,24,7,HARD,5,31.406,48.907,29.528,109.841
10,Belgian Grand Prix,Red Bull Racing,HAD,25,7,HARD,6,31.268,49.288,29.529,110.085
10,Belgian Grand Prix,Red Bull Racing,HAD,26,7,HARD,7,31.319,49.188,29.385,109.892
10,Belgian Grand Prix,Red Bull Racing,HAD,27,7,HARD,8,31.433,49.264,29.388,110.085
10,Belgian Grand Prix,Red Bull Racing,HAD,28,7,HARD,9,31.325,49.207,29.495,110.027
10,Belgian Grand Prix,Red Bull Racing,HAD,29,7,HARD,10,31.314,49.154,29.477,109.945
10,Belgian Grand Prix,Red Bull Racing,HAD,30,7,HARD,11,31.327,49.402,29.454,110.183
10,Belgian Grand Prix,Red Bull Racing,HAD,31,6,HARD,12,31.421,49.258,29.474,110.153
10,Belgian Grand Prix,Red Bull Racing,HAD,32,6,HARD,13,31.254,49.36,29.601,110.215
10,Belgian Grand Prix,Red Bull Racing,HAD,33,6,HARD,14,31.231,49.157,29.551,109.939
10,Belgian Grand Prix,Red Bull Racing,HAD,34,6,HARD,15,31.275,49.346,29.653,110.274
10,Belgian Grand Prix,Red Bull Racing,HAD,35,6,HARD,16,31.334,49.524,29.594,110.452
10,Belgian Grand Prix,Red Bull Racing,HAD,36,6,HARD,17,31.378,49.337,29.526,110.241
10,Belgian Grand Prix,Red Bull Racing,HAD,37,6,HARD,18,31.357,49.278,29.613,110.248
10,Belgian Grand Prix,Red Bull Racing,HAD,38,6,HARD,19,31.334,49.392,29.399,110.125
10,Belgian Grand Prix,Red Bull Racing,HAD,39,6,HARD,20,31.257,49.201,29.442,109.9
10,Belgian Grand Prix,Red Bull Racing,HAD,40,6,HARD,21,31.277,49.292,29.478,110.047
10,Belgian Grand Prix,Red Bull Racing,HAD,41,6,HARD,22,31.122,49.002,29.36,109.484
10,Belgian Grand Prix,Red Bull Racing,HAD,42,6,HARD,23,31.194,49.155,29.282,109.631
10,Belgian Grand Prix,Red Bull Racing,HAD,43,6,HARD,24,31.154,49.192,29.33,109.676
10,Belgian Grand Prix,Red Bull Racing,HAD,44,6,HARD,25,31.113,49.31,28.875,109.298
10,Belgian Grand Prix,McLaren,NOR,1,10,HARD,1,,55.081,49.3,139.726
10,Belgian Grand Prix,McLaren,NOR,2,10,HARD,2,41.849,74.702,46.687,
10,Belgian Grand Prix,McLaren,NOR,3,10,HARD,3,39.812,74.837,42.619,
10,Belgian Grand Prix,McLaren,NOR,4,10,HARD,4,44.011,67.867,46.299,
10,Belgian Grand Prix,McLaren,NOR,5,9,HARD,5,31.008,52.469,29.57,113.047
10,Belgian Grand Prix,McLaren,NOR,6,9,HARD,6,31.363,51.464,29.845,112.672
10,Belgian Grand Prix,McLaren,NOR,7,8,HARD,7,31.351,50.581,29.175,111.107
10,Belgian Grand Prix,McLaren,NOR,8,8,HARD,8,31.914,50.703,29.277,111.894
10,Belgian Grand Prix,McLaren,NOR,9,7,HARD,9,31.209,51.05,29.208,111.467
10,Belgian Grand Prix,McLaren,NOR,10,7,HARD,10,31.902,50.312,29.428,111.642
10,Belgian Grand Prix,McLaren,NOR,11,7,HARD,11,31.517,51.476,29.811,112.804
10,Belgian Grand Prix,McLaren,NOR,12,6,HARD,12,31.309,50.013,29.438,110.76
10,Belgian Grand Prix,McLaren,NOR,13,6,HARD,13,31.769,50.215,29.532,111.516
10,Belgian Grand Prix,McLaren,NOR,14,6,HARD,14,31.55,49.85,29.543,110.943
10,Belgian Grand Prix,McLaren,NOR,15,6,HARD,15,31.55,49.733,29.38,110.663
10,Belgian Grand Prix,McLaren,NOR,16,6,HARD,16,31.602,50.02,29.441,111.063
10,Belgian Grand Prix,McLaren,NOR,17,6,HARD,17,31.639,49.899,29.362,110.9
10,Belgian Grand Prix,McLaren,NOR,18,5,HARD,18,31.432,59.733,31.409,122.574
10,Belgian Grand Prix,McLaren,NOR,19,3,HARD,19,31.374,50.801,29.286,111.461
10,Belgian Grand Prix,McLaren,NOR,20,3,HARD,20,31.996,58.503,39.542,130.041
10,Belgian Grand Prix,McLaren,NOR,21,1,HARD,21,42.219,49.455,30.036,121.71
10,Belgian Grand Prix,McLaren,NOR,22,1,HARD,22,31.42,49.483,29.83,110.733
10,Belgian Grand Prix,McLaren,NOR,23,2,HARD,23,31.45,50.262,29.563,111.275
10,Belgian Grand Prix,McLaren,NOR,24,2,HARD,24,31.13,49.708,29.59,110.428
10,Belgian Grand Prix,McLaren,NOR,25,2,HARD,25,31.179,50.188,29.536,110.903
10,Belgian Grand Prix,McLaren,NOR,26,3,HARD,26,31.303,50.502,29.262,111.067
10,Belgian Grand Prix,McLaren,NOR,27,3,HARD,27,31.405,50.264,29.305,110.974
10,Belgian Grand Prix,McLaren,NOR,28,3,HARD,28,31.5,49.88,29.363,110.743
10,Belgian Grand Prix,McLaren,NOR,29,4,HARD,29,31.335,51.177,29.284,111.796
10,Belgian Grand Prix,McLaren,NOR,30,5,HARD,30,31.142,50.302,33.612,115.056
10,Belgian Grand Prix,McLaren,NOR,31,8,MEDIUM,1,51.668,48.943,29.236,129.847
10,Belgian Grand Prix,McLaren,NOR,32,7,MEDIUM,2,31.334,48.87,29.243,109.447
10,Belgian Grand Prix,McLaren,NOR,33,7,MEDIUM,3,31.298,48.783,29.351,109.432
10,Belgian Grand Prix,McLaren,NOR,34,7,MEDIUM,4,31.245,48.593,29.479,109.317
10,Belgian Grand Prix,McLaren,NOR,35,7,MEDIUM,5,31.074,48.8,29.229,109.103
10,Belgian Grand Prix,McLaren,NOR,36,7,MEDIUM,6,31.406,48.699,29.249,109.354
10,Belgian Grand Prix,McLaren,NOR,37,7,MEDIUM,7,31.315,48.755,29.071,109.141
10,Belgian Grand Prix,McLaren,NOR,38,7,MEDIUM,8,31.341,48.745,29.014,109.1
10,Belgian Grand Prix,McLaren,NOR,39,7,MEDIUM,9,31.281,48.783,29.058,109.122
10,Belgian Grand Prix,McLaren,NOR,40,7,MEDIUM,10,31.289,48.757,29.038,109.084
10,Belgian Grand Prix,McLaren,NOR,41,7,MEDIUM,11,31.085,48.786,29.056,108.927
10,Belgian Grand Prix,McLaren,NOR,42,7,MEDIUM,12,30.934,49.096,28.874,108.904
10,Belgian Grand Prix,McLaren,NOR,43,7,MEDIUM,13,31.031,49.017,29.129,109.177
10,Belgian Grand Prix,McLaren,NOR,44,7,MEDIUM,14,30.922,49.362,28.606,108.89
10,Belgian Grand Prix,Audi,BOR,1,9,MEDIUM,1,,54.783,48.145,138.086
10,Belgian Grand Prix,Audi,BOR,2,9,MEDIUM,2,40.65,76.536,45.164,
10,Belgian Grand Prix,Audi,BOR,3,9,MEDIUM,3,41.017,73.278,44.497,
10,Belgian Grand Prix,Audi,BOR,4,9,MEDIUM,4,42.043,70.234,46.581,
10,Belgian Grand Prix,Audi,BOR,5,10,MEDIUM,5,31.243,51.936,30.67,113.849
10,Belgian Grand Prix,Audi,BOR,6,10,MEDIUM,6,31.416,51.421,30.073,112.91
10,Belgian Grand Prix,Audi,BOR,7,11,MEDIUM,7,31.79,51.133,29.903,112.826
10,Belgian Grand Prix,Audi,BOR,8,11,MEDIUM,8,31.739,50.648,29.925,112.312
10,Belgian Grand Prix,Audi,BOR,9,11,MEDIUM,9,31.722,50.243,29.91,111.875
10,Belgian Grand Prix,Audi,BOR,10,11,MEDIUM,10,31.688,50.254,29.902,111.844
10,Belgian Grand Prix,Audi,BOR,11,11,MEDIUM,11,31.619,50.71,29.919,112.248
10,Belgian Grand Prix,Audi,BOR,12,11,MEDIUM,12,31.641,51.211,30.129,112.981
10,Belgian Grand Prix,Audi,BOR,13,11,MEDIUM,13,31.656,51.123,30.101,112.88
10,Belgian Grand Prix,Audi,BOR,14,10,MEDIUM,14,31.673,51.116,30.111,112.9
10,Belgian Grand Prix,Audi,BOR,15,10,MEDIUM,15,31.809,51.595,30.056,113.46
10,Belgian Grand Prix,Audi,BOR,16,9,MEDIUM,16,31.855,50.665,29.906,112.426
10,Belgian Grand Prix,Audi,BOR,17,8,MEDIUM,17,31.946,50.239,30.089,112.274
10,Belgian Grand Prix,Audi,BOR,18,8,MEDIUM,18,31.835,61.638,30.116,123.589
10,Belgian Grand Prix,Audi,BOR,19,8,MEDIUM,19,31.645,50.23,30.072,111.947
10,Belgian Grand Prix,Audi,BOR,20,8,MEDIUM,20,31.786,61.281,42.715,135.782
10,Belgian Grand Prix,Audi,BOR,21,8,HARD,1,45.673,49.479,29.45,124.602
10,Belgian Grand Prix,Audi,BOR,22,8,HARD,2,31.634,48.84,29.86,110.334
10,Belgian Grand Prix,Audi,BOR,23,8,HARD,3,31.529,48.93,29.898,110.357
10,Belgian Grand Prix,Audi,BOR,24,8,HARD,4,31.595,49.171,29.855,110.621
10,Belgian Grand Prix,Audi,BOR,25,8,HARD,5,31.564,49.443,29.851,110.858
10,Belgian Grand Prix,Audi,BOR,26,8,HARD,6,31.632,49.473,29.852,110.957
10,Belgian Grand Prix,Audi,BOR,27,8,HARD,7,31.691,49.277,29.916,110.884
10,Belgian Grand Prix,Audi,BOR,28,8,HARD,8,31.772,49.408,29.871,111.051
10,Belgian Grand Prix,Audi,BOR,29,8,HARD,9,31.646,49.367,29.869,110.882
10,Belgian Grand Prix,Audi,BOR,30,8,HARD,10,31.732,49.65,29.891,111.273
10,Belgian Grand Prix,Audi,BOR,31,7,HARD,11,31.813,49.545,29.843,111.201
10,Belgian Grand Prix,Audi,BOR,32,8,HARD,12,31.732,50.321,29.885,111.938
10,Belgian Grand Prix,Audi,BOR,33,8,HARD,13,31.521,49.578,29.89,110.989
10,Belgian Grand Prix,Audi,BOR,34,8,HARD,14,31.615,49.86,30.032,111.507
10,Belgian Grand Prix,Audi,BOR,35,8,HARD,15,31.678,49.846,29.872,111.396
10,Belgian Grand Prix,Audi,BOR,36,8,HARD,16,31.687,49.411,29.763,110.861
10,Belgian Grand Prix,Audi,BOR,37,8,HARD,17,31.65,49.307,29.761,110.718
10,Belgian Grand Prix,Audi,BOR,38,8,HARD,18,31.798,49.65,29.711,111.159
10,Belgian Grand Prix,Audi,BOR,39,8,HARD,19,31.417,49.658,29.815,110.89
10,Belgian Grand Prix,Audi,BOR,40,8,HARD,20,31.67,49.298,29.857,110.825
10,Belgian Grand Prix,Audi,BOR,41,8,HARD,21,31.613,49.27,29.807,110.69
10,Belgian Grand Prix,Audi,BOR,42,8,HARD,22,31.676,49.486,29.849,111.011
10,Belgian Grand Prix,Audi,BOR,43,8,HARD,23,31.723,49.513,29.938,111.174
10,Belgian Grand Prix,Audi,BOR,44,8,HARD,24,31.727,49.815,29.71,111.252
10,Belgian Grand Prix,Racing Bulls,LIN,1,7,MEDIUM,1,,54.179,46.102,135.083
10,Belgian Grand Prix,Racing Bulls,LIN,2,7,MEDIUM,2,41.647,75.688,45.907,
10,Belgian Grand Prix,Racing Bulls,LIN,3,7,MEDIUM,3,41.491,72.851,44.921,
10,Belgian Grand Prix,Racing Bulls,LIN,4,7,MEDIUM,4,42.453,69.937,47.354,
10,Belgian Grand Prix,Racing Bulls,LIN,5,7,MEDIUM,5,31.167,51.713,29.861,112.741
10,Belgian Grand Prix,Racing Bulls,LIN,6,7,MEDIUM,6,31.367,50.996,29.846,112.209
10,Belgian Grand Prix,Racing Bulls,LIN,7,7,MEDIUM,7,31.128,50.578,29.777,111.483
10,Belgian Grand Prix,Racing Bulls,LIN,8,6,MEDIUM,8,31.115,50.708,29.717,111.54
10,Belgian Grand Prix,Racing Bulls,LIN,9,6,MEDIUM,9,31.729,50.709,29.89,112.328
10,Belgian Grand Prix,Racing Bulls,LIN,10,6,MEDIUM,10,31.686,50.547,29.969,112.202
10,Belgian Grand Prix,Racing Bulls,LIN,11,6,MEDIUM,11,31.793,50.933,30.023,112.749
10,Belgian Grand Prix,Racing Bulls,LIN,12,7,MEDIUM,12,31.793,51.542,29.816,113.151
10,Belgian Grand Prix,Racing Bulls,LIN,13,7,MEDIUM,13,31.586,50.725,29.928,112.239
10,Belgian Grand Prix,Racing Bulls,LIN,14,7,MEDIUM,14,31.491,50.683,29.876,112.05
10,Belgian Grand Prix,Racing Bulls,LIN,15,7,MEDIUM,15,31.665,50.736,29.915,112.316
10,Belgian Grand Prix,Racing Bulls,LIN,16,7,MEDIUM,16,31.595,50.646,34.438,116.679
10,Belgian Grand Prix,Racing Bulls,LIN,17,12,HARD,1,48.037,50.98,29.527,128.544
10,Belgian Grand Prix,Racing Bulls,LIN,18,11,HARD,2,36.088,57.359,30.236,123.683
10,Belgian Grand Prix,Racing Bulls,LIN,19,11,HARD,3,31.491,49.951,29.652,111.094
10,Belgian Grand Prix,Racing Bulls,LIN,20,10,HARD,4,31.195,66.585,39.961,137.741
10,Belgian Grand Prix,Racing Bulls,LIN,21,9,HARD,5,32.319,50.107,29.587,112.013
10,Belgian Grand Prix,Racing Bulls,LIN,22,9,HARD,6,31.234,49.623,29.731,110.588
10,Belgian Grand Prix,Racing Bulls,LIN,23,9,HARD,7,31.371,49.58,29.585,110.536
10,Belgian Grand Prix,Racing Bulls,LIN,24,9,HARD,8,31.378,49.781,29.65,110.809
10,Belgian Grand Prix,Racing Bulls,LIN,25,9,HARD,9,31.291,50.005,29.65,110.946
10,Belgian Grand Prix,Racing Bulls,LIN,26,9,HARD,10,31.443,50.063,29.513,111.019
10,Belgian Grand Prix,Racing Bulls,LIN,27,9,HARD,11,31.381,49.988,29.657,111.026
10,Belgian Grand Prix,Racing Bulls,LIN,28,9,HARD,12,31.356,49.965,29.564,110.885
10,Belgian Grand Prix,Racing Bulls,LIN,29,9,HARD,13,31.326,49.962,29.536,110.824
10,Belgian Grand Prix,Racing Bulls,LIN,30,9,HARD,14,31.415,50.187,29.526,111.128
10,Belgian Grand Prix,Racing Bulls,LIN,31,9,HARD,15,31.32,50.279,29.525,111.124
10,Belgian Grand Prix,Racing Bulls,LIN,32,9,HARD,16,31.107,50.589,29.442,111.138
10,Belgian Grand Prix,Racing Bulls,LIN,33,9,HARD,17,31.295,50.043,29.574,110.912
10,Belgian Grand Prix,Racing Bulls,LIN,34,9,HARD,18,31.271,50.191,29.702,111.164
10,Belgian Grand Prix,Racing Bulls,LIN,35,9,HARD,19,31.166,50.277,29.546,110.989
10,Belgian Grand Prix,Racing Bulls,LIN,36,9,HARD,20,31.186,50.228,29.58,110.994
10,Belgian Grand Prix,Racing Bulls,LIN,37,9,HARD,21,31.199,50.225,29.49,110.914
10,Belgian Grand Prix,Racing Bulls,LIN,38,9,HARD,22,31.19,50.269,29.461,110.92
10,Belgian Grand Prix,Racing Bulls,LIN,39,9,HARD,23,31.197,50.52,29.524,111.241
10,Belgian Grand Prix,Racing Bulls,LIN,40,9,HARD,24,31.12,49.96,29.503,110.583
10,Belgian Grand Prix,Racing Bulls,LIN,41,9,HARD,25,31.032,50.154,29.536,110.722
10,Belgian Grand Prix,Racing Bulls,LIN,42,9,HARD,26,31.109,50.204,29.346,110.659
10,Belgian Grand Prix,Racing Bulls,LIN,43,9,HARD,27,31.224,50.267,29.605,111.096
10,Belgian Grand Prix,Racing Bulls,LIN,44,9,HARD,28,31.013,50.426,29.135,110.574
10,Belgian Grand Prix,Alpine,COL,1,8,MEDIUM,1,,54.418,46.752,136.278
10,Belgian Grand Prix,Alpine,COL,2,8,MEDIUM,2,41.284,75.72,45.683,
10,Belgian Grand Prix,Alpine,COL,3,8,MEDIUM,3,41.529,73.022,45.076,
10,Belgian Grand Prix,Alpine,COL,4,8,MEDIUM,4,41.956,70.098,47.129,
10,Belgian Grand Prix,Alpine,COL,5,8,MEDIUM,5,30.983,52.134,30.018,113.135
10,Belgian Grand Prix,Alpine,COL,6,8,MEDIUM,6,31.664,51.068,29.794,112.526
10,Belgian Grand Prix,Alpine,COL,7,9,MEDIUM,7,31.387,50.739,30.291,112.417
10,Belgian Grand Prix,Alpine,COL,8,9,MEDIUM,8,31.236,51.83,29.655,112.721
10,Belgian Grand Prix,Alpine,COL,9,9,MEDIUM,9,31.461,50.715,29.674,111.85
10,Belgian Grand Prix,Alpine,COL,10,9,MEDIUM,10,31.413,50.937,29.763,112.113
10,Belgian Grand Prix,Alpine,COL,11,9,MEDIUM,11,31.42,51.094,29.766,112.28
10,Belgian Grand Prix,Alpine,COL,12,10,MEDIUM,12,31.51,52.039,29.937,113.486
10,Belgian Grand Prix,Alpine,COL,13,10,MEDIUM,13,31.538,51.414,29.924,112.876
10,Belgian Grand Prix,Alpine,COL,14,9,MEDIUM,14,31.592,51.374,29.972,112.938
10,Belgian Grand Prix,Alpine,COL,15,12,MEDIUM,15,31.642,51.089,34.675,117.406
10,Belgian Grand Prix,Alpine,COL,16,15,HARD,1,47.655,50.262,29.711,127.628
10,Belgian Grand Prix,Alpine,COL,17,15,HARD,2,31.487,50.492,29.639,111.618
10,Belgian Grand Prix,Alpine,COL,18,15,HARD,3,40.916,53.006,29.902,123.824
10,Belgian Grand Prix,Alpine,COL,19,14,HARD,4,31.603,50.648,29.706,111.957
10,Belgian Grand Prix,Alpine,COL,20,14,HARD,5,31.33,67.222,40.375,138.927
10,Belgian Grand Prix,Alpine,COL,21,13,HARD,6,31.206,51.55,29.645,112.401
10,Belgian Grand Prix,Alpine,COL,22,13,HARD,7,31.055,51.242,29.809,112.106
10,Belgian Grand Prix,Alpine,COL,23,13,HARD,8,31.13,51.2,29.561,111.891
10,Belgian Grand Prix,Alpine,COL,24,13,HARD,9,31.205,50.642,29.607,111.454
10,Belgian Grand Prix,Alpine,COL,25,13,HARD,10,30.813,51.873,29.993,112.679
10,Belgian Grand Prix,Alpine,COL,26,13,HARD,11,31.094,51.507,29.694,112.295
10,Belgian Grand Prix,Alpine,COL,27,13,HARD,12,31.002,51.674,29.555,112.231
10,Belgian Grand Prix,Alpine,COL,28,12,HARD,13,31.03,51.182,29.616,111.828
10,Belgian Grand Prix,Alpine,COL,29,12,HARD,14,31.173,51.395,29.812,112.38
10,Belgian Grand Prix,Alpine,COL,30,10,HARD,15,31.145,51.005,29.734,111.884
10,Belgian Grand Prix,Alpine,COL,31,10,HARD,16,31.558,50.508,29.666,111.732
10,Belgian Grand Prix,Alpine,COL,32,10,HARD,17,31.471,50.426,29.76,111.657
10,Belgian Grand Prix,Alpine,COL,33,10,HARD,18,31.558,50.282,29.883,111.723
10,Belgian Grand Prix,Alpine,COL,34,10,HARD,19,31.651,50.133,29.875,111.659
10,Belgian Grand Prix,Alpine,COL,35,10,HARD,20,31.826,50.429,30.019,112.274
10,Belgian Grand Prix,Alpine,COL,36,10,HARD,21,31.756,50.187,29.816,111.759
10,Belgian Grand Prix,Alpine,COL,37,10,HARD,22,31.636,50.27,29.656,111.562
10,Belgian Grand Prix,Alpine,COL,38,10,HARD,23,31.826,50.16,29.675,111.661
10,Belgian Grand Prix,Alpine,COL,39,10,HARD,24,31.628,50.03,29.576,111.234
10,Belgian Grand Prix,Alpine,COL,40,10,HARD,25,31.629,50.251,29.662,111.542
10,Belgian Grand Prix,Alpine,COL,41,10,HARD,26,31.489,50.251,29.625,111.365
10,Belgian Grand Prix,Alpine,COL,42,10,HARD,27,31.466,50.091,29.605,111.162
10,Belgian Grand Prix,Alpine,COL,43,10,HARD,28,31.584,50.025,29.754,111.363
10,Belgian Grand Prix,Alpine,COL,44,10,HARD,29,31.525,50.322,29.35,111.197
10,Belgian Grand Prix,Alpine,GAS,1,11,MEDIUM,1,,55.345,52.483,143.344
10,Belgian Grand Prix,Alpine,GAS,2,11,MEDIUM,2,40.545,73.436,47.462,
10,Belgian Grand Prix,Alpine,GAS,3,11,MEDIUM,3,39.45,74.579,43.413,
10,Belgian Grand Prix,Alpine,GAS,4,11,MEDIUM,4,44.135,66.936,45.534,
10,Belgian Grand Prix,Alpine,GAS,5,11,MEDIUM,5,31.031,52.572,29.829,113.432
10,Belgian Grand Prix,Alpine,GAS,6,11,MEDIUM,6,31.179,51.976,29.762,112.917
10,Belgian Grand Prix,Alpine,GAS,7,10,MEDIUM,7,31.239,50.849,29.757,111.845
10,Belgian Grand Prix,Alpine,GAS,8,10,MEDIUM,8,31.169,51.353,29.733,112.255
10,Belgian Grand Prix,Alpine,GAS,9,10,MEDIUM,9,30.956,51.17,29.805,111.931
10,Belgian Grand Prix,Alpine,GAS,10,10,MEDIUM,10,31.158,50.937,29.827,111.922
10,Belgian Grand Prix,Alpine,GAS,11,10,MEDIUM,11,31.111,51.45,29.801,112.362
10,Belgian Grand Prix,Alpine,GAS,12,9,MEDIUM,12,30.805,51.332,29.807,111.944
10,Belgian Grand Prix,Alpine,GAS,13,9,MEDIUM,13,31.341,51.373,29.877,112.591
10,Belgian Grand Prix,Alpine,GAS,14,12,MEDIUM,14,31.275,51.318,34.344,116.937
10,Belgian Grand Prix,Alpine,GAS,15,15,HARD,1,47.496,50.49,29.676,127.662
10,Belgian Grand Prix,Alpine,GAS,16,14,HARD,2,31.269,50.818,29.494,111.581
10,Belgian Grand Prix,Alpine,GAS,17,14,HARD,3,31.195,52.24,29.524,112.959
10,Belgian Grand Prix,Alpine,GAS,18,14,HARD,4,40.247,53.974,29.661,123.882
10,Belgian Grand Prix,Alpine,GAS,19,13,HARD,5,31.326,51.203,29.641,112.17
10,Belgian Grand Prix,Alpine,GAS,20,13,HARD,6,31.084,67.531,39.916,138.531
10,Belgian Grand Prix,Alpine,GAS,21,12,HARD,7,32.289,51.573,29.554,113.416
10,Belgian Grand Prix,Alpine,GAS,22,12,HARD,8,30.921,51.44,29.751,112.112
10,Belgian Grand Prix,Alpine,GAS,23,12,HARD,9,31.407,50.881,29.563,111.851
10,Belgian Grand Prix,Alpine,GAS,24,12,HARD,10,30.667,51.029,29.7,111.396
10,Belgian Grand Prix,Alpine,GAS,25,12,HARD,11,31.338,51.585,30.058,112.981
10,Belgian Grand Prix,Alpine,GAS,26,11,HARD,12,31.194,50.888,29.788,111.87
10,Belgian Grand Prix,Alpine,GAS,27,11,HARD,13,31.206,51.243,29.715,112.164
10,Belgian Grand Prix,Alpine,GAS,28,11,HARD,14,31.2,51.162,29.68,112.042
10,Belgian Grand Prix,Alpine,GAS,29,11,HARD,15,31.113,51.499,30.05,112.662
10,Belgian Grand Prix,Alpine,GAS,30,12,HARD,16,31.646,52.998,29.53,114.174
10,Belgian Grand Prix,Alpine,GAS,31,12,HARD,17,30.882,51.402,29.535,111.819
10,Belgian Grand Prix,Alpine,GAS,32,12,HARD,18,30.861,51.194,29.666,111.721
10,Belgian Grand Prix,Alpine,GAS,33,11,HARD,19,30.931,50.947,29.774,111.652
10,Belgian Grand Prix,Alpine,GAS,34,11,HARD,20,31.249,50.697,29.811,111.757
10,Belgian Grand Prix,Alpine,GAS,35,11,HARD,21,31.218,50.869,29.753,111.84
10,Belgian Grand Prix,Alpine,GAS,36,11,HARD,22,31.271,50.619,29.587,111.477
10,Belgian Grand Prix,Alpine,GAS,37,11,HARD,23,31.287,50.692,29.723,111.702
10,Belgian Grand Prix,Alpine,GAS,38,11,HARD,24,31.156,50.744,29.546,111.446
10,Belgian Grand Prix,Alpine,GAS,39,11,HARD,25,31.029,50.577,29.495,111.101
10,Belgian Grand Prix,Alpine,GAS,40,11,HARD,26,30.751,51.126,29.428,111.305
10,Belgian Grand Prix,Alpine,GAS,41,11,HARD,27,30.874,51.003,29.488,111.365
10,Belgian Grand Prix,Alpine,GAS,42,11,HARD,28,31.049,50.907,29.493,111.449
10,Belgian Grand Prix,Alpine,GAS,43,11,HARD,29,31.093,50.52,29.67,111.283
10,Belgian Grand Prix,Alpine,GAS,44,11,HARD,30,30.869,50.977,29.284,111.13
10,Belgian Grand Prix,Racing Bulls,LAW,1,6,MEDIUM,1,,53.516,44.556,132.922
10,Belgian Grand Prix,Racing Bulls,LAW,2,6,MEDIUM,2,42.67,76.101,45.336,
10,Belgian Grand Prix,Racing Bulls,LAW,3,6,MEDIUM,3,42.112,72.757,44.776,
10,Belgian Grand Prix,Racing Bulls,LAW,4,6,MEDIUM,4,42.185,70.189,47.816,
10,Belgian Grand Prix,Racing Bulls,LAW,5,6,MEDIUM,5,31.401,51.274,29.744,112.419
10,Belgian Grand Prix,Racing Bulls,LAW,6,6,MEDIUM,6,31.295,50.925,29.805,112.025
10,Belgian Grand Prix,Racing Bulls,LAW,7,6,MEDIUM,7,31.421,50.579,29.952,111.952
10,Belgian Grand Prix,Racing Bulls,LAW,8,7,MEDIUM,8,31.652,51.702,29.756,113.11
10,Belgian Grand Prix,Racing Bulls,LAW,9,8,MEDIUM,9,31.385,51.128,30.223,112.736
10,Belgian Grand Prix,Racing Bulls,LAW,10,8,MEDIUM,10,31.517,51.373,29.783,112.673
10,Belgian Grand Prix,Racing Bulls,LAW,11,8,MEDIUM,11,31.45,51.109,29.882,112.441
10,Belgian Grand Prix,Racing Bulls,LAW,12,8,MEDIUM,12,31.471,51.277,29.687,112.435
10,Belgian Grand Prix,Racing Bulls,LAW,13,8,MEDIUM,13,31.37,51.143,29.916,112.429
10,Belgian Grand Prix,Racing Bulls,LAW,14,8,MEDIUM,14,31.391,51.137,29.956,112.484
10,Belgian Grand Prix,Racing Bulls,LAW,15,9,MEDIUM,15,31.623,51.01,33.948,116.581
10,Belgian Grand Prix,Racing Bulls,LAW,16,13,HARD,1,47.078,50.363,29.549,126.99
10,Belgian Grand Prix,Racing Bulls,LAW,17,13,HARD,2,31.938,51.957,29.495,113.39
10,Belgian Grand Prix,Racing Bulls,LAW,18,13,HARD,3,38.986,54.991,30.133,124.11
10,Belgian Grand Prix,Racing Bulls,LAW,19,12,HARD,4,31.633,50.528,29.778,111.939
10,Belgian Grand Prix,Racing Bulls,LAW,20,12,HARD,5,31.686,66.888,40.456,139.03
10,Belgian Grand Prix,Racing Bulls,LAW,21,10,HARD,6,32.086,50.7,29.86,112.646
10,Belgian Grand Prix,Racing Bulls,LAW,22,10,HARD,7,31.63,50.19,29.759,111.579
10,Belgian Grand Prix,Racing Bulls,LAW,23,10,HARD,8,31.364,50.275,29.991,111.63
10,Belgian Grand Prix,Racing Bulls,LAW,24,10,HARD,9,31.601,50.325,30.06,111.986
10,Belgian Grand Prix,Racing Bulls,LAW,25,10,HARD,10,31.841,51.038,30.079,112.958
10,Belgian Grand Prix,Racing Bulls,LAW,26,10,HARD,11,31.769,50.524,29.897,112.19
10,Belgian Grand Prix,Racing Bulls,LAW,27,10,HARD,12,31.68,50.616,29.814,112.11
10,Belgian Grand Prix,Racing Bulls,LAW,28,10,HARD,13,31.762,50.473,29.885,112.12
10,Belgian Grand Prix,Racing Bulls,LAW,29,10,HARD,14,31.742,50.891,30.309,112.942
10,Belgian Grand Prix,Racing Bulls,LAW,30,11,HARD,15,32.188,52.221,29.7,114.109
10,Belgian Grand Prix,Racing Bulls,LAW,31,11,HARD,16,31.235,50.794,29.696,111.725
10,Belgian Grand Prix,Racing Bulls,LAW,32,11,HARD,17,31.297,50.713,29.855,111.865
10,Belgian Grand Prix,Racing Bulls,LAW,33,12,HARD,18,31.438,51.638,29.687,112.763
10,Belgian Grand Prix,Racing Bulls,LAW,34,12,HARD,19,30.913,51.093,29.781,111.787
10,Belgian Grand Prix,Racing Bulls,LAW,35,12,HARD,20,30.974,51.157,29.712,111.843
10,Belgian Grand Prix,Racing Bulls,LAW,36,12,HARD,21,31.189,50.863,29.517,111.569
10,Belgian Grand Prix,Racing Bulls,LAW,37,12,HARD,22,30.992,51.003,29.595,111.59
10,Belgian Grand Prix,Racing Bulls,LAW,38,12,HARD,23,31.288,50.808,29.406,111.502
10,Belgian Grand Prix,Racing Bulls,LAW,39,12,HARD,24,30.998,50.844,29.41,111.252
10,Belgian Grand Prix,Racing Bulls,LAW,40,12,HARD,25,31.12,50.622,29.444,111.186
10,Belgian Grand Prix,Racing Bulls,LAW,41,12,HARD,26,30.909,50.912,29.356,111.177
10,Belgian Grand Prix,Racing Bulls,LAW,42,12,HARD,27,30.934,51.224,29.442,111.6
10,Belgian Grand Prix,Racing Bulls,LAW,43,12,HARD,28,30.852,50.853,29.485,111.19
10,Belgian Grand Prix,Racing Bulls,LAW,44,12,HARD,29,30.814,51.143,29.118,111.075
10,Belgian Grand Prix,Audi,HUL,1,13,MEDIUM,1,,55.944,53.926,145.817
10,Belgian Grand Prix,Audi,HUL,2,13,MEDIUM,2,40.788,73.569,47.439,
10,Belgian Grand Prix,Audi,HUL,3,13,MEDIUM,3,40.033,73.85,43.547,
10,Belgian Grand Prix,Audi,HUL,4,13,MEDIUM,4,44.077,66.656,44.229,
10,Belgian Grand Prix,Audi,HUL,5,13,MEDIUM,5,31.116,52.365,30.184,113.665
10,Belgian Grand Prix,Audi,HUL,6,13,MEDIUM,6,31.402,51.771,30.11,113.283
10,Belgian Grand Prix,Audi,HUL,7,13,MEDIUM,7,31.56,51.002,29.935,112.497
10,Belgian Grand Prix,Audi,HUL,8,13,MEDIUM,8,31.585,51.19,30.084,112.859
10,Belgian Grand Prix,Audi,HUL,9,13,MEDIUM,9,32.068,50.699,29.996,112.763
10,Belgian Grand Prix,Audi,HUL,10,13,MEDIUM,10,31.504,50.938,30.333,112.775
10,Belgian Grand Prix,Audi,HUL,11,13,MEDIUM,11,31.277,51.371,30.258,112.906
10,Belgian Grand Prix,Audi,HUL,12,12,MEDIUM,12,31.204,50.637,29.931,111.772
10,Belgian Grand Prix,Audi,HUL,13,13,MEDIUM,13,31.859,51.194,29.959,113.012
10,Belgian Grand Prix,Audi,HUL,14,13,MEDIUM,14,31.867,50.607,29.993,112.467
10,Belgian Grand Prix,Audi,HUL,15,11,MEDIUM,15,31.805,50.544,30.081,112.43
10,Belgian Grand Prix,Audi,HUL,16,10,MEDIUM,16,31.836,50.625,30.006,112.467
10,Belgian Grand Prix,Audi,HUL,17,9,MEDIUM,17,31.886,50.183,29.987,112.056
10,Belgian Grand Prix,Audi,HUL,18,9,MEDIUM,18,31.91,61.782,29.988,123.68
10,Belgian Grand Prix,Audi,HUL,19,9,MEDIUM,19,31.753,50.134,30.023,111.91
10,Belgian Grand Prix,Audi,HUL,20,9,MEDIUM,20,31.751,62.164,43.328,137.243
10,Belgian Grand Prix,Audi,HUL,21,11,HARD,1,48.148,50.795,29.943,128.886
10,Belgian Grand Prix,Audi,HUL,22,11,HARD,2,31.286,50.704,30.183,112.173
10,Belgian Grand Prix,Audi,HUL,23,11,HARD,3,31.65,49.842,29.727,111.219
10,Belgian Grand Prix,Audi,HUL,24,11,HARD,4,31.444,50.449,29.982,111.875
10,Belgian Grand Prix,Audi,HUL,25,11,HARD,5,31.611,51.226,30.454,113.291
10,Belgian Grand Prix,Audi,HUL,26,12,HARD,6,31.482,51.277,29.869,112.628
10,Belgian Grand Prix,Audi,HUL,27,12,HARD,7,31.368,51.041,29.696,112.105
10,Belgian Grand Prix,Audi,HUL,28,13,HARD,8,31.601,51.755,29.674,113.03
10,Belgian Grand Prix,Audi,HUL,29,13,HARD,9,31.553,50.879,30.081,112.513
10,Belgian Grand Prix,Audi,HUL,30,13,HARD,10,31.086,52.76,29.997,113.843
10,Belgian Grand Prix,Audi,HUL,31,13,HARD,11,31.022,50.938,30.012,111.972
10,Belgian Grand Prix,Audi,HUL,32,13,HARD,12,31.142,50.387,30.003,111.532
10,Belgian Grand Prix,Audi,HUL,33,13,HARD,13,31.073,51.196,30.094,112.363
10,Belgian Grand Prix,Audi,HUL,34,13,HARD,14,31.544,50.186,29.601,111.331
10,Belgian Grand Prix,Audi,HUL,35,13,HARD,15,31.2,50.94,29.82,111.96
10,Belgian Grand Prix,Audi,HUL,36,13,HARD,16,31.091,50.846,29.847,111.784
10,Belgian Grand Prix,Audi,HUL,37,13,HARD,17,31.3,50.699,29.547,111.546
10,Belgian Grand Prix,Audi,HUL,38,13,HARD,18,31.709,50.522,29.643,111.874
10,Belgian Grand Prix,Audi,HUL,39,13,HARD,19,31.977,50.075,29.925,111.977
10,Belgian Grand Prix,Audi,HUL,40,13,HARD,20,31.183,49.607,29.849,110.639
10,Belgian Grand Prix,Audi,HUL,41,13,HARD,21,31.012,50.079,29.412,110.503
10,Belgian Grand Prix,Audi,HUL,42,13,HARD,22,30.96,50.999,29.543,111.502
10,Belgian Grand Prix,Audi,HUL,43,13,HARD,23,31.495,50.328,29.499,111.322
10,Belgian Grand Prix,Audi,HUL,44,13,HARD,24,31.331,50.569,29.269,111.169
10,Belgian Grand Prix,Haas F1 Team,BEA,1,15,MEDIUM,1,,57.067,60.936,153.664
10,Belgian Grand Prix,Haas F1 Team,BEA,2,17,HARD,1,52.323,60.584,47.484,
10,Belgian Grand Prix,Haas F1 Team,BEA,3,17,HARD,2,39.798,71.374,45.246,
10,Belgian Grand Prix,Haas F1 Team,BEA,4,17,HARD,3,44.636,65.663,41.837,
10,Belgian Grand Prix,Haas F1 Team,BEA,5,15,HARD,4,31.622,51.328,29.961,112.911
10,Belgian Grand Prix,Haas F1 Team,BEA,6,15,HARD,5,31.741,51.169,29.897,112.807
10,Belgian Grand Prix,Haas F1 Team,BEA,7,15,HARD,6,31.494,51.382,29.654,112.53
10,Belgian Grand Prix,Haas F1 Team,BEA,8,15,HARD,7,31.469,51.685,29.723,112.877
10,Belgian Grand Prix,Haas F1 Team,BEA,9,15,HARD,8,31.152,52.332,29.805,113.289
10,Belgian Grand Prix,Haas F1 Team,BEA,10,16,HARD,9,31.664,51.902,29.67,113.236
10,Belgian Grand Prix,Haas F1 Team,BEA,11,16,HARD,10,31.767,51.602,29.791,113.16
10,Belgian Grand Prix,Haas F1 Team,BEA,12,15,HARD,11,31.693,51.808,29.864,113.365
10,Belgian Grand Prix,Haas F1 Team,BEA,13,15,HARD,12,31.746,51.609,29.724,113.079
10,Belgian Grand Prix,Haas F1 Team,BEA,14,15,HARD,13,32.055,51.325,29.62,113.0
10,Belgian Grand Prix,Haas F1 Team,BEA,15,14,HARD,14,31.747,51.565,30.006,113.318
10,Belgian Grand Prix,Haas F1 Team,BEA,16,12,HARD,15,31.622,51.661,29.968,113.251
10,Belgian Grand Prix,Haas F1 Team,BEA,17,11,HARD,16,31.723,51.772,30.014,113.509
10,Belgian Grand Prix,Haas F1 Team,BEA,18,10,HARD,17,32.074,62.268,29.916,124.258
10,Belgian Grand Prix,Haas F1 Team,BEA,19,10,HARD,18,32.38,50.806,29.85,113.036
10,Belgian Grand Prix,Haas F1 Team,BEA,20,11,HARD,19,32.17,66.281,42.398,140.849
10,Belgian Grand Prix,Haas F1 Team,BEA,21,15,HARD,1,52.389,50.264,29.589,132.242
10,Belgian Grand Prix,Haas F1 Team,BEA,22,15,HARD,2,31.811,49.735,29.563,111.109
10,Belgian Grand Prix,Haas F1 Team,BEA,23,15,HARD,3,31.91,49.779,29.82,111.509
10,Belgian Grand Prix,Haas F1 Team,BEA,24,15,HARD,4,31.715,49.864,29.639,111.218
10,Belgian Grand Prix,Haas F1 Team,BEA,25,15,HARD,5,31.648,50.523,29.807,111.978
10,Belgian Grand Prix,Haas F1 Team,BEA,26,14,HARD,6,31.407,51.195,29.877,112.479
10,Belgian Grand Prix,Haas F1 Team,BEA,27,14,HARD,7,31.799,50.524,29.658,111.981
10,Belgian Grand Prix,Haas F1 Team,BEA,28,14,HARD,8,32.139,50.169,29.696,112.004
10,Belgian Grand Prix,Haas F1 Team,BEA,29,14,HARD,9,31.896,50.654,29.613,112.163
10,Belgian Grand Prix,Haas F1 Team,BEA,30,14,HARD,10,32.115,50.593,29.543,112.251
10,Belgian Grand Prix,Haas F1 Team,BEA,31,14,HARD,11,31.95,50.365,29.666,111.981
10,Belgian Grand Prix,Haas F1 Team,BEA,32,14,HARD,12,31.861,50.377,29.763,112.001
10,Belgian Grand Prix,Haas F1 Team,BEA,33,14,HARD,13,31.773,50.426,29.787,111.986
10,Belgian Grand Prix,Haas F1 Team,BEA,34,14,HARD,14,31.781,50.525,29.789,112.095
10,Belgian Grand Prix,Haas F1 Team,BEA,35,14,HARD,15,31.877,50.464,29.735,112.076
10,Belgian Grand Prix,Haas F1 Team,BEA,36,14,HARD,16,31.938,50.412,29.585,111.935
10,Belgian Grand Prix,Haas F1 Team,BEA,37,14,HARD,17,32.156,50.452,29.709,112.317
10,Belgian Grand Prix,Haas F1 Team,BEA,38,14,HARD,18,31.944,50.442,29.622,112.008
10,Belgian Grand Prix,Haas F1 Team,BEA,39,14,HARD,19,31.94,50.199,29.5,111.639
10,Belgian Grand Prix,Haas F1 Team,BEA,40,14,HARD,20,31.988,50.048,29.506,111.542
10,Belgian Grand Prix,Haas F1 Team,BEA,41,14,HARD,21,31.77,50.398,29.528,111.696
10,Belgian Grand Prix,Haas F1 Team,BEA,42,14,HARD,22,32.157,50.396,29.518,112.071
10,Belgian Grand Prix,Haas F1 Team,BEA,43,14,HARD,23,31.847,50.498,29.723,112.068
10,Belgian Grand Prix,Haas F1 Team,BEA,44,14,HARD,24,31.704,50.224,29.583,111.511
10,Belgian Grand Prix,Williams,ALB,1,12,MEDIUM,1,,55.736,53.711,145.248
10,Belgian Grand Prix,Williams,ALB,2,12,MEDIUM,2,40.002,73.402,47.662,
10,Belgian Grand Prix,Williams,ALB,3,12,MEDIUM,3,39.961,74.23,43.993,
10,Belgian Grand Prix,Williams,ALB,4,12,MEDIUM,4,43.593,65.994,45.384,
10,Belgian Grand Prix,Williams,ALB,5,12,MEDIUM,5,31.231,52.261,29.994,113.486
10,Belgian Grand Prix,Williams,ALB,6,12,MEDIUM,6,31.12,52.177,30.079,113.376
10,Belgian Grand Prix,Williams,ALB,7,12,MEDIUM,7,31.448,51.124,29.919,112.491
10,Belgian Grand Prix,Williams,ALB,8,12,MEDIUM,8,31.416,51.411,30.086,112.913
10,Belgian Grand Prix,Williams,ALB,9,12,MEDIUM,9,31.496,51.131,30.048,112.675
10,Belgian Grand Prix,Williams,ALB,10,12,MEDIUM,10,31.599,50.988,30.056,112.643
10,Belgian Grand Prix,Williams,ALB,11,12,MEDIUM,11,31.702,51.255,30.405,113.362
10,Belgian Grand Prix,Williams,ALB,12,14,MEDIUM,12,31.764,52.595,30.141,114.5
10,Belgian Grand Prix,Williams,ALB,13,14,MEDIUM,13,31.646,51.686,30.233,113.565
10,Belgian Grand Prix,Williams,ALB,14,14,MEDIUM,14,31.681,51.569,30.207,113.457
10,Belgian Grand Prix,Williams,ALB,15,13,MEDIUM,15,31.735,51.491,30.264,113.49
10,Belgian Grand Prix,Williams,ALB,16,11,MEDIUM,16,31.617,51.437,30.321,113.375
10,Belgian Grand Prix,Williams,ALB,17,10,MEDIUM,17,31.743,51.399,30.512,113.654
10,Belgian Grand Prix,Williams,ALB,18,12,MEDIUM,18,31.888,62.355,34.77,129.013
10,Belgian Grand Prix,Williams,ALB,19,15,HARD,1,46.182,50.598,29.864,126.644
10,Belgian Grand Prix,Williams,ALB,20,15,HARD,2,39.005,64.38,34.967,138.352
10,Belgian Grand Prix,Williams,ALB,21,14,HARD,3,31.312,50.558,30.024,111.894
10,Belgian Grand Prix,Williams,ALB,22,14,HARD,4,31.441,50.74,30.144,112.325
10,Belgian Grand Prix,Williams,ALB,23,14,HARD,5,31.502,50.628,30.167,112.297
10,Belgian Grand Prix,Williams,ALB,24,14,HARD,6,31.541,50.988,30.242,112.771
10,Belgian Grand Prix,Williams,ALB,25,14,HARD,7,31.536,50.965,30.27,112.771
10,Belgian Grand Prix,Williams,ALB,26,15,HARD,8,31.537,50.988,30.453,112.978
10,Belgian Grand Prix,Williams,ALB,27,15,HARD,9,31.983,51.917,29.91,113.81
10,Belgian Grand Prix,Williams,ALB,28,15,HARD,10,31.395,51.152,30.01,112.557
10,Belgian Grand Prix,Williams,ALB,29,15,HARD,11,31.476,51.12,30.135,112.731
10,Belgian Grand Prix,Williams,ALB,30,15,HARD,12,31.405,51.171,29.948,112.524
10,Belgian Grand Prix,Williams,ALB,31,15,HARD,13,31.561,51.112,30.078,112.751
10,Belgian Grand Prix,Williams,ALB,32,15,HARD,14,31.308,51.089,30.062,112.459
10,Belgian Grand Prix,Williams,ALB,33,15,HARD,15,31.464,51.187,30.146,112.797
10,Belgian Grand Prix,Williams,ALB,34,15,HARD,16,31.422,51.001,30.404,112.827
10,Belgian Grand Prix,Williams,ALB,35,15,HARD,17,31.417,51.012,30.138,112.567
10,Belgian Grand Prix,Williams,ALB,36,15,HARD,18,31.347,50.945,29.95,112.242
10,Belgian Grand Prix,Williams,ALB,37,15,HARD,19,31.547,50.819,30.204,112.57
10,Belgian Grand Prix,Williams,ALB,38,15,HARD,20,31.452,50.972,30.108,112.532
10,Belgian Grand Prix,Williams,ALB,39,15,HARD,21,31.532,50.965,29.964,112.461
10,Belgian Grand Prix,Williams,ALB,40,15,HARD,22,31.659,50.654,29.846,112.159
10,Belgian Grand Prix,Williams,ALB,41,15,HARD,23,31.612,50.766,29.755,112.133
10,Belgian Grand Prix,Williams,ALB,42,15,HARD,24,31.569,50.745,29.78,112.094
10,Belgian Grand Prix,Williams,ALB,43,15,HARD,25,31.672,50.876,29.86,112.408
10,Belgian Grand Prix,Williams,ALB,44,15,HARD,26,31.573,50.827,29.64,112.04
10,Belgian Grand Prix,Williams,SAI,1,14,SOFT,1,,57.014,55.663,149.515
10,Belgian Grand Prix,Williams,SAI,2,14,SOFT,2,38.559,73.24,48.021,
10,Belgian Grand Prix,Williams,SAI,3,14,SOFT,3,40.419,72.594,44.452,
10,Belgian Grand Prix,Williams,SAI,4,14,SOFT,4,43.668,66.263,43.437,
10,Belgian Grand Prix,Williams,SAI,5,14,SOFT,5,31.044,52.896,30.038,113.978
10,Belgian Grand Prix,Williams,SAI,6,14,SOFT,6,31.696,51.984,29.909,113.589
10,Belgian Grand Prix,Williams,SAI,7,14,SOFT,7,31.374,51.377,29.752,112.503
10,Belgian Grand Prix,Williams,SAI,8,14,SOFT,8,31.274,51.871,30.006,113.151
10,Belgian Grand Prix,Williams,SAI,9,14,SOFT,9,31.317,51.831,30.01,113.158
10,Belgian Grand Prix,Williams,SAI,10,14,SOFT,10,31.501,51.118,29.93,112.549
10,Belgian Grand Prix,Williams,SAI,11,15,SOFT,11,,,30.047,113.838
10,Belgian Grand Prix,Williams,SAI,12,16,SOFT,12,31.669,51.78,30.48,113.929
10,Belgian Grand Prix,Williams,SAI,13,16,SOFT,13,31.802,52.557,29.906,114.265
10,Belgian Grand Prix,Williams,SAI,14,16,SOFT,14,31.416,52.019,34.339,117.774
10,Belgian Grand Prix,Williams,SAI,15,18,HARD,1,58.89,51.681,29.506,140.077
10,Belgian Grand Prix,Williams,SAI,16,18,HARD,2,31.855,50.583,29.821,112.259
10,Belgian Grand Prix,Williams,SAI,17,18,HARD,3,31.52,50.717,29.713,111.95
10,Belgian Grand Prix,Williams,SAI,18,18,HARD,4,43.738,50.823,29.739,124.3
10,Belgian Grand Prix,Williams,SAI,19,18,HARD,5,31.48,50.641,29.619,111.74
10,Belgian Grand Prix,Williams,SAI,20,18,HARD,6,42.017,65.201,32.361,139.579
10,Belgian Grand Prix,Williams,SAI,21,17,HARD,7,30.939,52.051,29.603,112.593
10,Belgian Grand Prix,Williams,SAI,22,17,HARD,8,31.456,50.885,29.659,112.0
10,Belgian Grand Prix,Williams,SAI,23,17,HARD,9,31.301,50.82,29.511,111.632
10,Belgian Grand Prix,Williams,SAI,24,16,HARD,10,31.191,50.357,29.815,111.363
10,Belgian Grand Prix,Williams,SAI,25,16,HARD,11,31.568,50.807,29.875,112.25
10,Belgian Grand Prix,Williams,SAI,26,16,HARD,12,31.619,50.888,29.804,112.311
10,Belgian Grand Prix,Williams,SAI,27,16,HARD,13,31.685,50.828,29.752,112.265
10,Belgian Grand Prix,Williams,SAI,28,16,HARD,14,31.561,50.739,29.704,112.004
10,Belgian Grand Prix,Williams,SAI,29,16,HARD,15,31.641,50.822,29.604,112.067
10,Belgian Grand Prix,Williams,SAI,30,16,HARD,16,31.818,50.855,29.415,112.088
10,Belgian Grand Prix,Williams,SAI,31,16,HARD,17,31.784,51.129,29.777,112.69
10,Belgian Grand Prix,Williams,SAI,32,16,HARD,18,31.473,50.891,29.762,112.126
10,Belgian Grand Prix,Williams,SAI,33,16,HARD,19,31.394,50.96,29.835,112.189
10,Belgian Grand Prix,Williams,SAI,34,16,HARD,20,31.408,50.866,29.729,112.003
10,Belgian Grand Prix,Williams,SAI,35,16,HARD,21,31.853,50.957,29.635,112.445
10,Belgian Grand Prix,Williams,SAI,36,16,HARD,22,31.518,50.6,29.584,111.702
10,Belgian Grand Prix,Williams,SAI,37,16,HARD,23,31.619,51.066,29.701,112.386
10,Belgian Grand Prix,Williams,SAI,38,16,HARD,24,31.32,51.251,29.551,112.122
10,Belgian Grand Prix,Williams,SAI,39,16,HARD,25,31.351,50.861,29.648,111.86
10,Belgian Grand Prix,Williams,SAI,40,16,HARD,26,31.297,50.902,29.532,111.731
10,Belgian Grand Prix,Williams,SAI,41,16,HARD,27,31.251,51.042,29.444,111.737
10,Belgian Grand Prix,Williams,SAI,42,16,HARD,28,31.167,51.099,29.518,111.784
10,Belgian Grand Prix,Williams,SAI,43,16,HARD,29,31.274,51.376,29.333,111.983
10,Belgian Grand Prix,Williams,SAI,44,16,HARD,30,31.417,51.365,29.415,112.197
10,Belgian Grand Prix,Haas F1 Team,OCO,1,21,MEDIUM,1,,65.536,62.761,164.354
10,Belgian Grand Prix,Haas F1 Team,OCO,2,21,HARD,1,58.486,57.539,37.133,
10,Belgian Grand Prix,Haas F1 Team,OCO,3,20,HARD,2,39.585,71.688,46.251,
10,Belgian Grand Prix,Haas F1 Team,OCO,4,20,HARD,3,43.928,65.344,40.019,149.291
10,Belgian Grand Prix,Haas F1 Team,OCO,5,20,HARD,4,31.933,53.844,30.109,115.886
10,Belgian Grand Prix,Haas F1 Team,OCO,6,18,HARD,5,31.915,52.753,30.06,114.728
10,Belgian Grand Prix,Haas F1 Team,OCO,7,17,HARD,6,32.217,51.22,29.96,113.397
10,Belgian Grand Prix,Haas F1 Team,OCO,8,17,HARD,7,32.143,51.445,30.024,113.612
10,Belgian Grand Prix,Haas F1 Team,OCO,9,17,HARD,8,32.139,51.123,30.037,113.299
10,Belgian Grand Prix,Haas F1 Team,OCO,10,17,HARD,9,32.015,51.132,30.074,113.221
10,Belgian Grand Prix,Haas F1 Team,OCO,11,17,HARD,10,32.087,51.16,29.893,113.14
10,Belgian Grand Prix,Haas F1 Team,OCO,12,17,HARD,11,32.102,51.204,30.027,113.333
10,Belgian Grand Prix,Haas F1 Team,OCO,13,17,HARD,12,32.244,51.339,29.981,113.564
10,Belgian Grand Prix,Haas F1 Team,OCO,14,17,HARD,13,32.137,51.283,29.93,113.35
10,Belgian Grand Prix,Haas F1 Team,OCO,15,16,HARD,14,32.152,51.847,29.617,113.616
10,Belgian Grand Prix,Haas F1 Team,OCO,16,16,HARD,15,31.887,51.683,34.452,118.022
10,Belgian Grand Prix,Haas F1 Team,OCO,17,17,HARD,1,47.214,50.44,29.742,127.396
10,Belgian Grand Prix,Haas F1 Team,OCO,18,17,HARD,2,43.358,51.268,29.732,124.358
10,Belgian Grand Prix,Haas F1 Team,OCO,19,17,HARD,3,31.855,50.432,29.679,111.966
10,Belgian Grand Prix,Haas F1 Team,OCO,20,17,HARD,4,41.203,67.184,31.966,140.353
10,Belgian Grand Prix,Haas F1 Team,OCO,21,16,HARD,5,31.731,50.846,29.791,112.368
10,Belgian Grand Prix,Haas F1 Team,OCO,22,16,HARD,6,31.922,50.256,29.777,111.955
10,Belgian Grand Prix,Haas F1 Team,OCO,23,16,HARD,7,32.025,50.452,29.889,112.366
10,Belgian Grand Prix,Haas F1 Team,OCO,24,17,HARD,8,32.028,51.253,29.605,112.886
10,Belgian Grand Prix,Haas F1 Team,OCO,25,17,HARD,9,31.775,50.992,29.667,112.434
10,Belgian Grand Prix,Haas F1 Team,OCO,26,17,HARD,10,31.626,51.087,29.595,112.308
10,Belgian Grand Prix,Haas F1 Team,OCO,27,17,HARD,11,31.674,51.04,29.621,112.335
10,Belgian Grand Prix,Haas F1 Team,OCO,28,17,HARD,12,31.768,51.037,29.325,112.13
10,Belgian Grand Prix,Haas F1 Team,OCO,29,17,HARD,13,31.833,50.999,29.236,112.068
10,Belgian Grand Prix,Haas F1 Team,OCO,30,17,HARD,14,32.132,50.853,29.19,112.175
10,Belgian Grand Prix,Haas F1 Team,OCO,31,17,HARD,15,32.036,50.971,29.435,112.442
10,Belgian Grand Prix,Haas F1 Team,OCO,32,17,HARD,16,31.563,51.031,29.556,112.15
10,Belgian Grand Prix,Haas F1 Team,OCO,33,17,HARD,17,31.621,51.168,29.544,112.333
10,Belgian Grand Prix,Haas F1 Team,OCO,34,17,HARD,18,31.807,50.898,29.312,112.017
10,Belgian Grand Prix,Haas F1 Team,OCO,35,17,HARD,19,31.996,51.063,29.395,112.454
10,Belgian Grand Prix,Haas F1 Team,OCO,36,17,HARD,20,31.973,50.666,29.365,112.004
10,Belgian Grand Prix,Haas F1 Team,OCO,37,17,HARD,21,32.191,51.053,29.654,112.898
10,Belgian Grand Prix,Haas F1 Team,OCO,38,17,HARD,22,31.89,51.109,29.68,112.679
10,Belgian Grand Prix,Haas F1 Team,OCO,39,17,HARD,23,31.6,50.881,29.649,112.13
10,Belgian Grand Prix,Haas F1 Team,OCO,40,17,HARD,24,31.861,50.732,29.602,112.195
10,Belgian Grand Prix,Haas F1 Team,OCO,41,17,HARD,25,31.805,50.99,29.692,112.487
10,Belgian Grand Prix,Haas F1 Team,OCO,42,17,HARD,26,31.856,50.896,29.727,112.479
10,Belgian Grand Prix,Haas F1 Team,OCO,43,17,HARD,27,31.858,50.913,29.872,112.643
10,Belgian Grand Prix,Haas F1 Team,OCO,44,17,HARD,28,31.987,50.589,29.324,111.9
10,Belgian Grand Prix,Cadillac,BOT,1,20,SOFT,1,,56.638,64.272,158.877
10,Belgian Grand Prix,Cadillac,BOT,2,20,HARD,1,56.103,61.143,40.573,
10,Belgian Grand Prix,Cadillac,BOT,3,19,HARD,2,38.949,72.213,46.283,
10,Belgian Grand Prix,Cadillac,BOT,4,19,HARD,3,44.09,65.251,40.347,149.688
10,Belgian Grand Prix,Cadillac,BOT,5,21,HARD,4,31.701,54.296,30.854,116.851
10,Belgian Grand Prix,Cadillac,BOT,6,21,HARD,5,32.052,53.8,30.361,116.213
10,Belgian Grand Prix,Cadillac,BOT,7,20,HARD,6,31.499,52.765,30.4,114.664
10,Belgian Grand Prix,Cadillac,BOT,8,19,HARD,7,32.803,52.224,30.094,115.121
10,Belgian Grand Prix,Cadillac,BOT,9,19,HARD,8,31.949,51.533,29.989,113.471
10,Belgian Grand Prix,Cadillac,BOT,10,19,HARD,9,32.006,51.561,29.992,113.559
10,Belgian Grand Prix,Cadillac,BOT,11,19,HARD,10,31.995,51.584,29.892,113.471
10,Belgian Grand Prix,Cadillac,BOT,12,18,HARD,11,32.132,52.312,30.224,114.668
10,Belgian Grand Prix,Cadillac,BOT,13,18,HARD,12,32.36,52.053,30.553,114.966
10,Belgian Grand Prix,Cadillac,BOT,14,18,HARD,13,32.382,52.04,30.363,114.785
10,Belgian Grand Prix,Cadillac,BOT,15,17,HARD,14,32.195,52.457,30.24,114.892
10,Belgian Grand Prix,Cadillac,BOT,16,17,HARD,15,32.169,51.875,30.273,114.317
10,Belgian Grand Prix,Cadillac,BOT,17,16,HARD,16,32.232,51.772,30.133,114.137
10,Belgian Grand Prix,Cadillac,BOT,18,16,HARD,17,41.458,55.132,30.454,127.044
10,Belgian Grand Prix,Cadillac,BOT,19,16,HARD,18,32.225,52.166,30.327,114.718
10,Belgian Grand Prix,Cadillac,BOT,20,16,HARD,19,40.773,67.403,32.36,140.536
10,Belgian Grand Prix,Cadillac,BOT,21,18,HARD,20,32.168,53.857,30.022,116.047
10,Belgian Grand Prix,Cadillac,BOT,22,18,HARD,21,31.991,52.234,30.21,114.435
10,Belgian Grand Prix,Cadillac,BOT,23,18,HARD,22,32.083,52.225,30.411,114.719
10,Belgian Grand Prix,Cadillac,BOT,24,18,HARD,23,32.165,51.998,30.282,114.445
10,Belgian Grand Prix,Cadillac,BOT,25,18,HARD,24,32.146,52.381,30.504,115.031
10,Belgian Grand Prix,Cadillac,BOT,26,18,HARD,25,32.335,52.237,30.262,114.834
10,Belgian Grand Prix,Cadillac,BOT,27,18,HARD,26,32.26,52.413,30.186,114.859
10,Belgian Grand Prix,Cadillac,BOT,28,18,HARD,27,32.123,52.355,30.296,114.774
10,Belgian Grand Prix,Cadillac,BOT,29,18,HARD,28,32.107,52.313,29.98,114.4
10,Belgian Grand Prix,Cadillac,BOT,30,18,HARD,29,32.258,52.174,30.517,114.949
10,Belgian Grand Prix,Cadillac,BOT,31,18,HARD,30,32.148,52.612,30.401,115.161
10,Belgian Grand Prix,Cadillac,BOT,32,18,HARD,31,32.14,52.547,36.558,121.245
10,Belgian Grand Prix,Cadillac,BOT,33,18,SOFT,1,49.063,51.653,29.961,130.677
10,Belgian Grand Prix,Cadillac,BOT,34,18,SOFT,2,31.872,51.933,29.715,113.52
10,Belgian Grand Prix,Cadillac,BOT,35,18,SOFT,3,31.759,50.474,29.778,112.011
10,Belgian Grand Prix,Cadillac,BOT,36,18,SOFT,4,31.916,51.017,29.854,112.787
10,Belgian Grand Prix,Cadillac,BOT,37,18,SOFT,5,32.017,51.056,29.927,113.0
10,Belgian Grand Prix,Cadillac,BOT,38,18,SOFT,6,32.544,53.871,29.847,116.262
10,Belgian Grand Prix,Cadillac,BOT,39,18,SOFT,7,31.681,50.97,29.767,112.418
10,Belgian Grand Prix,Cadillac,BOT,40,18,SOFT,8,31.775,51.002,29.764,112.541
10,Belgian Grand Prix,Cadillac,BOT,41,18,SOFT,9,31.851,50.995,29.808,112.654
10,Belgian Grand Prix,Cadillac,BOT,42,18,SOFT,10,31.974,50.875,29.802,112.651
10,Belgian Grand Prix,Cadillac,BOT,43,18,SOFT,11,31.891,51.03,29.875,112.796
10,Belgian Grand Prix,Aston Martin,ALO,1,17,HARD,1,,56.858,60.124,155.038
10,Belgian Grand Prix,Aston Martin,ALO,2,15,HARD,2,35.842,71.894,47.881,
10,Belgian Grand Prix,Aston Martin,ALO,3,15,HARD,3,40.293,72.34,44.764,
10,Belgian Grand Prix,Aston Martin,ALO,4,15,HARD,4,43.443,68.177,41.882,
10,Belgian Grand Prix,Aston Martin,ALO,5,18,HARD,5,33.166,54.361,30.799,118.326
10,Belgian Grand Prix,Aston Martin,ALO,6,20,HARD,6,32.468,53.466,30.809,116.743
10,Belgian Grand Prix,Aston Martin,ALO,7,21,HARD,7,32.177,53.378,30.693,116.248
10,Belgian Grand Prix,Aston Martin,ALO,8,21,HARD,8,32.443,53.98,30.582,117.005
10,Belgian Grand Prix,Aston Martin,ALO,9,20,HARD,9,32.139,52.213,30.582,114.934
10,Belgian Grand Prix,Aston Martin,ALO,10,20,HARD,10,32.865,52.043,30.396,115.304
10,Belgian Grand Prix,Aston Martin,ALO,11,20,HARD,11,33.035,52.066,30.709,115.81
10,Belgian Grand Prix,Aston Martin,ALO,12,19,HARD,12,32.856,52.205,30.776,115.837
10,Belgian Grand Prix,Aston Martin,ALO,13,19,HARD,13,32.888,52.061,30.71,115.659
10,Belgian Grand Prix,Aston Martin,ALO,14,19,HARD,14,33.056,52.276,30.846,116.178
10,Belgian Grand Prix,Aston Martin,ALO,15,19,HARD,15,33.158,52.273,30.996,116.427
10,Belgian Grand Prix,Aston Martin,ALO,16,19,HARD,16,32.508,52.206,30.605,115.319
10,Belgian Grand Prix,Aston Martin,ALO,17,19,HARD,17,32.881,51.922,34.945,119.748
10,Belgian Grand Prix,Aston Martin,ALO,18,19,HARD,18,40.283,52.197,30.786,123.266
10,Belgian Grand Prix,Aston Martin,ALO,19,19,HARD,19,33.081,51.962,37.577,122.62
10,Belgian Grand Prix,Aston Martin,ALO,20,19,SOFT,1,53.719,60.698,30.761,145.178
10,Belgian Grand Prix,Aston Martin,ALO,21,19,SOFT,2,32.593,50.474,30.61,113.677
10,Belgian Grand Prix,Aston Martin,ALO,22,19,SOFT,3,32.865,50.48,30.82,114.165
10,Belgian Grand Prix,Aston Martin,ALO,23,19,SOFT,4,32.793,50.744,30.922,114.459
10,Belgian Grand Prix,Aston Martin,ALO,24,19,SOFT,5,32.444,51.488,30.823,114.755
10,Belgian Grand Prix,Aston Martin,ALO,25,19,SOFT,6,32.643,50.996,30.649,114.288
10,Belgian Grand Prix,Aston Martin,ALO,26,19,SOFT,7,32.633,51.236,30.688,114.557
10,Belgian Grand Prix,Aston Martin,ALO,27,19,SOFT,8,32.662,52.424,30.992,116.078
10,Belgian Grand Prix,Aston Martin,ALO,28,19,SOFT,9,32.16,54.805,31.781,118.746
10,Belgian Grand Prix,Aston Martin,ALO,29,19,SOFT,10,34.501,56.261,31.279,122.041
10,Belgian Grand Prix,Aston Martin,ALO,30,19,SOFT,11,33.194,52.933,30.744,116.871
10,Belgian Grand Prix,Aston Martin,ALO,31,19,SOFT,12,33.566,52.808,37.75,124.124
10,Belgian Grand Prix,Aston Martin,ALO,32,19,HARD,1,49.867,52.181,30.991,133.039
10,Belgian Grand Prix,Aston Martin,ALO,33,19,HARD,2,32.583,51.18,32.038,115.801
10,Belgian Grand Prix,Aston Martin,ALO,34,19,HARD,3,31.855,50.962,30.131,112.948
10,Belgian Grand Prix,Aston Martin,ALO,35,19,HARD,4,32.725,53.194,31.984,117.903
10,Belgian Grand Prix,Aston Martin,ALO,36,19,HARD,5,32.053,50.582,30.596,113.231
10,Belgian Grand Prix,Aston Martin,ALO,37,19,HARD,6,32.793,52.758,29.857,115.408
10,Belgian Grand Prix,Aston Martin,ALO,38,19,HARD,7,32.875,53.106,30.83,116.811
10,Belgian Grand Prix,Aston Martin,ALO,39,19,HARD,8,32.834,51.956,30.99,115.78
10,Belgian Grand Prix,Aston Martin,ALO,40,19,HARD,9,33.538,53.235,31.253,118.026
10,Belgian Grand Prix,Aston Martin,ALO,41,19,HARD,10,32.726,53.756,30.865,117.347
10,Belgian Grand Prix,Aston Martin,ALO,42,19,HARD,11,32.505,52.402,32.209,117.116
10,Belgian Grand Prix,Aston Martin,STR,1,19,HARD,1,,57.231,61.001,156.53
10,Belgian Grand Prix,Aston Martin,STR,2,16,HARD,2,36.306,71.217,49.002,
10,Belgian Grand Prix,Aston Martin,STR,3,16,HARD,3,39.362,71.948,45.296,
10,Belgian Grand Prix,Aston Martin,STR,4,16,HARD,4,43.833,66.803,41.913,
10,Belgian Grand Prix,Aston Martin,STR,5,17,HARD,5,32.484,53.255,31.188,116.927
10,Belgian Grand Prix,Aston Martin,STR,6,19,HARD,6,32.567,52.03,31.955,116.552
10,Belgian Grand Prix,Aston Martin,STR,7,19,HARD,7,32.298,52.615,30.811,115.724
10,Belgian Grand Prix,Aston Martin,STR,8,20,HARD,8,33.086,54.116,30.753,117.955
10,Belgian Grand Prix,Aston Martin,STR,9,21,HARD,9,32.819,52.904,30.681,116.404
10,Belgian Grand Prix,Aston Martin,STR,10,21,HARD,10,32.534,52.549,30.474,115.557
10,Belgian Grand Prix,Aston Martin,STR,11,21,HARD,11,32.842,52.337,30.424,115.603
10,Belgian Grand Prix,Aston Martin,STR,12,20,HARD,12,33.101,52.367,30.559,116.027
10,Belgian Grand Prix,Aston Martin,STR,13,20,HARD,13,32.826,52.49,30.714,116.03
10,Belgian Grand Prix,Aston Martin,STR,14,20,HARD,14,32.957,52.48,30.848,116.285
10,Belgian Grand Prix,Aston Martin,STR,15,20,HARD,15,32.708,53.261,30.793,116.762
10,Belgian Grand Prix,Aston Martin,STR,16,20,HARD,16,33.167,52.331,30.797,116.295
10,Belgian Grand Prix,Aston Martin,STR,17,20,HARD,17,32.791,52.28,36.653,121.724
10,Belgian Grand Prix,Aston Martin,STR,18,20,SOFT,1,55.237,50.966,30.617,136.82
10,Belgian Grand Prix,Aston Martin,STR,19,20,SOFT,2,32.629,51.225,38.436,122.29
10,Belgian Grand Prix,Aston Martin,STR,20,20,SOFT,3,42.649,60.231,30.847,133.727
10,Belgian Grand Prix,Aston Martin,STR,21,20,SOFT,4,32.465,50.885,30.63,113.98
10,Belgian Grand Prix,Aston Martin,STR,22,20,SOFT,5,32.651,50.954,30.767,114.372
10,Belgian Grand Prix,Aston Martin,STR,23,20,SOFT,6,32.957,51.01,30.818,114.785
10,Belgian Grand Prix,Aston Martin,STR,24,20,SOFT,7,32.691,51.114,30.826,114.631
10,Belgian Grand Prix,Aston Martin,STR,25,20,SOFT,8,32.653,52.963,44.305,129.921
10,Belgian Grand Prix,Cadillac,PER,1,18,HARD,1,,56.924,61.499,155.709
10,Belgian Grand Prix,Cadillac,PER,2,19,SOFT,1,52.713,60.164,46.855,
10,Belgian Grand Prix,Cadillac,PER,3,18,SOFT,2,38.892,71.916,45.472,
10,Belgian Grand Prix,Cadillac,PER,4,18,SOFT,3,43.82,66.485,41.031,
10,Belgian Grand Prix,Cadillac,PER,5,19,SOFT,4,32.344,54.1,30.632,117.076
10,Belgian Grand Prix,Cadillac,PER,6,17,SOFT,5,31.918,52.287,30.301,114.506
10,Belgian Grand Prix,Cadillac,PER,7,18,SOFT,6,32.503,52.203,30.286,114.992
10,Belgian Grand Prix,Cadillac,PER,8,18,SOFT,7,32.158,51.621,30.196,113.975
10,Belgian Grand Prix,Cadillac,PER,9,18,SOFT,8,32.132,51.346,29.999,113.477
10,Belgian Grand Prix,Cadillac,PER,10,18,SOFT,9,32.038,51.237,30.245,113.52
10,Belgian Grand Prix,Cadillac,PER,11,18,SOFT,10,32.046,51.369,30.163,113.578
10,Belgian Grand Prix,Cadillac,PER,12,21,SOFT,11,32.18,55.351,41.625,129.156
10,Belgian Grand Prix,Cadillac,PER,13,21,HARD,2,59.863,60.891,40.135,
10,Belgian Grand Prix,Mercedes,RUS,1,,MEDIUM,1,,,,
11,Hungarian Grand Prix,McLaren,NOR,1,2,MEDIUM,1,,32.05,24.383,91.211
11,Hungarian Grand Prix,McLaren,NOR,2,2,MEDIUM,2,29.822,31.728,24.553,86.103
11,Hungarian Grand Prix,McLaren,NOR,3,2,MEDIUM,3,29.629,31.235,24.443,85.307
11,Hungarian Grand Prix,McLaren,NOR,4,2,MEDIUM,4,29.692,31.177,24.315,85.184
11,Hungarian Grand Prix,McLaren,NOR,5,2,MEDIUM,5,29.832,30.984,24.407,85.223
11,Hungarian Grand Prix,McLaren,NOR,6,2,MEDIUM,6,29.729,30.988,24.374,85.091
11,Hungarian Grand Prix,McLaren,NOR,7,2,MEDIUM,7,29.792,31.1,24.468,85.36
11,Hungarian Grand Prix,McLaren,NOR,8,2,MEDIUM,8,29.875,31.016,24.639,85.53
11,Hungarian Grand Prix,McLaren,NOR,9,2,MEDIUM,9,29.756,31.145,24.293,85.194
11,Hungarian Grand Prix,McLaren,NOR,10,2,MEDIUM,10,29.819,31.09,24.36,85.269
11,Hungarian Grand Prix,McLaren,NOR,11,2,MEDIUM,11,29.778,31.089,24.468,85.335
11,Hungarian Grand Prix,McLaren,NOR,12,2,MEDIUM,12,29.945,31.333,24.441,85.719
11,Hungarian Grand Prix,McLaren,NOR,13,2,MEDIUM,13,29.955,31.297,24.593,85.845
11,Hungarian Grand Prix,McLaren,NOR,14,2,MEDIUM,14,29.838,31.358,24.383,85.579
11,Hungarian Grand Prix,McLaren,NOR,15,2,MEDIUM,15,29.814,31.443,24.356,85.613
11,Hungarian Grand Prix,McLaren,NOR,16,1,MEDIUM,16,29.986,31.422,24.47,85.878
11,Hungarian Grand Prix,McLaren,NOR,17,1,MEDIUM,17,29.89,30.933,27.089,87.912
11,Hungarian Grand Prix,McLaren,NOR,18,4,HARD,1,49.262,31.638,24.412,105.312
11,Hungarian Grand Prix,McLaren,NOR,19,3,HARD,2,29.866,31.423,24.062,85.351
11,Hungarian Grand Prix,McLaren,NOR,20,3,HARD,3,29.403,30.948,24.023,84.374
11,Hungarian Grand Prix,McLaren,NOR,21,3,HARD,4,29.5,30.806,24.043,84.349
11,Hungarian Grand Prix,McLaren,NOR,22,3,HARD,5,29.836,30.865,23.988,84.689
11,Hungarian Grand Prix,McLaren,NOR,23,2,HARD,6,29.543,30.709,24.153,84.405
11,Hungarian Grand Prix,McLaren,NOR,24,2,HARD,7,29.574,30.752,24.17,84.496
11,Hungarian Grand Prix,McLaren,NOR,25,2,HARD,8,29.617,31.207,24.149,84.973
11,Hungarian Grand Prix,McLaren,NOR,26,2,HARD,9,29.702,31.368,24.394,85.464
11,Hungarian Grand Prix,McLaren,NOR,27,2,HARD,10,29.865,31.282,24.385,85.532
11,Hungarian Grand Prix,McLaren,NOR,28,2,HARD,11,29.641,31.181,24.249,85.071
11,Hungarian Grand Prix,McLaren,NOR,29,2,HARD,12,29.822,32.439,24.285,86.546
11,Hungarian Grand Prix,McLaren,NOR,30,2,HARD,13,29.701,31.111,24.429,85.241
11,Hungarian Grand Prix,McLaren,NOR,31,2,HARD,14,29.873,31.146,24.558,85.577
11,Hungarian Grand Prix,McLaren,NOR,32,2,HARD,15,29.732,31.537,24.613,85.882
11,Hungarian Grand Prix,McLaren,NOR,33,1,HARD,16,29.577,31.405,24.432,85.414
11,Hungarian Grand Prix,McLaren,NOR,34,1,HARD,17,29.663,30.867,24.094,84.624
11,Hungarian Grand Prix,McLaren,NOR,35,1,HARD,18,29.655,30.979,24.034,84.668
11,Hungarian Grand Prix,McLaren,NOR,36,1,HARD,19,29.578,30.899,24.259,84.736
11,Hungarian Grand Prix,McLaren,NOR,37,1,HARD,20,29.599,30.844,24.018,84.461
11,Hungarian Grand Prix,McLaren,NOR,38,1,HARD,21,29.584,30.909,24.014,84.507
11,Hungarian Grand Prix,McLaren,NOR,39,1,HARD,22,29.573,31.045,26.819,87.437
11,Hungarian Grand Prix,McLaren,NOR,40,3,HARD,1,48.524,30.495,23.577,102.596
11,Hungarian Grand Prix,McLaren,NOR,41,3,HARD,2,29.228,29.976,23.514,82.718
11,Hungarian Grand Prix,McLaren,NOR,42,2,HARD,3,29.131,30.139,23.781,83.051
11,Hungarian Grand Prix,McLaren,NOR,43,2,HARD,4,29.285,30.262,23.615,83.162
11,Hungarian Grand Prix,McLaren,NOR,44,2,HARD,5,29.09,30.452,23.85,83.392
11,Hungarian Grand Prix,McLaren,NOR,45,2,HARD,6,29.247,31.288,24.011,84.546
11,Hungarian Grand Prix,McLaren,NOR,46,1,HARD,7,29.22,30.383,23.82,83.423
11,Hungarian Grand Prix,McLaren,NOR,47,1,HARD,8,29.11,30.277,23.982,83.369
11,Hungarian Grand Prix,McLaren,NOR,48,1,HARD,9,29.434,30.852,24.135,84.421
11,Hungarian Grand Prix,McLaren,NOR,49,1,HARD,10,29.458,30.562,23.957,83.977
11,Hungarian Grand Prix,McLaren,NOR,50,1,HARD,11,29.302,30.579,23.902,83.783
11,Hungarian Grand Prix,McLaren,NOR,51,1,HARD,12,29.294,30.542,23.944,83.78
11,Hungarian Grand Prix,McLaren,NOR,52,1,HARD,13,29.562,30.734,23.824,84.12
11,Hungarian Grand Prix,McLaren,NOR,53,1,HARD,14,29.287,30.486,24.17,83.943
11,Hungarian Grand Prix,McLaren,NOR,54,1,HARD,15,29.537,30.731,24.169,84.437
11,Hungarian Grand Prix,McLaren,NOR,55,1,HARD,16,29.457,30.793,23.897,84.147
11,Hungarian Grand Prix,McLaren,NOR,56,1,HARD,17,29.483,31.064,31.797,92.344
11,Hungarian Grand Prix,McLaren,NOR,57,1,SOFT,4,57.46,30.552,23.042,111.054
11,Hungarian Grand Prix,McLaren,NOR,58,1,SOFT,5,28.891,30.257,23.78,82.928
11,Hungarian Grand Prix,McLaren,NOR,59,1,SOFT,6,29.341,30.357,23.973,83.671
11,Hungarian Grand Prix,McLaren,NOR,60,1,SOFT,7,29.179,30.782,23.655,83.616
11,Hungarian Grand Prix,McLaren,NOR,61,1,SOFT,8,29.267,29.852,23.443,82.562
11,Hungarian Grand Prix,McLaren,NOR,62,1,SOFT,9,29.025,30.054,23.58,82.659
11,Hungarian Grand Prix,McLaren,NOR,63,1,SOFT,10,28.844,30.232,23.646,82.722
11,Hungarian Grand Prix,McLaren,NOR,64,1,SOFT,11,28.858,30.187,23.446,82.491
11,Hungarian Grand Prix,McLaren,NOR,65,1,SOFT,12,29.178,30.345,23.581,83.104
11,Hungarian Grand Prix,McLaren,NOR,66,1,SOFT,13,28.927,30.282,23.692,82.901
11,Hungarian Grand Prix,McLaren,NOR,67,1,SOFT,14,29.261,30.223,23.532,83.016
11,Hungarian Grand Prix,McLaren,NOR,68,1,SOFT,15,28.987,30.17,23.639,82.796
11,Hungarian Grand Prix,McLaren,NOR,69,1,SOFT,16,29.079,30.457,23.828,83.364
11,Hungarian Grand Prix,McLaren,NOR,70,1,SOFT,17,29.105,30.486,24.034,83.625
11,Hungarian Grand Prix,Alpine,GAS,1,11,MEDIUM,1,,34.25,24.927,96.301
11,Hungarian Grand Prix,Alpine,GAS,2,11,MEDIUM,2,30.526,32.941,25.117,88.584
11,Hungarian Grand Prix,Alpine,GAS,3,11,MEDIUM,3,29.771,32.479,24.875,87.125
11,Hungarian Grand Prix,Alpine,GAS,4,11,MEDIUM,4,30.035,32.471,25.075,87.581
11,Hungarian Grand Prix,Alpine,GAS,5,11,MEDIUM,5,29.844,32.215,25.068,87.127
11,Hungarian Grand Prix,Alpine,GAS,6,11,MEDIUM,6,30.151,32.151,25.113,87.415
11,Hungarian Grand Prix,Alpine,GAS,7,11,MEDIUM,7,30.083,32.228,25.157,87.468
11,Hungarian Grand Prix,Alpine,GAS,8,11,MEDIUM,8,29.909,32.109,25.197,87.215
11,Hungarian Grand Prix,Alpine,GAS,9,11,MEDIUM,9,30.09,32.166,25.105,87.361
11,Hungarian Grand Prix,Alpine,GAS,10,11,MEDIUM,10,30.285,32.019,25.181,87.485
11,Hungarian Grand Prix,Alpine,GAS,11,11,MEDIUM,11,30.465,32.399,25.381,88.245
11,Hungarian Grand Prix,Alpine,GAS,12,12,MEDIUM,12,30.929,32.766,25.421,89.116
11,Hungarian Grand Prix,Alpine,GAS,13,12,MEDIUM,13,30.655,32.682,25.259,88.596
11,Hungarian Grand Prix,Alpine,GAS,14,12,MEDIUM,14,29.984,32.283,25.255,87.522
11,Hungarian Grand Prix,Alpine,GAS,15,12,MEDIUM,15,30.242,32.516,25.325,88.083
11,Hungarian Grand Prix,Alpine,GAS,16,13,MEDIUM,16,30.441,32.498,28.164,91.103
11,Hungarian Grand Prix,Alpine,GAS,17,18,HARD,1,48.725,31.803,24.62,105.148
11,Hungarian Grand Prix,Alpine,GAS,18,17,HARD,2,29.596,32.083,25.077,86.756
11,Hungarian Grand Prix,Alpine,GAS,19,15,HARD,3,29.553,31.527,24.558,85.638
11,Hungarian Grand Prix,Alpine,GAS,20,15,HARD,4,29.599,31.608,24.785,85.992
11,Hungarian Grand Prix,Alpine,GAS,21,15,HARD,5,29.691,31.935,24.763,86.389
11,Hungarian Grand Prix,Alpine,GAS,22,14,HARD,6,29.94,31.648,24.764,86.352
11,Hungarian Grand Prix,Alpine,GAS,23,14,HARD,7,29.797,31.973,24.858,86.628
11,Hungarian Grand Prix,Alpine,GAS,24,14,HARD,8,29.84,31.895,24.901,86.636
11,Hungarian Grand Prix,Alpine,GAS,25,14,HARD,9,29.825,31.956,25.03,86.811
11,Hungarian Grand Prix,Alpine,GAS,26,13,HARD,10,30.022,32.273,25.043,87.338
11,Hungarian Grand Prix,Alpine,GAS,27,13,HARD,11,30.232,31.704,24.8,86.736
11,Hungarian Grand Prix,Alpine,GAS,28,13,HARD,12,30.168,32.03,25.209,87.407
11,Hungarian Grand Prix,Alpine,GAS,29,13,HARD,13,29.925,32.123,25.09,87.138
11,Hungarian Grand Prix,Alpine,GAS,30,12,HARD,14,30.02,31.815,24.933,86.768
11,Hungarian Grand Prix,Alpine,GAS,31,12,HARD,15,29.794,31.719,25.057,86.57
11,Hungarian Grand Prix,Alpine,GAS,32,12,HARD,16,29.869,31.909,25.129,86.907
11,Hungarian Grand Prix,Alpine,GAS,33,12,HARD,17,30.058,31.821,25.003,86.882
11,Hungarian Grand Prix,Alpine,GAS,34,12,HARD,18,29.932,32.067,24.889,86.888
11,Hungarian Grand Prix,Alpine,GAS,35,12,HARD,19,29.977,31.967,25.076,87.02
11,Hungarian Grand Prix,Alpine,GAS,36,12,HARD,20,30.117,32.224,25.197,87.538
11,Hungarian Grand Prix,Alpine,GAS,37,12,HARD,21,29.967,32.772,25.349,88.088
11,Hungarian Grand Prix,Alpine,GAS,38,13,HARD,22,30.95,32.916,25.386,89.252
11,Hungarian Grand Prix,Alpine,GAS,39,13,HARD,23,30.13,32.655,27.991,90.776
11,Hungarian Grand Prix,Alpine,GAS,40,13,HARD,1,49.673,33.489,25.393,108.555
11,Hungarian Grand Prix,Alpine,GAS,41,13,HARD,2,29.45,31.556,24.338,85.344
11,Hungarian Grand Prix,Alpine,GAS,42,13,HARD,3,29.334,31.21,24.319,84.863
11,Hungarian Grand Prix,Alpine,GAS,43,13,HARD,4,29.554,31.32,24.49,85.364
11,Hungarian Grand Prix,Alpine,GAS,44,13,HARD,5,29.315,31.248,24.463,85.026
11,Hungarian Grand Prix,Alpine,GAS,45,13,HARD,6,29.407,31.277,24.637,85.321
11,Hungarian Grand Prix,Alpine,GAS,46,13,HARD,7,29.445,31.297,24.493,85.235
11,Hungarian Grand Prix,Alpine,GAS,47,13,HARD,8,31.181,32.318,25.734,89.233
11,Hungarian Grand Prix,Alpine,GAS,48,13,HARD,9,29.727,31.66,24.656,86.043
11,Hungarian Grand Prix,Alpine,GAS,49,13,HARD,10,29.584,31.428,24.818,85.83
11,Hungarian Grand Prix,Alpine,GAS,50,13,HARD,11,29.532,31.513,24.584,85.629
11,Hungarian Grand Prix,Alpine,GAS,51,13,HARD,12,29.641,31.417,24.527,85.585
11,Hungarian Grand Prix,Alpine,GAS,52,13,HARD,13,29.537,31.321,24.663,85.521
11,Hungarian Grand Prix,Alpine,GAS,53,13,HARD,14,29.898,31.496,24.806,86.2
11,Hungarian Grand Prix,Alpine,GAS,54,13,HARD,15,29.62,31.373,24.604,85.597
11,Hungarian Grand Prix,Alpine,GAS,55,13,HARD,16,30.211,40.038,31.934,102.183
11,Hungarian Grand Prix,Alpine,GAS,56,13,SOFT,1,48.202,30.992,23.679,102.873
11,Hungarian Grand Prix,Alpine,GAS,57,13,SOFT,2,28.687,30.422,23.762,82.871
11,Hungarian Grand Prix,Alpine,GAS,58,13,SOFT,3,28.843,30.566,23.938,83.347
11,Hungarian Grand Prix,Alpine,GAS,59,13,SOFT,4,28.862,30.76,24.0,83.622
11,Hungarian Grand Prix,Alpine,GAS,60,13,SOFT,5,29.256,31.296,24.283,84.835
11,Hungarian Grand Prix,Alpine,GAS,61,12,SOFT,6,29.224,30.719,24.299,84.242
11,Hungarian Grand Prix,Alpine,GAS,62,12,SOFT,7,29.465,30.772,24.343,84.58
11,Hungarian Grand Prix,Alpine,GAS,63,12,SOFT,8,29.26,30.989,24.495,84.744
11,Hungarian Grand Prix,Alpine,GAS,64,12,SOFT,9,29.173,30.827,24.12,84.12
11,Hungarian Grand Prix,Alpine,GAS,65,12,SOFT,10,29.334,30.85,24.204,84.388
11,Hungarian Grand Prix,Alpine,GAS,66,12,SOFT,11,29.363,30.932,24.538,84.833
11,Hungarian Grand Prix,Alpine,GAS,67,12,SOFT,12,29.491,30.878,24.5,84.869
11,Hungarian Grand Prix,Alpine,GAS,68,12,SOFT,13,29.537,31.026,24.506,85.069
11,Hungarian Grand Prix,Alpine,GAS,69,12,SOFT,14,29.316,31.481,24.905,85.702
11,Hungarian Grand Prix,Cadillac,PER,1,22,MEDIUM,1,,33.421,25.48,101.266
11,Hungarian Grand Prix,Cadillac,PER,2,22,MEDIUM,2,30.899,33.769,25.828,90.496
11,Hungarian Grand Prix,Cadillac,PER,3,22,MEDIUM,3,30.679,33.029,25.317,89.025
11,Hungarian Grand Prix,Cadillac,PER,4,22,MEDIUM,4,30.516,32.764,25.343,88.623
11,Hungarian Grand Prix,Cadillac,PER,5,22,MEDIUM,5,30.761,32.616,25.408,88.785
11,Hungarian Grand Prix,Cadillac,PER,6,22,MEDIUM,6,30.624,33.0,25.459,89.083
11,Hungarian Grand Prix,Cadillac,PER,7,22,MEDIUM,7,30.924,32.894,25.427,89.245
11,Hungarian Grand Prix,Cadillac,PER,8,22,MEDIUM,8,30.765,33.019,25.424,89.208
11,Hungarian Grand Prix,Cadillac,PER,9,21,MEDIUM,9,30.961,32.966,25.368,89.295
11,Hungarian Grand Prix,Cadillac,PER,10,21,MEDIUM,10,31.062,33.037,25.528,89.627
11,Hungarian Grand Prix,Cadillac,PER,11,21,MEDIUM,11,31.204,32.971,25.374,89.549
11,Hungarian Grand Prix,Cadillac,PER,12,21,MEDIUM,12,31.132,33.072,25.49,89.694
11,Hungarian Grand Prix,Cadillac,PER,13,21,MEDIUM,13,30.885,32.941,25.545,89.371
11,Hungarian Grand Prix,Cadillac,PER,14,20,MEDIUM,14,30.867,33.008,25.467,89.342
11,Hungarian Grand Prix,Cadillac,PER,15,20,MEDIUM,15,31.012,33.286,25.421,89.719
11,Hungarian Grand Prix,Cadillac,PER,16,21,MEDIUM,16,31.514,33.69,26.083,91.287
11,Hungarian Grand Prix,Cadillac,PER,17,21,MEDIUM,17,31.073,33.444,25.69,90.207
11,Hungarian Grand Prix,Cadillac,PER,18,21,MEDIUM,18,30.876,33.125,25.555,89.556
11,Hungarian Grand Prix,Cadillac,PER,19,21,MEDIUM,19,30.944,33.351,25.628,89.923
11,Hungarian Grand Prix,Cadillac,PER,20,21,MEDIUM,20,30.699,33.229,25.407,89.335
11,Hungarian Grand Prix,Cadillac,PER,21,21,MEDIUM,21,30.858,33.186,28.294,92.338
11,Hungarian Grand Prix,Cadillac,PER,22,21,None,,50.72,32.557,25.474,108.751
11,Hungarian Grand Prix,Cadillac,PER,23,21,None,,29.802,32.012,24.528,86.342
11,Hungarian Grand Prix,Cadillac,PER,24,21,None,,30.09,32.369,24.9,87.359
11,Hungarian Grand Prix,Cadillac,PER,25,21,None,,30.132,32.271,24.843,87.246
11,Hungarian Grand Prix,Cadillac,PER,26,21,None,,30.553,32.386,24.918,87.857
11,Hungarian Grand Prix,Cadillac,PER,27,21,None,,30.387,32.436,24.91,87.733
11,Hungarian Grand Prix,Cadillac,PER,28,21,None,,30.277,32.254,24.827,87.358
11,Hungarian Grand Prix,Cadillac,PER,29,21,None,,32.199,32.542,24.839,89.58
11,Hungarian Grand Prix,Cadillac,PER,30,21,None,,30.593,32.334,24.794,87.721
11,Hungarian Grand Prix,Cadillac,PER,31,21,None,,30.418,32.274,24.907,87.599
11,Hungarian Grand Prix,Cadillac,PER,32,21,None,,30.486,32.193,24.813,87.492
11,Hungarian Grand Prix,Cadillac,PER,33,21,None,,30.475,32.578,26.448,89.501
11,Hungarian Grand Prix,Cadillac,PER,34,21,None,,30.436,32.639,24.918,87.993
11,Hungarian Grand Prix,Cadillac,PER,35,21,None,,30.248,32.376,25.079,87.703
11,Hungarian Grand Prix,Cadillac,PER,36,21,None,,30.315,32.389,25.146,87.85
11,Hungarian Grand Prix,Cadillac,PER,37,21,None,,30.309,32.496,24.943,87.748
11,Hungarian Grand Prix,Cadillac,PER,38,21,None,,30.357,32.463,25.017,87.837
11,Hungarian Grand Prix,Cadillac,PER,39,21,None,,30.402,32.479,24.887,87.768
11,Hungarian Grand Prix,Cadillac,PER,40,21,None,,30.657,32.618,25.222,88.497
11,Hungarian Grand Prix,Cadillac,PER,41,21,None,,32.628,33.667,27.239,93.534
11,Hungarian Grand Prix,Cadillac,PER,42,21,None,,30.517,32.768,25.231,88.516
11,Hungarian Grand Prix,Cadillac,PER,43,21,None,,30.834,32.74,26.522,90.096
11,Hungarian Grand Prix,Cadillac,PER,44,21,None,,30.478,32.767,25.384,88.629
11,Hungarian Grand Prix,Cadillac,PER,45,21,None,,30.48,32.726,26.523,89.729
11,Hungarian Grand Prix,Cadillac,PER,46,21,None,,31.814,33.497,28.8,94.111
11,Hungarian Grand Prix,Cadillac,PER,47,21,SOFT,1,53.113,31.768,26.539,111.42
11,Hungarian Grand Prix,Cadillac,PER,48,21,SOFT,2,29.881,59.299,50.818,139.998
11,Hungarian Grand Prix,Mercedes,ANT,1,6,MEDIUM,1,,33.559,24.572,93.893
11,Hungarian Grand Prix,Mercedes,ANT,2,6,MEDIUM,2,29.876,31.415,24.628,85.919
11,Hungarian Grand Prix,Mercedes,ANT,3,6,MEDIUM,3,29.646,31.626,24.658,85.93
11,Hungarian Grand Prix,Mercedes,ANT,4,6,MEDIUM,4,29.624,31.435,24.581,85.64
11,Hungarian Grand Prix,Mercedes,ANT,5,6,MEDIUM,5,29.903,31.325,24.589,85.817
11,Hungarian Grand Prix,Mercedes,ANT,6,6,MEDIUM,6,29.733,31.305,24.598,85.636
11,Hungarian Grand Prix,Mercedes,ANT,7,6,MEDIUM,7,29.621,31.417,24.713,85.751
11,Hungarian Grand Prix,Mercedes,ANT,8,6,MEDIUM,8,29.585,31.484,24.664,85.733
11,Hungarian Grand Prix,Mercedes,ANT,9,6,MEDIUM,9,29.678,31.237,24.576,85.491
11,Hungarian Grand Prix,Mercedes,ANT,10,6,MEDIUM,10,29.691,31.253,24.558,85.502
11,Hungarian Grand Prix,Mercedes,ANT,11,6,MEDIUM,11,30.041,31.27,24.661,85.972
11,Hungarian Grand Prix,Mercedes,ANT,12,6,MEDIUM,12,29.951,31.569,24.546,86.066
11,Hungarian Grand Prix,Mercedes,ANT,13,6,MEDIUM,13,29.99,31.491,24.682,86.163
11,Hungarian Grand Prix,Mercedes,ANT,14,5,MEDIUM,14,29.96,31.38,24.74,86.08
11,Hungarian Grand Prix,Mercedes,ANT,15,4,MEDIUM,15,29.958,31.42,24.674,86.052
11,Hungarian Grand Prix,Mercedes,ANT,16,3,MEDIUM,16,29.908,31.465,24.601,85.974
11,Hungarian Grand Prix,Mercedes,ANT,17,2,MEDIUM,17,29.855,31.267,24.648,85.77
11,Hungarian Grand Prix,Mercedes,ANT,18,1,MEDIUM,18,29.866,31.255,24.433,85.554
11,Hungarian Grand Prix,Mercedes,ANT,19,1,MEDIUM,19,29.887,31.253,24.492,85.632
11,Hungarian Grand Prix,Mercedes,ANT,20,1,MEDIUM,20,29.716,31.224,24.57,85.51
11,Hungarian Grand Prix,Mercedes,ANT,21,1,MEDIUM,21,29.81,31.291,24.601,85.702
11,Hungarian Grand Prix,Mercedes,ANT,22,1,MEDIUM,22,30.002,31.576,26.932,88.51
11,Hungarian Grand Prix,Mercedes,ANT,23,6,HARD,1,49.037,31.453,24.048,104.538
11,Hungarian Grand Prix,Mercedes,ANT,24,6,HARD,2,29.266,30.812,24.041,84.119
11,Hungarian Grand Prix,Mercedes,ANT,25,6,HARD,3,29.375,30.947,24.122,84.444
11,Hungarian Grand Prix,Mercedes,ANT,26,6,HARD,4,29.396,30.785,24.317,84.498
11,Hungarian Grand Prix,Mercedes,ANT,27,6,HARD,5,29.69,31.243,24.362,85.295
11,Hungarian Grand Prix,Mercedes,ANT,28,6,HARD,6,29.48,31.13,24.24,84.85
11,Hungarian Grand Prix,Mercedes,ANT,29,6,HARD,7,29.602,31.342,24.269,85.213
11,Hungarian Grand Prix,Mercedes,ANT,30,5,HARD,8,29.671,31.34,24.25,85.261
11,Hungarian Grand Prix,Mercedes,ANT,31,5,HARD,9,29.688,31.214,24.237,85.139
11,Hungarian Grand Prix,Mercedes,ANT,32,5,HARD,10,29.666,31.165,24.376,85.207
11,Hungarian Grand Prix,Mercedes,ANT,33,5,HARD,11,29.689,31.37,24.489,85.548
11,Hungarian Grand Prix,Mercedes,ANT,34,4,HARD,12,29.741,31.563,24.788,86.092
11,Hungarian Grand Prix,Mercedes,ANT,35,4,HARD,13,29.818,31.856,24.591,86.265
11,Hungarian Grand Prix,Mercedes,ANT,36,3,HARD,14,29.998,31.615,24.236,85.849
11,Hungarian Grand Prix,Mercedes,ANT,37,3,HARD,15,29.535,31.086,24.111,84.732
11,Hungarian Grand Prix,Mercedes,ANT,38,3,HARD,16,29.644,31.096,24.214,84.954
11,Hungarian Grand Prix,Mercedes,ANT,39,3,HARD,17,29.567,31.01,24.36,84.937
11,Hungarian Grand Prix,Mercedes,ANT,40,2,HARD,18,29.579,31.023,24.19,84.792
11,Hungarian Grand Prix,Mercedes,ANT,41,1,HARD,19,29.673,30.969,24.067,84.709
11,Hungarian Grand Prix,Mercedes,ANT,42,1,HARD,20,29.648,30.832,24.272,84.752
11,Hungarian Grand Prix,Mercedes,ANT,43,1,HARD,21,29.598,31.122,24.095,84.815
11,Hungarian Grand Prix,Mercedes,ANT,44,1,HARD,22,29.577,30.878,24.184,84.639
11,Hungarian Grand Prix,Mercedes,ANT,45,1,HARD,23,29.523,30.901,24.139,84.563
11,Hungarian Grand Prix,Mercedes,ANT,46,2,HARD,24,30.339,31.527,24.438,86.304
11,Hungarian Grand Prix,Mercedes,ANT,47,2,HARD,25,29.519,31.006,24.31,84.835
11,Hungarian Grand Prix,Mercedes,ANT,48,2,HARD,26,29.596,30.901,24.176,84.673
11,Hungarian Grand Prix,Mercedes,ANT,49,2,HARD,27,29.606,30.96,24.316,84.882
11,Hungarian Grand Prix,Mercedes,ANT,50,2,HARD,28,29.567,30.91,24.36,84.837
11,Hungarian Grand Prix,Mercedes,ANT,51,2,HARD,29,29.548,30.989,24.29,84.827
11,Hungarian Grand Prix,Mercedes,ANT,52,2,HARD,30,29.515,31.071,24.231,84.817
11,Hungarian Grand Prix,Mercedes,ANT,53,2,HARD,31,29.5,30.951,26.606,87.057
11,Hungarian Grand Prix,Mercedes,ANT,54,6,HARD,1,48.114,30.38,23.526,102.02
11,Hungarian Grand Prix,Mercedes,ANT,55,6,HARD,2,28.946,30.018,23.544,82.508
11,Hungarian Grand Prix,Mercedes,ANT,56,5,HARD,3,29.424,39.715,30.563,99.702
11,Hungarian Grand Prix,Mercedes,ANT,57,4,HARD,4,37.758,30.945,23.518,92.221
11,Hungarian Grand Prix,Mercedes,ANT,58,3,HARD,5,28.806,30.13,23.479,82.415
11,Hungarian Grand Prix,Mercedes,ANT,59,3,HARD,6,28.715,30.118,23.594,82.427
11,Hungarian Grand Prix,Mercedes,ANT,60,3,HARD,7,28.762,30.15,23.767,82.679
11,Hungarian Grand Prix,Mercedes,ANT,61,3,HARD,8,28.849,30.129,23.786,82.764
11,Hungarian Grand Prix,Mercedes,ANT,62,3,HARD,9,29.203,30.703,24.843,84.749
11,Hungarian Grand Prix,Mercedes,ANT,63,3,HARD,10,29.201,31.727,24.136,85.064
11,Hungarian Grand Prix,Mercedes,ANT,64,3,HARD,11,29.209,30.84,23.864,83.913
11,Hungarian Grand Prix,Mercedes,ANT,65,3,HARD,12,29.032,30.125,23.81,82.967
11,Hungarian Grand Prix,Mercedes,ANT,66,3,HARD,13,28.952,30.341,23.769,83.062
11,Hungarian Grand Prix,Mercedes,ANT,67,3,HARD,14,29.04,30.193,23.708,82.941
11,Hungarian Grand Prix,Mercedes,ANT,68,3,HARD,15,29.024,30.062,23.964,83.05
11,Hungarian Grand Prix,Mercedes,ANT,69,3,HARD,16,29.117,30.141,23.956,83.214
11,Hungarian Grand Prix,Mercedes,ANT,70,3,HARD,17,29.053,30.514,23.905,83.472
11,Hungarian Grand Prix,Aston Martin,ALO,1,15,SOFT,1,,34.71,25.348,98.187
11,Hungarian Grand Prix,Aston Martin,ALO,2,15,SOFT,2,30.385,33.203,25.313,88.901
11,Hungarian Grand Prix,Aston Martin,ALO,3,15,SOFT,3,30.24,32.599,25.044,87.883
11,Hungarian Grand Prix,Aston Martin,ALO,4,15,SOFT,4,30.521,32.288,25.212,88.021
11,Hungarian Grand Prix,Aston Martin,ALO,5,16,SOFT,5,31.278,32.586,25.426,89.29
11,Hungarian Grand Prix,Aston Martin,ALO,6,16,SOFT,6,30.498,31.845,24.919,87.262
11,Hungarian Grand Prix,Aston Martin,ALO,7,16,SOFT,7,30.276,32.036,25.183,87.495
11,Hungarian Grand Prix,Aston Martin,ALO,8,16,SOFT,8,30.339,32.201,25.138,87.678
11,Hungarian Grand Prix,Aston Martin,ALO,9,16,SOFT,9,30.594,32.376,25.179,88.149
11,Hungarian Grand Prix,Aston Martin,ALO,10,16,SOFT,10,30.568,32.278,25.041,87.887
11,Hungarian Grand Prix,Aston Martin,ALO,11,16,SOFT,11,30.564,32.372,25.272,88.208
11,Hungarian Grand Prix,Aston Martin,ALO,12,16,SOFT,12,30.778,32.337,25.101,88.216
11,Hungarian Grand Prix,Aston Martin,ALO,13,16,SOFT,13,30.747,32.508,25.072,88.327
11,Hungarian Grand Prix,Aston Martin,ALO,14,16,SOFT,14,30.65,32.778,25.349,88.777
11,Hungarian Grand Prix,Aston Martin,ALO,15,15,SOFT,15,30.722,32.795,25.017,88.534
11,Hungarian Grand Prix,Aston Martin,ALO,16,15,SOFT,16,30.432,32.248,25.003,87.683
11,Hungarian Grand Prix,Aston Martin,ALO,17,13,SOFT,17,30.45,32.373,25.033,87.856
11,Hungarian Grand Prix,Aston Martin,ALO,18,13,SOFT,18,30.341,32.058,24.787,87.186
11,Hungarian Grand Prix,Aston Martin,ALO,19,13,SOFT,19,30.525,32.076,24.934,87.535
11,Hungarian Grand Prix,Aston Martin,ALO,20,12,SOFT,20,30.407,32.161,24.947,87.515
11,Hungarian Grand Prix,Aston Martin,ALO,21,11,SOFT,21,30.411,32.141,25.007,87.559
11,Hungarian Grand Prix,Aston Martin,ALO,22,10,SOFT,22,30.408,32.092,24.863,87.363
11,Hungarian Grand Prix,Aston Martin,ALO,23,10,SOFT,23,30.346,32.239,24.962,87.547
11,Hungarian Grand Prix,Aston Martin,ALO,24,11,SOFT,24,31.03,32.546,25.011,88.587
11,Hungarian Grand Prix,Aston Martin,ALO,25,12,SOFT,25,31.288,32.693,25.14,89.121
11,Hungarian Grand Prix,Aston Martin,ALO,26,14,SOFT,26,30.846,32.641,26.289,89.776
11,Hungarian Grand Prix,Aston Martin,ALO,27,14,SOFT,27,30.576,32.384,25.003,87.963
11,Hungarian Grand Prix,Aston Martin,ALO,28,14,SOFT,28,30.539,32.308,25.278,88.125
11,Hungarian Grand Prix,Aston Martin,ALO,29,14,SOFT,29,30.553,32.52,25.194,88.267
11,Hungarian Grand Prix,Aston Martin,ALO,30,13,SOFT,30,30.461,32.361,25.36,88.182
11,Hungarian Grand Prix,Aston Martin,ALO,31,13,SOFT,31,30.672,32.403,25.185,88.26
11,Hungarian Grand Prix,Aston Martin,ALO,32,13,SOFT,32,30.63,32.399,25.23,88.259
11,Hungarian Grand Prix,Aston Martin,ALO,33,14,SOFT,33,31.124,32.64,25.22,88.984
11,Hungarian Grand Prix,Aston Martin,ALO,34,14,SOFT,34,30.692,32.77,28.07,91.532
11,Hungarian Grand Prix,Aston Martin,ALO,35,19,MEDIUM,1,49.103,31.679,24.528,105.31
11,Hungarian Grand Prix,Aston Martin,ALO,36,17,MEDIUM,2,30.344,32.042,24.875,87.261
11,Hungarian Grand Prix,Aston Martin,ALO,37,16,MEDIUM,3,29.903,31.465,24.135,85.503
11,Hungarian Grand Prix,Aston Martin,ALO,38,14,MEDIUM,4,29.965,31.696,25.406,87.067
11,Hungarian Grand Prix,Aston Martin,ALO,39,14,MEDIUM,5,30.92,31.679,24.445,87.044
11,Hungarian Grand Prix,Aston Martin,ALO,40,14,MEDIUM,6,29.957,31.353,24.283,85.593
11,Hungarian Grand Prix,Aston Martin,ALO,41,14,MEDIUM,7,29.891,31.172,24.59,85.653
11,Hungarian Grand Prix,Aston Martin,ALO,42,14,MEDIUM,8,29.837,31.431,24.498,85.766
11,Hungarian Grand Prix,Aston Martin,ALO,43,14,MEDIUM,9,30.379,31.64,24.538,86.557
11,Hungarian Grand Prix,Aston Martin,ALO,44,14,MEDIUM,10,31.783,31.921,24.505,88.209
11,Hungarian Grand Prix,Aston Martin,ALO,45,14,MEDIUM,11,29.837,31.487,24.469,85.793
11,Hungarian Grand Prix,Aston Martin,ALO,46,14,MEDIUM,12,29.922,31.33,24.475,85.727
11,Hungarian Grand Prix,Aston Martin,ALO,47,14,MEDIUM,13,29.946,31.429,24.736,86.111
11,Hungarian Grand Prix,Aston Martin,ALO,48,14,MEDIUM,14,30.137,31.231,24.56,85.928
11,Hungarian Grand Prix,Aston Martin,ALO,49,14,MEDIUM,15,30.173,31.377,24.619,86.169
11,Hungarian Grand Prix,Aston Martin,ALO,50,14,MEDIUM,16,29.976,31.12,24.401,85.497
11,Hungarian Grand Prix,Aston Martin,ALO,51,14,MEDIUM,17,29.999,31.165,24.536,85.7
11,Hungarian Grand Prix,Aston Martin,ALO,52,14,MEDIUM,18,29.872,31.251,24.698,85.821
11,Hungarian Grand Prix,Aston Martin,ALO,53,14,MEDIUM,19,30.169,31.296,24.679,86.144
11,Hungarian Grand Prix,Aston Martin,ALO,54,14,MEDIUM,20,30.037,31.514,24.854,86.405
11,Hungarian Grand Prix,Aston Martin,ALO,55,15,MEDIUM,21,33.216,40.812,31.752,105.78
11,Hungarian Grand Prix,Aston Martin,ALO,56,15,SOFT,4,49.075,30.946,24.088,104.109
11,Hungarian Grand Prix,Aston Martin,ALO,57,15,SOFT,5,29.218,30.653,23.808,83.679
11,Hungarian Grand Prix,Aston Martin,ALO,58,15,SOFT,6,29.368,30.437,23.906,83.711
11,Hungarian Grand Prix,Aston Martin,ALO,59,15,SOFT,7,29.398,31.362,23.988,84.748
11,Hungarian Grand Prix,Aston Martin,ALO,60,14,SOFT,8,29.414,30.579,24.086,84.079
11,Hungarian Grand Prix,Aston Martin,ALO,61,14,SOFT,9,29.655,30.638,24.163,84.456
11,Hungarian Grand Prix,Aston Martin,ALO,62,14,SOFT,10,29.597,30.828,24.622,85.047
11,Hungarian Grand Prix,Aston Martin,ALO,63,14,SOFT,11,31.164,30.984,24.052,86.2
11,Hungarian Grand Prix,Aston Martin,ALO,64,14,SOFT,12,29.542,30.476,24.015,84.033
11,Hungarian Grand Prix,Aston Martin,ALO,65,14,SOFT,13,29.766,30.853,24.063,84.682
11,Hungarian Grand Prix,Aston Martin,ALO,66,14,SOFT,14,29.557,30.528,24.204,84.289
11,Hungarian Grand Prix,Aston Martin,ALO,67,14,SOFT,15,29.754,30.635,24.295,84.684
11,Hungarian Grand Prix,Aston Martin,ALO,68,14,SOFT,16,29.694,30.691,24.264,84.649
11,Hungarian Grand Prix,Aston Martin,ALO,69,14,SOFT,17,29.607,30.7,24.406,84.713
11,Hungarian Grand Prix,Ferrari,LEC,1,5,SOFT,4,,33.183,24.397,93.063
11,Hungarian Grand Prix,Ferrari,LEC,2,5,SOFT,5,29.765,31.729,24.422,85.916
11,Hungarian Grand Prix,Ferrari,LEC,3,5,SOFT,6,29.677,31.544,24.458,85.679
11,Hungarian Grand Prix,Ferrari,LEC,4,5,SOFT,7,29.584,31.537,24.58,85.701
11,Hungarian Grand Prix,Ferrari,LEC,5,5,SOFT,8,29.812,31.397,24.602,85.811
11,Hungarian Grand Prix,Ferrari,LEC,6,5,SOFT,9,29.658,31.342,24.434,85.434
11,Hungarian Grand Prix,Ferrari,LEC,7,5,SOFT,10,29.696,31.305,24.467,85.468
11,Hungarian Grand Prix,Ferrari,LEC,8,5,SOFT,11,29.806,31.123,24.506,85.435
11,Hungarian Grand Prix,Ferrari,LEC,9,5,SOFT,12,29.749,31.209,24.574,85.532
11,Hungarian Grand Prix,Ferrari,LEC,10,5,SOFT,13,29.927,31.142,24.728,85.797
11,Hungarian Grand Prix,Ferrari,LEC,11,5,SOFT,14,29.829,31.226,24.769,85.824
11,Hungarian Grand Prix,Ferrari,LEC,12,5,SOFT,15,29.88,31.502,24.673,86.055
11,Hungarian Grand Prix,Ferrari,LEC,13,4,SOFT,16,29.981,31.42,24.668,86.069
11,Hungarian Grand Prix,Ferrari,LEC,14,3,SOFT,17,29.985,31.298,24.766,86.049
11,Hungarian Grand Prix,Ferrari,LEC,15,3,SOFT,18,30.078,31.382,24.606,86.066
11,Hungarian Grand Prix,Ferrari,LEC,16,4,SOFT,19,29.995,31.461,27.453,88.909
11,Hungarian Grand Prix,Ferrari,LEC,17,7,HARD,1,48.793,31.172,24.681,104.646
11,Hungarian Grand Prix,Ferrari,LEC,18,7,HARD,2,29.512,30.664,24.36,84.536
11,Hungarian Grand Prix,Ferrari,LEC,19,6,HARD,3,29.663,31.029,24.184,84.876
11,Hungarian Grand Prix,Ferrari,LEC,20,6,HARD,4,29.541,31.115,24.378,85.034
11,Hungarian Grand Prix,Ferrari,LEC,21,6,HARD,5,29.51,31.075,24.286,84.871
11,Hungarian Grand Prix,Ferrari,LEC,22,6,HARD,6,29.58,30.986,24.303,84.869
11,Hungarian Grand Prix,Ferrari,LEC,23,5,HARD,7,29.67,30.928,24.346,84.944
11,Hungarian Grand Prix,Ferrari,LEC,24,5,HARD,8,29.656,30.998,24.335,84.989
11,Hungarian Grand Prix,Ferrari,LEC,25,5,HARD,9,29.62,31.108,24.346,85.074
11,Hungarian Grand Prix,Ferrari,LEC,26,5,HARD,10,29.749,31.374,24.627,85.75
11,Hungarian Grand Prix,Ferrari,LEC,27,5,HARD,11,29.962,31.413,24.599,85.974
11,Hungarian Grand Prix,Ferrari,LEC,28,5,HARD,12,29.678,31.093,24.385,85.156
11,Hungarian Grand Prix,Ferrari,LEC,29,5,HARD,13,29.779,31.285,24.569,85.633
11,Hungarian Grand Prix,Ferrari,LEC,30,4,HARD,14,29.914,31.229,24.638,85.781
11,Hungarian Grand Prix,Ferrari,LEC,31,4,HARD,15,29.833,30.963,24.561,85.357
11,Hungarian Grand Prix,Ferrari,LEC,32,4,HARD,16,29.95,30.869,24.712,85.531
11,Hungarian Grand Prix,Ferrari,LEC,33,4,HARD,17,30.026,31.148,24.608,85.782
11,Hungarian Grand Prix,Ferrari,LEC,34,3,HARD,18,29.931,31.554,24.785,86.27
11,Hungarian Grand Prix,Ferrari,LEC,35,3,HARD,19,29.963,31.697,24.734,86.394
11,Hungarian Grand Prix,Ferrari,LEC,36,4,HARD,20,30.031,31.317,27.103,88.451
11,Hungarian Grand Prix,Ferrari,LEC,37,7,HARD,1,48.385,31.622,24.278,104.285
11,Hungarian Grand Prix,Ferrari,LEC,38,6,HARD,2,29.513,30.806,24.451,84.77
11,Hungarian Grand Prix,Ferrari,LEC,39,6,HARD,3,29.575,30.451,24.082,84.108
11,Hungarian Grand Prix,Ferrari,LEC,40,6,HARD,4,29.385,30.365,24.448,84.198
11,Hungarian Grand Prix,Ferrari,LEC,41,6,HARD,5,29.174,30.517,24.098,83.789
11,Hungarian Grand Prix,Ferrari,LEC,42,6,HARD,6,29.784,31.247,24.379,85.41
11,Hungarian Grand Prix,Ferrari,LEC,43,6,HARD,7,29.296,30.812,24.158,84.266
11,Hungarian Grand Prix,Ferrari,LEC,44,6,HARD,8,29.351,30.931,24.139,84.421
11,Hungarian Grand Prix,Ferrari,LEC,45,6,HARD,9,29.473,30.533,24.135,84.141
11,Hungarian Grand Prix,Ferrari,LEC,46,6,HARD,10,29.358,30.953,24.3,84.611
11,Hungarian Grand Prix,Ferrari,LEC,47,6,HARD,11,29.337,30.559,24.278,84.174
11,Hungarian Grand Prix,Ferrari,LEC,48,6,HARD,12,29.604,30.959,24.387,84.95
11,Hungarian Grand Prix,Ferrari,LEC,49,6,HARD,13,29.676,30.735,24.509,84.92
11,Hungarian Grand Prix,Ferrari,LEC,50,6,HARD,14,29.697,30.58,24.385,84.662
11,Hungarian Grand Prix,Ferrari,LEC,51,6,HARD,15,29.561,30.535,24.269,84.365
11,Hungarian Grand Prix,Ferrari,LEC,52,6,HARD,16,29.679,30.535,24.479,84.693
11,Hungarian Grand Prix,Ferrari,LEC,53,6,HARD,17,29.559,30.624,24.69,84.873
11,Hungarian Grand Prix,Ferrari,LEC,54,5,HARD,18,29.585,30.428,24.635,84.648
11,Hungarian Grand Prix,Ferrari,LEC,55,5,HARD,19,29.729,30.697,24.312,84.738
11,Hungarian Grand Prix,Ferrari,LEC,56,4,HARD,20,29.95,39.116,31.021,100.087
11,Hungarian Grand Prix,Ferrari,LEC,57,5,SOFT,4,48.739,30.071,23.384,102.194
11,Hungarian Grand Prix,Ferrari,LEC,58,5,SOFT,5,28.807,29.754,23.439,82.0
11,Hungarian Grand Prix,Ferrari,LEC,59,5,SOFT,6,28.957,29.682,23.744,82.383
11,Hungarian Grand Prix,Ferrari,LEC,60,5,SOFT,7,28.94,29.648,23.752,82.34
11,Hungarian Grand Prix,Ferrari,LEC,61,5,SOFT,8,28.887,29.621,23.81,82.318
11,Hungarian Grand Prix,Ferrari,LEC,62,5,SOFT,9,28.838,29.816,24.007,82.661
11,Hungarian Grand Prix,Ferrari,LEC,63,5,SOFT,10,29.432,30.131,24.543,84.106
11,Hungarian Grand Prix,Ferrari,LEC,64,5,SOFT,11,29.249,31.091,24.23,84.57
11,Hungarian Grand Prix,Ferrari,LEC,65,5,SOFT,12,29.249,30.238,23.876,83.363
11,Hungarian Grand Prix,Ferrari,LEC,66,5,SOFT,13,28.956,30.204,23.767,82.927
11,Hungarian Grand Prix,Ferrari,LEC,67,5,SOFT,14,29.176,30.073,24.046,83.295
11,Hungarian Grand Prix,Ferrari,LEC,68,5,SOFT,15,29.163,29.953,23.811,82.927
11,Hungarian Grand Prix,Ferrari,LEC,69,5,SOFT,16,29.011,29.777,24.215,83.003
11,Hungarian Grand Prix,Ferrari,LEC,70,5,SOFT,17,29.124,29.949,24.025,83.098
11,Hungarian Grand Prix,Aston Martin,STR,1,20,SOFT,1,,35.246,25.882,100.293
11,Hungarian Grand Prix,Aston Martin,STR,2,21,SOFT,2,31.038,33.845,25.868,90.751
11,Hungarian Grand Prix,Aston Martin,STR,3,20,SOFT,3,30.102,32.552,25.085,87.739
11,Hungarian Grand Prix,Aston Martin,STR,4,20,SOFT,4,30.615,32.476,25.275,88.366
11,Hungarian Grand Prix,Aston Martin,STR,5,19,SOFT,5,30.246,32.277,25.162,87.685
11,Hungarian Grand Prix,Aston Martin,STR,6,19,SOFT,6,30.575,32.612,25.178,88.365
11,Hungarian Grand Prix,Aston Martin,STR,7,19,SOFT,7,30.76,32.539,25.063,88.362
11,Hungarian Grand Prix,Aston Martin,STR,8,20,SOFT,8,30.653,32.381,28.031,91.065
11,Hungarian Grand Prix,Aston Martin,STR,9,22,MEDIUM,1,48.639,31.227,24.191,104.057
11,Hungarian Grand Prix,Aston Martin,STR,10,22,MEDIUM,2,30.228,31.518,24.651,86.397
11,Hungarian Grand Prix,Aston Martin,STR,11,22,MEDIUM,3,30.63,31.889,24.716,87.235
11,Hungarian Grand Prix,Aston Martin,STR,12,22,MEDIUM,4,30.596,32.2,25.007,87.803
11,Hungarian Grand Prix,Aston Martin,STR,13,22,MEDIUM,5,30.512,32.128,24.888,87.528
11,Hungarian Grand Prix,Aston Martin,STR,14,21,MEDIUM,6,30.688,32.337,25.149,88.174
11,Hungarian Grand Prix,Aston Martin,STR,15,21,MEDIUM,7,30.779,32.613,25.227,88.619
11,Hungarian Grand Prix,Aston Martin,STR,16,19,MEDIUM,8,30.877,31.971,24.872,87.72
11,Hungarian Grand Prix,Aston Martin,STR,17,19,MEDIUM,9,30.414,31.72,24.865,86.999
11,Hungarian Grand Prix,Aston Martin,STR,18,18,MEDIUM,10,30.398,31.816,24.737,86.951
11,Hungarian Grand Prix,Aston Martin,STR,19,17,MEDIUM,11,30.45,31.908,24.871,87.229
11,Hungarian Grand Prix,Aston Martin,STR,20,17,MEDIUM,12,30.466,31.976,24.858,87.3
11,Hungarian Grand Prix,Aston Martin,STR,21,17,MEDIUM,13,30.576,32.037,24.943,87.556
11,Hungarian Grand Prix,Aston Martin,STR,22,17,MEDIUM,14,30.505,31.928,24.717,87.15
11,Hungarian Grand Prix,Aston Martin,STR,23,16,MEDIUM,15,30.37,32.588,25.061,88.019
11,Hungarian Grand Prix,Aston Martin,STR,24,16,MEDIUM,16,30.464,32.577,25.045,88.086
11,Hungarian Grand Prix,Aston Martin,STR,25,15,MEDIUM,17,30.319,31.73,24.813,86.862
11,Hungarian Grand Prix,Aston Martin,STR,26,15,MEDIUM,18,30.383,31.821,24.968,87.172
11,Hungarian Grand Prix,Aston Martin,STR,27,15,MEDIUM,19,30.214,31.795,24.828,86.837
11,Hungarian Grand Prix,Aston Martin,STR,28,15,MEDIUM,20,30.433,31.805,25.064,87.302
11,Hungarian Grand Prix,Aston Martin,STR,29,15,MEDIUM,21,30.45,31.982,24.842,87.274
11,Hungarian Grand Prix,Aston Martin,STR,30,15,MEDIUM,22,30.575,31.851,24.87,87.296
11,Hungarian Grand Prix,Aston Martin,STR,31,15,MEDIUM,23,30.314,31.986,24.875,87.175
11,Hungarian Grand Prix,Aston Martin,STR,32,15,MEDIUM,24,30.234,31.761,24.852,86.847
11,Hungarian Grand Prix,Aston Martin,STR,33,15,MEDIUM,25,30.286,31.745,24.791,86.822
11,Hungarian Grand Prix,Aston Martin,STR,34,15,MEDIUM,26,30.333,32.094,24.743,87.17
11,Hungarian Grand Prix,Aston Martin,STR,35,14,MEDIUM,27,30.207,31.959,24.721,86.887
11,Hungarian Grand Prix,Aston Martin,STR,36,14,MEDIUM,28,31.775,32.498,24.728,89.001
11,Hungarian Grand Prix,Aston Martin,STR,37,14,MEDIUM,29,30.676,32.086,27.707,90.469
11,Hungarian Grand Prix,Aston Martin,STR,38,16,SOFT,1,50.775,30.949,23.974,105.698
11,Hungarian Grand Prix,Aston Martin,STR,39,15,SOFT,2,29.706,31.384,24.057,85.147
11,Hungarian Grand Prix,Aston Martin,STR,40,15,SOFT,3,29.713,31.099,24.177,84.989
11,Hungarian Grand Prix,Aston Martin,STR,41,15,SOFT,4,31.755,31.99,24.363,88.108
11,Hungarian Grand Prix,Aston Martin,STR,42,15,SOFT,5,29.797,31.252,24.389,85.438
11,Hungarian Grand Prix,Aston Martin,STR,43,15,SOFT,6,30.249,31.221,24.341,85.811
11,Hungarian Grand Prix,Aston Martin,STR,44,15,SOFT,7,29.849,31.087,24.534,85.47
11,Hungarian Grand Prix,Aston Martin,STR,45,15,SOFT,8,30.011,31.329,24.333,85.673
11,Hungarian Grand Prix,Aston Martin,STR,46,15,SOFT,9,29.714,31.126,24.378,85.218
11,Hungarian Grand Prix,Aston Martin,STR,47,15,SOFT,10,29.89,31.282,24.455,85.627
11,Hungarian Grand Prix,Aston Martin,STR,48,15,SOFT,11,30.485,31.555,24.588,86.628
11,Hungarian Grand Prix,Aston Martin,STR,49,15,SOFT,12,30.029,31.347,24.629,86.005
11,Hungarian Grand Prix,Aston Martin,STR,50,15,SOFT,13,29.872,31.08,24.239,85.191
11,Hungarian Grand Prix,Aston Martin,STR,51,15,SOFT,14,29.958,31.08,24.491,85.529
11,Hungarian Grand Prix,Aston Martin,STR,52,15,SOFT,15,29.778,31.201,24.363,85.342
11,Hungarian Grand Prix,Aston Martin,STR,53,15,SOFT,16,29.971,31.206,24.412,85.589
11,Hungarian Grand Prix,Aston Martin,STR,54,15,SOFT,17,29.959,31.279,24.567,85.805
11,Hungarian Grand Prix,Aston Martin,STR,55,14,SOFT,18,33.772,40.718,29.494,103.984
11,Hungarian Grand Prix,Aston Martin,STR,56,12,SOFT,19,33.485,31.158,24.011,88.654
11,Hungarian Grand Prix,Aston Martin,STR,57,12,SOFT,20,29.588,30.858,24.272,84.718
11,Hungarian Grand Prix,Aston Martin,STR,58,12,SOFT,21,29.639,31.081,24.19,84.91
11,Hungarian Grand Prix,Aston Martin,STR,59,12,SOFT,22,29.581,30.997,24.492,85.07
11,Hungarian Grand Prix,Aston Martin,STR,60,12,SOFT,23,29.893,31.094,24.421,85.408
11,Hungarian Grand Prix,Aston Martin,STR,61,13,SOFT,24,30.21,31.616,24.574,86.4
11,Hungarian Grand Prix,Aston Martin,STR,62,13,SOFT,25,29.824,31.136,24.533,85.493
11,Hungarian Grand Prix,Aston Martin,STR,63,13,SOFT,26,29.801,31.223,24.38,85.404
11,Hungarian Grand Prix,Aston Martin,STR,64,13,SOFT,27,29.667,31.149,24.316,85.132
11,Hungarian Grand Prix,Aston Martin,STR,65,13,SOFT,28,31.717,31.586,24.194,87.497
11,Hungarian Grand Prix,Aston Martin,STR,66,13,SOFT,29,29.744,31.292,24.325,85.361
11,Hungarian Grand Prix,Aston Martin,STR,67,13,SOFT,30,31.064,31.533,24.392,86.989
11,Hungarian Grand Prix,Aston Martin,STR,68,13,SOFT,31,29.731,31.219,24.457,85.407
11,Hungarian Grand Prix,Aston Martin,STR,69,13,SOFT,32,29.757,31.358,24.635,85.75
11,Hungarian Grand Prix,Williams,ALB,1,18,MEDIUM,1,,35.334,25.716,99.948
11,Hungarian Grand Prix,Williams,ALB,2,19,MEDIUM,2,31.028,33.326,25.497,89.851
11,Hungarian Grand Prix,Williams,ALB,3,19,MEDIUM,3,30.489,32.766,25.375,88.63
11,Hungarian Grand Prix,Williams,ALB,4,19,MEDIUM,4,30.55,32.563,25.366,88.479
11,Hungarian Grand Prix,Williams,ALB,5,20,MEDIUM,5,30.788,32.988,25.493,89.269
11,Hungarian Grand Prix,Williams,ALB,6,20,MEDIUM,6,30.535,32.733,25.397,88.665
11,Hungarian Grand Prix,Williams,ALB,7,20,MEDIUM,7,30.622,32.708,25.286,88.616
11,Hungarian Grand Prix,Williams,ALB,8,19,MEDIUM,8,30.257,32.71,25.493,88.46
11,Hungarian Grand Prix,Williams,ALB,9,19,MEDIUM,9,30.166,32.462,25.203,87.831
11,Hungarian Grand Prix,Williams,ALB,10,19,MEDIUM,10,30.682,32.567,25.248,88.497
11,Hungarian Grand Prix,Williams,ALB,11,19,MEDIUM,11,30.692,32.475,25.244,88.411
11,Hungarian Grand Prix,Williams,ALB,12,19,MEDIUM,12,30.732,35.12,25.345,91.197
11,Hungarian Grand Prix,Williams,ALB,13,19,MEDIUM,13,30.656,32.812,25.369,88.837
11,Hungarian Grand Prix,Williams,ALB,14,19,MEDIUM,14,30.388,32.584,25.276,88.248
11,Hungarian Grand Prix,Williams,ALB,15,19,MEDIUM,15,30.418,32.703,25.379,88.5
11,Hungarian Grand Prix,Williams,ALB,16,18,MEDIUM,16,30.541,32.545,25.223,88.309
11,Hungarian Grand Prix,Williams,ALB,17,17,MEDIUM,17,30.373,32.468,25.135,87.976
11,Hungarian Grand Prix,Williams,ALB,18,16,MEDIUM,18,30.296,32.654,25.264,88.214
11,Hungarian Grand Prix,Williams,ALB,19,16,MEDIUM,19,30.825,32.875,25.414,89.114
11,Hungarian Grand Prix,Williams,ALB,20,16,MEDIUM,20,30.549,32.761,25.311,88.621
11,Hungarian Grand Prix,Williams,ALB,21,16,MEDIUM,21,30.341,32.775,25.264,88.38
11,Hungarian Grand Prix,Williams,ALB,22,16,MEDIUM,22,30.409,32.725,25.207,88.341
11,Hungarian Grand Prix,Williams,ALB,23,15,MEDIUM,23,30.543,32.81,25.169,88.522
11,Hungarian Grand Prix,Williams,ALB,24,15,MEDIUM,24,30.277,32.729,25.221,88.227
11,Hungarian Grand Prix,Williams,ALB,25,16,MEDIUM,25,31.131,33.213,25.518,89.862
11,Hungarian Grand Prix,Williams,ALB,26,19,MEDIUM,26,30.852,33.232,27.913,91.997
11,Hungarian Grand Prix,Williams,ALB,27,20,HARD,1,50.911,32.648,24.744,108.303
11,Hungarian Grand Prix,Williams,ALB,28,20,HARD,2,29.748,32.049,24.643,86.44
11,Hungarian Grand Prix,Williams,ALB,29,20,HARD,3,29.862,32.044,24.634,86.54
11,Hungarian Grand Prix,Williams,ALB,30,20,HARD,4,30.165,32.039,24.863,87.067
11,Hungarian Grand Prix,Williams,ALB,31,20,HARD,5,30.05,32.08,24.91,87.04
11,Hungarian Grand Prix,Williams,ALB,32,20,HARD,6,30.013,32.111,24.825,86.949
11,Hungarian Grand Prix,Williams,ALB,33,20,HARD,7,30.07,32.014,26.109,88.193
11,Hungarian Grand Prix,Williams,ALB,34,20,HARD,8,29.928,33.124,24.967,88.019
11,Hungarian Grand Prix,Williams,ALB,35,20,HARD,9,30.03,32.12,24.857,87.007
11,Hungarian Grand Prix,Williams,ALB,36,19,HARD,10,30.235,32.074,25.095,87.404
11,Hungarian Grand Prix,Williams,ALB,37,19,HARD,11,30.162,32.446,24.968,87.576
11,Hungarian Grand Prix,Williams,ALB,38,19,HARD,12,30.874,33.564,25.94,90.378
11,Hungarian Grand Prix,Williams,ALB,39,20,HARD,13,30.876,33.094,26.114,90.084
11,Hungarian Grand Prix,Williams,ALB,40,20,HARD,14,30.224,32.505,24.97,87.699
11,Hungarian Grand Prix,Williams,ALB,41,20,HARD,15,30.382,32.592,24.889,87.863
11,Hungarian Grand Prix,Williams,ALB,42,19,HARD,16,30.168,32.377,25.251,87.796
11,Hungarian Grand Prix,Williams,ALB,43,19,HARD,17,30.357,32.393,24.916,87.666
11,Hungarian Grand Prix,Williams,ALB,44,18,HARD,18,30.026,32.146,24.983,87.155
11,Hungarian Grand Prix,Williams,ALB,45,18,HARD,19,30.102,32.166,24.849,87.117
11,Hungarian Grand Prix,Williams,ALB,46,18,HARD,20,30.86,32.42,24.944,88.224
11,Hungarian Grand Prix,Williams,ALB,47,18,HARD,21,30.35,32.217,24.992,87.559
11,Hungarian Grand Prix,Williams,ALB,48,18,HARD,22,30.116,32.306,25.04,87.462
11,Hungarian Grand Prix,Williams,ALB,49,18,HARD,23,29.962,32.209,25.094,87.265
11,Hungarian Grand Prix,Williams,ALB,50,18,HARD,24,30.107,32.076,25.022,87.205
11,Hungarian Grand Prix,Williams,ALB,51,18,HARD,25,30.124,31.835,25.232,87.191
11,Hungarian Grand Prix,Williams,ALB,52,18,HARD,26,30.107,32.145,25.126,87.378
11,Hungarian Grand Prix,Williams,ALB,53,18,HARD,27,29.975,32.053,25.019,87.047
11,Hungarian Grand Prix,Williams,ALB,54,18,HARD,28,30.139,32.111,30.688,92.938
11,Hungarian Grand Prix,Williams,ALB,55,19,SOFT,1,59.917,31.735,23.863,115.515
11,Hungarian Grand Prix,Williams,ALB,56,18,SOFT,2,29.399,32.598,24.112,86.109
11,Hungarian Grand Prix,Williams,ALB,57,18,SOFT,3,29.545,31.552,24.306,85.403
11,Hungarian Grand Prix,Williams,ALB,58,18,SOFT,4,29.603,32.025,24.582,86.21
11,Hungarian Grand Prix,Williams,ALB,59,18,SOFT,5,30.754,31.867,24.681,87.302
11,Hungarian Grand Prix,Williams,ALB,60,18,SOFT,6,29.627,32.115,25.138,86.88
11,Hungarian Grand Prix,Williams,ALB,61,18,SOFT,7,31.322,32.197,25.102,88.621
11,Hungarian Grand Prix,Williams,ALB,62,18,SOFT,8,29.986,32.745,24.464,87.195
11,Hungarian Grand Prix,Williams,ALB,63,18,SOFT,9,29.83,32.079,25.361,87.27
11,Hungarian Grand Prix,Williams,ALB,64,18,SOFT,10,29.998,32.15,24.946,87.094
11,Hungarian Grand Prix,Williams,ALB,65,18,SOFT,11,29.882,32.33,24.947,87.159
11,Hungarian Grand Prix,Williams,ALB,66,18,SOFT,12,29.962,32.563,25.175,87.7
11,Hungarian Grand Prix,Williams,ALB,67,18,SOFT,13,30.106,32.655,25.12,87.881
11,Hungarian Grand Prix,Williams,ALB,68,18,SOFT,14,30.234,33.03,25.739,89.003
11,Hungarian Grand Prix,Audi,HUL,1,10,MEDIUM,1,,33.708,25.054,95.853
11,Hungarian Grand Prix,Audi,HUL,2,10,MEDIUM,2,30.582,32.818,24.956,88.356
11,Hungarian Grand Prix,Audi,HUL,3,10,MEDIUM,3,29.934,32.147,24.882,86.963
11,Hungarian Grand Prix,Audi,HUL,4,10,MEDIUM,4,30.216,32.323,24.861,87.4
11,Hungarian Grand Prix,Audi,HUL,5,10,MEDIUM,5,30.183,31.72,24.992,86.895
11,Hungarian Grand Prix,Audi,HUL,6,10,MEDIUM,6,30.248,31.816,24.778,86.842
11,Hungarian Grand Prix,Audi,HUL,7,10,MEDIUM,7,30.026,32.026,25.006,87.058
11,Hungarian Grand Prix,Audi,HUL,8,10,MEDIUM,8,30.126,31.958,24.859,86.943
11,Hungarian Grand Prix,Audi,HUL,9,10,MEDIUM,9,30.063,32.089,24.969,87.121
11,Hungarian Grand Prix,Audi,HUL,10,10,MEDIUM,10,30.345,31.921,24.94,87.206
11,Hungarian Grand Prix,Audi,HUL,11,10,MEDIUM,11,30.636,31.941,24.87,87.447
11,Hungarian Grand Prix,Audi,HUL,12,10,MEDIUM,12,30.487,31.96,24.878,87.325
11,Hungarian Grand Prix,Audi,HUL,13,10,MEDIUM,13,30.217,31.876,25.043,87.136
11,Hungarian Grand Prix,Audi,HUL,14,10,MEDIUM,14,30.242,32.248,25.255,87.745
11,Hungarian Grand Prix,Audi,HUL,15,10,MEDIUM,15,30.393,32.114,24.982,87.489
11,Hungarian Grand Prix,Audi,HUL,16,10,MEDIUM,16,30.414,32.198,25.014,87.626
11,Hungarian Grand Prix,Audi,HUL,17,11,MEDIUM,17,30.975,32.358,25.138,88.471
11,Hungarian Grand Prix,Audi,HUL,18,11,MEDIUM,18,30.467,32.038,25.168,87.673
11,Hungarian Grand Prix,Audi,HUL,19,11,MEDIUM,19,30.358,32.345,27.673,90.376
11,Hungarian Grand Prix,Audi,HUL,20,13,HARD,1,48.3,31.662,24.53,104.492
11,Hungarian Grand Prix,Audi,HUL,21,13,HARD,2,29.611,31.672,24.531,85.814
11,Hungarian Grand Prix,Audi,HUL,22,13,HARD,3,30.195,32.551,25.034,87.78
11,Hungarian Grand Prix,Audi,HUL,23,13,HARD,4,30.085,32.127,24.837,87.049
11,Hungarian Grand Prix,Audi,HUL,24,13,HARD,5,30.21,32.053,24.716,86.979
11,Hungarian Grand Prix,Audi,HUL,25,13,HARD,6,29.994,32.376,24.788,87.158
11,Hungarian Grand Prix,Audi,HUL,26,12,HARD,7,29.743,31.766,24.525,86.034
11,Hungarian Grand Prix,Audi,HUL,27,12,HARD,8,29.946,31.853,24.644,86.443
11,Hungarian Grand Prix,Audi,HUL,28,12,HARD,9,29.971,31.587,24.837,86.395
11,Hungarian Grand Prix,Audi,HUL,29,12,HARD,10,29.987,31.787,24.743,86.517
11,Hungarian Grand Prix,Audi,HUL,30,11,HARD,11,29.99,31.731,24.673,86.394
11,Hungarian Grand Prix,Audi,HUL,31,11,HARD,12,29.916,31.809,24.678,86.403
11,Hungarian Grand Prix,Audi,HUL,32,11,HARD,13,30.154,31.602,24.758,86.514
11,Hungarian Grand Prix,Audi,HUL,33,11,HARD,14,29.921,31.51,24.759,86.19
11,Hungarian Grand Prix,Audi,HUL,34,11,HARD,15,29.955,31.562,24.632,86.149
11,Hungarian Grand Prix,Audi,HUL,35,11,HARD,16,29.868,31.624,24.737,86.229
11,Hungarian Grand Prix,Audi,HUL,36,11,HARD,17,29.905,31.619,24.727,86.251
11,Hungarian Grand Prix,Audi,HUL,37,11,HARD,18,29.846,31.563,24.75,86.159
11,Hungarian Grand Prix,Audi,HUL,38,11,HARD,19,29.774,31.933,24.913,86.62
11,Hungarian Grand Prix,Audi,HUL,39,11,HARD,20,29.917,31.757,27.141,88.815
11,Hungarian Grand Prix,Audi,HUL,40,12,SOFT,4,48.425,31.039,23.932,103.396
11,Hungarian Grand Prix,Audi,HUL,41,12,SOFT,5,29.426,31.426,24.397,85.249
11,Hungarian Grand Prix,Audi,HUL,42,12,SOFT,6,29.525,30.973,24.09,84.588
11,Hungarian Grand Prix,Audi,HUL,43,12,SOFT,7,29.397,31.243,24.184,84.824
11,Hungarian Grand Prix,Audi,HUL,44,12,SOFT,8,29.414,31.51,24.359,85.283
11,Hungarian Grand Prix,Audi,HUL,45,12,SOFT,9,29.441,31.386,24.376,85.203
11,Hungarian Grand Prix,Audi,HUL,46,12,SOFT,10,29.417,31.37,24.578,85.365
11,Hungarian Grand Prix,Audi,HUL,47,12,SOFT,11,29.882,31.551,24.716,86.149
11,Hungarian Grand Prix,Audi,HUL,48,12,SOFT,12,29.567,31.399,24.657,85.623
11,Hungarian Grand Prix,Audi,HUL,49,12,SOFT,13,29.858,32.632,24.552,87.042
11,Hungarian Grand Prix,Audi,HUL,50,12,SOFT,14,29.663,31.122,24.157,84.942
11,Hungarian Grand Prix,Audi,HUL,51,12,SOFT,15,29.226,30.91,24.186,84.322
11,Hungarian Grand Prix,Audi,HUL,52,12,SOFT,16,29.306,31.272,24.375,84.953
11,Hungarian Grand Prix,Audi,HUL,53,12,SOFT,17,29.51,31.422,24.523,85.455
11,Hungarian Grand Prix,Audi,HUL,54,12,SOFT,18,29.626,31.3,24.513,85.439
11,Hungarian Grand Prix,Audi,HUL,55,12,SOFT,19,29.541,32.85,31.948,94.339
11,Hungarian Grand Prix,Audi,HUL,56,11,SOFT,20,41.728,32.176,24.518,98.422
11,Hungarian Grand Prix,Audi,HUL,57,11,SOFT,21,29.485,31.126,24.265,84.876
11,Hungarian Grand Prix,Audi,HUL,58,11,SOFT,22,29.18,31.543,24.644,85.367
11,Hungarian Grand Prix,Audi,HUL,59,10,SOFT,23,30.124,31.337,24.628,86.089
11,Hungarian Grand Prix,Audi,HUL,60,10,SOFT,24,29.331,31.308,24.549,85.188
11,Hungarian Grand Prix,Audi,HUL,61,10,SOFT,25,29.759,32.612,25.566,87.937
11,Hungarian Grand Prix,Audi,HUL,62,10,SOFT,26,29.571,32.608,24.971,87.15
11,Hungarian Grand Prix,Audi,HUL,63,9,SOFT,27,30.654,31.202,24.451,86.307
11,Hungarian Grand Prix,Audi,HUL,64,9,SOFT,28,30.723,31.334,24.188,86.245
11,Hungarian Grand Prix,Audi,HUL,65,9,SOFT,29,29.263,31.127,24.116,84.506
11,Hungarian Grand Prix,Audi,HUL,66,9,SOFT,30,30.554,31.742,24.176,86.472
11,Hungarian Grand Prix,Audi,HUL,67,9,SOFT,31,29.193,30.812,23.959,83.964
11,Hungarian Grand Prix,Audi,HUL,68,9,SOFT,32,29.253,30.86,24.145,84.258
11,Hungarian Grand Prix,Audi,HUL,69,9,SOFT,33,29.536,31.24,24.523,85.299
11,Hungarian Grand Prix,Red Bull Racing,VER,1,3,MEDIUM,1,,32.608,24.284,92.03
11,Hungarian Grand Prix,Red Bull Racing,VER,2,3,MEDIUM,2,29.976,31.498,24.484,85.958
11,Hungarian Grand Prix,Red Bull Racing,VER,3,3,MEDIUM,3,29.712,31.398,24.487,85.597
11,Hungarian Grand Prix,Red Bull Racing,VER,4,3,MEDIUM,4,29.549,31.396,24.414,85.359
11,Hungarian Grand Prix,Red Bull Racing,VER,5,3,MEDIUM,5,29.878,31.327,24.538,85.743
11,Hungarian Grand Prix,Red Bull Racing,VER,6,3,MEDIUM,6,29.765,31.263,24.368,85.396
11,Hungarian Grand Prix,Red Bull Racing,VER,7,3,MEDIUM,7,29.796,31.21,24.382,85.388
11,Hungarian Grand Prix,Red Bull Racing,VER,8,3,MEDIUM,8,29.809,31.224,24.441,85.474
11,Hungarian Grand Prix,Red Bull Racing,VER,9,3,MEDIUM,9,29.824,31.332,24.479,85.635
11,Hungarian Grand Prix,Red Bull Racing,VER,10,3,MEDIUM,10,29.872,31.266,24.484,85.622
11,Hungarian Grand Prix,Red Bull Racing,VER,11,3,MEDIUM,11,29.931,31.186,24.51,85.627
11,Hungarian Grand Prix,Red Bull Racing,VER,12,3,MEDIUM,12,29.876,31.407,24.45,85.733
11,Hungarian Grand Prix,Red Bull Racing,VER,13,3,MEDIUM,13,30.015,31.327,24.615,85.957
11,Hungarian Grand Prix,Red Bull Racing,VER,14,4,MEDIUM,14,29.808,31.399,27.302,88.509
11,Hungarian Grand Prix,Red Bull Racing,VER,15,8,HARD,1,48.24,31.052,24.06,103.352
11,Hungarian Grand Prix,Red Bull Racing,VER,16,6,HARD,2,29.792,31.367,23.826,84.985
11,Hungarian Grand Prix,Red Bull Racing,VER,17,5,HARD,3,29.767,31.053,24.149,84.969
11,Hungarian Grand Prix,Red Bull Racing,VER,18,5,HARD,4,29.671,31.807,24.501,85.979
11,Hungarian Grand Prix,Red Bull Racing,VER,19,4,HARD,5,29.713,31.523,24.412,85.648
11,Hungarian Grand Prix,Red Bull Racing,VER,20,4,HARD,6,29.533,31.169,24.263,84.965
11,Hungarian Grand Prix,Red Bull Racing,VER,21,4,HARD,7,29.752,31.112,24.347,85.211
11,Hungarian Grand Prix,Red Bull Racing,VER,22,4,HARD,8,29.838,31.098,24.381,85.317
11,Hungarian Grand Prix,Red Bull Racing,VER,23,3,HARD,9,29.828,31.049,24.196,85.073
11,Hungarian Grand Prix,Red Bull Racing,VER,24,3,HARD,10,29.778,30.975,24.274,85.027
11,Hungarian Grand Prix,Red Bull Racing,VER,25,3,HARD,11,29.891,31.027,24.254,85.172
11,Hungarian Grand Prix,Red Bull Racing,VER,26,3,HARD,12,29.859,31.127,24.46,85.446
11,Hungarian Grand Prix,Red Bull Racing,VER,27,3,HARD,13,29.997,31.019,24.454,85.47
11,Hungarian Grand Prix,Red Bull Racing,VER,28,3,HARD,14,29.674,30.982,24.458,85.114
11,Hungarian Grand Prix,Red Bull Racing,VER,29,3,HARD,15,29.912,31.101,24.483,85.496
11,Hungarian Grand Prix,Red Bull Racing,VER,30,3,HARD,16,29.787,30.927,24.35,85.064
11,Hungarian Grand Prix,Red Bull Racing,VER,31,3,HARD,17,29.904,30.949,24.545,85.398
11,Hungarian Grand Prix,Red Bull Racing,VER,32,3,HARD,18,29.712,31.039,24.743,85.494
11,Hungarian Grand Prix,Red Bull Racing,VER,33,3,HARD,19,30.074,31.125,24.573,85.772
11,Hungarian Grand Prix,Red Bull Racing,VER,34,2,HARD,20,29.892,30.995,24.507,85.394
11,Hungarian Grand Prix,Red Bull Racing,VER,35,2,HARD,21,29.824,31.45,24.489,85.763
11,Hungarian Grand Prix,Red Bull Racing,VER,36,2,HARD,22,29.777,31.205,24.442,85.424
11,Hungarian Grand Prix,Red Bull Racing,VER,37,2,HARD,23,30.06,31.402,24.579,86.041
11,Hungarian Grand Prix,Red Bull Racing,VER,38,2,HARD,24,29.892,31.331,24.501,85.724
11,Hungarian Grand Prix,Red Bull Racing,VER,39,2,HARD,25,29.937,31.289,24.486,85.712
11,Hungarian Grand Prix,Red Bull Racing,VER,40,1,HARD,26,30.047,31.183,24.4,85.63
11,Hungarian Grand Prix,Red Bull Racing,VER,41,2,HARD,27,30.085,31.206,27.123,88.414
11,Hungarian Grand Prix,Red Bull Racing,VER,42,5,SOFT,4,48.142,31.153,23.808,103.103
11,Hungarian Grand Prix,Red Bull Racing,VER,43,5,SOFT,5,29.659,30.859,23.855,84.373
11,Hungarian Grand Prix,Red Bull Racing,VER,44,5,SOFT,6,29.543,30.973,23.998,84.514
11,Hungarian Grand Prix,Red Bull Racing,VER,45,5,SOFT,7,29.499,30.574,23.897,83.97
11,Hungarian Grand Prix,Red Bull Racing,VER,46,5,SOFT,8,29.468,30.623,24.003,84.094
11,Hungarian Grand Prix,Red Bull Racing,VER,47,5,SOFT,9,29.461,30.549,23.912,83.922
11,Hungarian Grand Prix,Red Bull Racing,VER,48,5,SOFT,10,29.461,30.517,23.805,83.783
11,Hungarian Grand Prix,Red Bull Racing,VER,49,5,SOFT,11,29.459,30.426,24.093,83.978
11,Hungarian Grand Prix,Red Bull Racing,VER,50,5,SOFT,12,29.413,30.464,24.011,83.888
11,Hungarian Grand Prix,Red Bull Racing,VER,51,5,SOFT,13,29.391,30.527,23.942,83.86
11,Hungarian Grand Prix,Red Bull Racing,VER,52,5,SOFT,14,29.492,30.392,24.041,83.925
11,Hungarian Grand Prix,Red Bull Racing,VER,53,5,SOFT,15,29.423,30.466,24.036,83.925
11,Hungarian Grand Prix,Red Bull Racing,VER,54,4,SOFT,16,29.332,30.541,24.081,83.954
11,Hungarian Grand Prix,Red Bull Racing,VER,55,4,SOFT,17,29.424,30.444,24.016,83.884
11,Hungarian Grand Prix,Red Bull Racing,VER,56,3,SOFT,18,29.795,36.281,31.392,97.468
11,Hungarian Grand Prix,Red Bull Racing,VER,57,2,SOFT,19,39.803,30.861,23.804,94.468
11,Hungarian Grand Prix,Red Bull Racing,VER,58,2,SOFT,20,29.227,30.489,23.936,83.652
11,Hungarian Grand Prix,Red Bull Racing,VER,59,2,SOFT,21,29.425,30.261,23.797,83.483
11,Hungarian Grand Prix,Red Bull Racing,VER,60,2,SOFT,22,29.331,30.482,24.182,83.995
11,Hungarian Grand Prix,Red Bull Racing,VER,61,2,SOFT,23,29.337,30.653,24.083,84.073
11,Hungarian Grand Prix,Red Bull Racing,VER,62,2,SOFT,24,29.162,30.631,24.469,84.262
11,Hungarian Grand Prix,Red Bull Racing,VER,63,2,SOFT,25,29.729,30.318,24.019,84.066
11,Hungarian Grand Prix,Red Bull Racing,VER,64,2,SOFT,26,29.476,30.192,23.919,83.587
11,Hungarian Grand Prix,Red Bull Racing,VER,65,2,SOFT,27,29.267,30.186,23.992,83.445
11,Hungarian Grand Prix,Red Bull Racing,VER,66,2,SOFT,28,29.159,30.429,23.845,83.433
11,Hungarian Grand Prix,Red Bull Racing,VER,67,2,SOFT,29,29.398,30.36,23.909,83.667
11,Hungarian Grand Prix,Red Bull Racing,VER,68,2,SOFT,30,29.296,30.263,23.918,83.477
11,Hungarian Grand Prix,Red Bull Racing,VER,69,2,SOFT,31,29.285,30.337,24.087,83.709
11,Hungarian Grand Prix,Red Bull Racing,VER,70,2,SOFT,32,29.425,30.537,24.258,84.22
11,Hungarian Grand Prix,Racing Bulls,LAW,1,8,MEDIUM,1,,33.708,25.085,95.009
11,Hungarian Grand Prix,Racing Bulls,LAW,2,8,MEDIUM,2,30.366,32.052,24.745,87.163
11,Hungarian Grand Prix,Racing Bulls,LAW,3,8,MEDIUM,3,29.932,31.652,24.796,86.38
11,Hungarian Grand Prix,Racing Bulls,LAW,4,8,MEDIUM,4,30.002,31.846,24.757,86.605
11,Hungarian Grand Prix,Racing Bulls,LAW,5,8,MEDIUM,5,30.207,31.648,24.884,86.739
11,Hungarian Grand Prix,Racing Bulls,LAW,6,8,MEDIUM,6,30.184,31.824,24.812,86.82
11,Hungarian Grand Prix,Racing Bulls,LAW,7,8,MEDIUM,7,30.231,31.834,24.776,86.841
11,Hungarian Grand Prix,Racing Bulls,LAW,8,8,MEDIUM,8,30.067,31.709,24.832,86.608
11,Hungarian Grand Prix,Racing Bulls,LAW,9,8,MEDIUM,9,30.022,31.734,24.856,86.612
11,Hungarian Grand Prix,Racing Bulls,LAW,10,8,MEDIUM,10,30.191,31.852,24.896,86.939
11,Hungarian Grand Prix,Racing Bulls,LAW,11,8,MEDIUM,11,30.168,31.672,25.021,86.861
11,Hungarian Grand Prix,Racing Bulls,LAW,12,8,MEDIUM,12,30.334,31.827,24.934,87.095
11,Hungarian Grand Prix,Racing Bulls,LAW,13,8,MEDIUM,13,30.213,31.774,24.931,86.918
11,Hungarian Grand Prix,Racing Bulls,LAW,14,7,MEDIUM,14,30.014,31.979,25.118,87.111
11,Hungarian Grand Prix,Racing Bulls,LAW,15,7,MEDIUM,15,30.149,32.171,25.22,87.54
11,Hungarian Grand Prix,Racing Bulls,LAW,16,8,MEDIUM,16,31.239,32.504,25.102,88.845
11,Hungarian Grand Prix,Racing Bulls,LAW,17,8,MEDIUM,17,30.245,32.201,25.46,87.906
11,Hungarian Grand Prix,Racing Bulls,LAW,18,8,MEDIUM,18,30.293,32.156,25.252,87.701
11,Hungarian Grand Prix,Racing Bulls,LAW,19,8,MEDIUM,19,30.376,32.094,25.089,87.559
11,Hungarian Grand Prix,Racing Bulls,LAW,20,7,MEDIUM,20,30.206,32.161,25.316,87.683
11,Hungarian Grand Prix,Racing Bulls,LAW,21,8,MEDIUM,21,30.908,32.413,27.357,90.678
11,Hungarian Grand Prix,Racing Bulls,LAW,22,11,HARD,1,49.025,32.089,24.473,105.587
11,Hungarian Grand Prix,Racing Bulls,LAW,23,11,HARD,2,29.753,31.982,24.609,86.344
11,Hungarian Grand Prix,Racing Bulls,LAW,24,10,HARD,3,29.691,31.535,24.488,85.714
11,Hungarian Grand Prix,Racing Bulls,LAW,25,10,HARD,4,29.75,31.721,24.678,86.149
11,Hungarian Grand Prix,Racing Bulls,LAW,26,10,HARD,5,29.799,31.462,24.586,85.847
11,Hungarian Grand Prix,Racing Bulls,LAW,27,10,HARD,6,29.791,31.706,24.593,86.09
11,Hungarian Grand Prix,Racing Bulls,LAW,28,10,HARD,7,30.562,32.295,24.943,87.8
11,Hungarian Grand Prix,Racing Bulls,LAW,29,9,HARD,8,29.83,31.863,24.828,86.521
11,Hungarian Grand Prix,Racing Bulls,LAW,30,9,HARD,9,30.02,31.724,24.63,86.374
11,Hungarian Grand Prix,Racing Bulls,LAW,31,9,HARD,10,29.791,31.565,24.734,86.09
11,Hungarian Grand Prix,Racing Bulls,LAW,32,9,HARD,11,29.827,31.577,24.696,86.1
11,Hungarian Grand Prix,Racing Bulls,LAW,33,9,HARD,12,29.97,31.598,24.699,86.267
11,Hungarian Grand Prix,Racing Bulls,LAW,34,9,HARD,13,29.739,31.691,24.683,86.113
11,Hungarian Grand Prix,Racing Bulls,LAW,35,9,HARD,14,29.925,31.668,24.68,86.273
11,Hungarian Grand Prix,Racing Bulls,LAW,36,9,HARD,15,29.926,31.568,24.712,86.206
11,Hungarian Grand Prix,Racing Bulls,LAW,37,9,HARD,16,29.798,31.541,24.627,85.966
11,Hungarian Grand Prix,Racing Bulls,LAW,38,9,HARD,17,29.885,31.74,24.828,86.453
11,Hungarian Grand Prix,Racing Bulls,LAW,39,9,HARD,18,29.958,31.69,24.812,86.46
11,Hungarian Grand Prix,Racing Bulls,LAW,40,9,HARD,19,30.106,31.712,24.856,86.674
11,Hungarian Grand Prix,Racing Bulls,LAW,41,9,HARD,20,29.858,31.781,24.89,86.529
11,Hungarian Grand Prix,Racing Bulls,LAW,42,9,HARD,21,30.098,31.685,26.862,88.645
11,Hungarian Grand Prix,Racing Bulls,LAW,43,11,SOFT,1,48.166,31.215,24.116,103.497
11,Hungarian Grand Prix,Racing Bulls,LAW,44,11,SOFT,2,29.57,31.051,24.234,84.855
11,Hungarian Grand Prix,Racing Bulls,LAW,45,11,SOFT,3,29.399,31.223,24.401,85.023
11,Hungarian Grand Prix,Racing Bulls,LAW,46,11,SOFT,4,29.458,31.312,24.757,85.527
11,Hungarian Grand Prix,Racing Bulls,LAW,47,11,SOFT,5,29.675,31.265,24.336,85.276
11,Hungarian Grand Prix,Racing Bulls,LAW,48,11,SOFT,6,29.545,31.197,24.423,85.165
11,Hungarian Grand Prix,Racing Bulls,LAW,49,11,SOFT,7,29.51,31.225,24.474,85.209
11,Hungarian Grand Prix,Racing Bulls,LAW,50,11,SOFT,8,29.42,31.148,24.498,85.066
11,Hungarian Grand Prix,Racing Bulls,LAW,51,11,SOFT,9,29.554,33.223,24.636,87.413
11,Hungarian Grand Prix,Racing Bulls,LAW,52,11,SOFT,10,29.473,31.173,24.395,85.041
11,Hungarian Grand Prix,Racing Bulls,LAW,53,11,SOFT,11,30.364,31.165,24.587,86.116
11,Hungarian Grand Prix,Racing Bulls,LAW,54,11,SOFT,12,29.56,31.111,24.499,85.17
11,Hungarian Grand Prix,Racing Bulls,LAW,55,11,SOFT,13,29.682,32.098,32.386,94.166
11,Hungarian Grand Prix,Racing Bulls,LAW,56,10,SOFT,14,42.08,32.158,24.272,98.51
11,Hungarian Grand Prix,Racing Bulls,LAW,57,10,SOFT,15,29.71,30.994,24.307,85.011
11,Hungarian Grand Prix,Racing Bulls,LAW,58,10,SOFT,16,29.366,31.595,24.576,85.537
11,Hungarian Grand Prix,Racing Bulls,LAW,59,9,SOFT,17,29.269,31.1,25.586,85.955
11,Hungarian Grand Prix,Racing Bulls,LAW,60,9,SOFT,18,29.612,31.135,24.692,85.439
11,Hungarian Grand Prix,Racing Bulls,LAW,61,9,SOFT,19,30.122,32.184,24.872,87.178
11,Hungarian Grand Prix,Racing Bulls,LAW,62,8,SOFT,20,29.587,32.251,25.558,87.396
11,Hungarian Grand Prix,Racing Bulls,LAW,63,8,SOFT,21,30.243,30.931,24.248,85.422
11,Hungarian Grand Prix,Racing Bulls,LAW,64,8,SOFT,22,29.303,30.343,24.254,83.9
11,Hungarian Grand Prix,Racing Bulls,LAW,65,8,SOFT,23,29.137,33.301,24.491,86.929
11,Hungarian Grand Prix,Racing Bulls,LAW,66,8,SOFT,24,29.337,30.75,24.322,84.409
11,Hungarian Grand Prix,Racing Bulls,LAW,67,8,SOFT,25,29.275,31.113,25.682,86.07
11,Hungarian Grand Prix,Racing Bulls,LAW,68,8,SOFT,26,29.373,30.692,24.38,84.445
11,Hungarian Grand Prix,Racing Bulls,LAW,69,8,SOFT,27,29.542,30.783,24.348,84.673
11,Hungarian Grand Prix,Haas F1 Team,OCO,1,12,MEDIUM,1,,34.07,25.224,96.871
11,Hungarian Grand Prix,Haas F1 Team,OCO,2,12,MEDIUM,2,30.477,32.909,25.31,88.696
11,Hungarian Grand Prix,Haas F1 Team,OCO,3,12,MEDIUM,3,30.043,32.363,25.083,87.489
11,Hungarian Grand Prix,Haas F1 Team,OCO,4,12,MEDIUM,4,30.235,32.253,25.161,87.649
11,Hungarian Grand Prix,Haas F1 Team,OCO,5,12,MEDIUM,5,30.282,32.109,25.102,87.493
11,Hungarian Grand Prix,Haas F1 Team,OCO,6,12,MEDIUM,6,30.404,32.18,25.096,87.68
11,Hungarian Grand Prix,Haas F1 Team,OCO,7,12,MEDIUM,7,30.461,32.148,25.075,87.684
11,Hungarian Grand Prix,Haas F1 Team,OCO,8,12,MEDIUM,8,30.54,32.262,25.122,87.924
11,Hungarian Grand Prix,Haas F1 Team,OCO,9,13,MEDIUM,9,31.08,32.489,25.15,88.719
11,Hungarian Grand Prix,Haas F1 Team,OCO,10,13,MEDIUM,10,30.629,32.139,25.038,87.806
11,Hungarian Grand Prix,Haas F1 Team,OCO,11,13,MEDIUM,11,30.55,32.379,25.265,88.194
11,Hungarian Grand Prix,Haas F1 Team,OCO,12,13,MEDIUM,12,30.807,32.59,25.288,88.685
11,Hungarian Grand Prix,Haas F1 Team,OCO,13,13,MEDIUM,13,30.663,32.398,25.25,88.311
11,Hungarian Grand Prix,Haas F1 Team,OCO,14,14,MEDIUM,14,30.678,33.629,25.455,89.762
11,Hungarian Grand Prix,Haas F1 Team,OCO,15,14,MEDIUM,15,30.594,32.368,25.231,88.193
11,Hungarian Grand Prix,Haas F1 Team,OCO,16,14,MEDIUM,16,30.656,32.423,25.214,88.293
11,Hungarian Grand Prix,Haas F1 Team,OCO,17,14,MEDIUM,17,30.558,32.409,27.991,90.958
11,Hungarian Grand Prix,Haas F1 Team,OCO,18,20,HARD,1,50.059,32.2,24.703,106.962
11,Hungarian Grand Prix,Haas F1 Team,OCO,19,19,HARD,2,29.967,32.204,24.791,86.962
11,Hungarian Grand Prix,Haas F1 Team,OCO,20,19,HARD,3,30.083,32.099,24.787,86.969
11,Hungarian Grand Prix,Haas F1 Team,OCO,21,19,HARD,4,30.28,32.182,24.943,87.405
11,Hungarian Grand Prix,Haas F1 Team,OCO,22,19,HARD,5,30.187,32.021,24.873,87.081
11,Hungarian Grand Prix,Haas F1 Team,OCO,23,18,HARD,6,30.144,32.24,25.044,87.428
11,Hungarian Grand Prix,Haas F1 Team,OCO,24,18,HARD,7,30.082,32.387,25.244,87.713
11,Hungarian Grand Prix,Haas F1 Team,OCO,25,18,HARD,8,30.279,32.972,25.438,88.689
11,Hungarian Grand Prix,Haas F1 Team,OCO,26,17,HARD,9,30.481,33.263,25.34,89.084
11,Hungarian Grand Prix,Haas F1 Team,OCO,27,17,HARD,10,30.215,31.973,24.924,87.112
11,Hungarian Grand Prix,Haas F1 Team,OCO,28,17,HARD,11,30.348,32.193,25.014,87.555
11,Hungarian Grand Prix,Haas F1 Team,OCO,29,17,HARD,12,30.138,32.02,24.899,87.057
11,Hungarian Grand Prix,Haas F1 Team,OCO,30,17,HARD,13,30.24,31.922,25.199,87.361
11,Hungarian Grand Prix,Haas F1 Team,OCO,31,17,HARD,14,30.264,32.364,24.98,87.608
11,Hungarian Grand Prix,Haas F1 Team,OCO,32,17,HARD,15,30.205,32.228,24.904,87.337
11,Hungarian Grand Prix,Haas F1 Team,OCO,33,17,HARD,16,30.193,33.159,24.946,88.298
11,Hungarian Grand Prix,Haas F1 Team,OCO,34,17,HARD,17,30.303,33.553,24.989,88.845
11,Hungarian Grand Prix,Haas F1 Team,OCO,35,16,HARD,18,30.261,32.095,27.432,89.788
11,Hungarian Grand Prix,Haas F1 Team,OCO,36,20,HARD,1,49.577,34.229,24.58,108.386
11,Hungarian Grand Prix,Haas F1 Team,OCO,37,20,HARD,2,29.951,32.306,24.625,86.882
11,Hungarian Grand Prix,Haas F1 Team,OCO,38,20,HARD,3,30.291,31.887,25.113,87.291
11,Hungarian Grand Prix,Haas F1 Team,OCO,39,19,HARD,4,30.347,32.099,24.744,87.19
11,Hungarian Grand Prix,Haas F1 Team,OCO,40,19,HARD,5,30.304,32.59,24.879,87.773
11,Hungarian Grand Prix,Haas F1 Team,OCO,41,18,HARD,6,31.034,31.801,24.627,87.462
11,Hungarian Grand Prix,Haas F1 Team,OCO,42,18,HARD,7,30.041,31.809,24.495,86.345
11,Hungarian Grand Prix,Haas F1 Team,OCO,43,18,HARD,8,29.951,31.718,24.45,86.119
11,Hungarian Grand Prix,Haas F1 Team,OCO,44,17,HARD,9,29.759,31.729,24.477,85.965
11,Hungarian Grand Prix,Haas F1 Team,OCO,45,17,HARD,10,29.876,31.735,24.636,86.247
11,Hungarian Grand Prix,Haas F1 Team,OCO,46,17,HARD,11,30.058,31.692,24.45,86.2
11,Hungarian Grand Prix,Haas F1 Team,OCO,47,17,HARD,12,30.011,31.608,24.712,86.331
11,Hungarian Grand Prix,Haas F1 Team,OCO,48,17,HARD,13,30.149,31.649,24.806,86.604
11,Hungarian Grand Prix,Haas F1 Team,OCO,49,17,HARD,14,31.201,32.545,24.588,88.334
11,Hungarian Grand Prix,Haas F1 Team,OCO,50,17,HARD,15,29.905,31.53,24.607,86.042
11,Hungarian Grand Prix,Haas F1 Team,OCO,51,17,HARD,16,29.924,31.625,24.599,86.148
11,Hungarian Grand Prix,Haas F1 Team,OCO,52,17,HARD,17,29.844,31.761,24.611,86.216
11,Hungarian Grand Prix,Haas F1 Team,OCO,53,17,HARD,18,30.141,31.653,24.863,86.657
11,Hungarian Grand Prix,Haas F1 Team,OCO,54,17,HARD,19,30.094,31.669,24.749,86.512
11,Hungarian Grand Prix,Haas F1 Team,OCO,55,17,HARD,20,46.284,34.798,25.85,106.932
11,Hungarian Grand Prix,Haas F1 Team,OCO,56,16,HARD,21,30.997,32.243,24.653,87.893
11,Hungarian Grand Prix,Haas F1 Team,OCO,57,16,HARD,22,29.79,31.723,24.499,86.012
11,Hungarian Grand Prix,Haas F1 Team,OCO,58,16,HARD,23,29.724,31.698,24.66,86.082
11,Hungarian Grand Prix,Haas F1 Team,OCO,59,16,HARD,24,29.937,31.834,24.557,86.328
11,Hungarian Grand Prix,Haas F1 Team,OCO,60,16,HARD,25,29.934,31.72,24.738,86.392
11,Hungarian Grand Prix,Haas F1 Team,OCO,61,16,HARD,26,29.971,31.571,24.712,86.254
11,Hungarian Grand Prix,Haas F1 Team,OCO,62,16,HARD,27,29.801,31.595,24.493,85.889
11,Hungarian Grand Prix,Haas F1 Team,OCO,63,16,HARD,28,30.053,31.504,24.583,86.14
11,Hungarian Grand Prix,Haas F1 Team,OCO,64,16,HARD,29,29.912,31.549,24.604,86.065
11,Hungarian Grand Prix,Haas F1 Team,OCO,65,16,HARD,30,31.665,31.647,24.604,87.916
11,Hungarian Grand Prix,Haas F1 Team,OCO,66,16,HARD,31,30.024,31.629,24.517,86.17
11,Hungarian Grand Prix,Haas F1 Team,OCO,67,16,HARD,32,29.966,31.551,24.677,86.194
11,Hungarian Grand Prix,Haas F1 Team,OCO,68,16,HARD,33,29.946,31.562,24.899,86.407
11,Hungarian Grand Prix,Racing Bulls,LIN,1,9,MEDIUM,1,,33.794,25.083,95.383
11,Hungarian Grand Prix,Racing Bulls,LIN,2,9,MEDIUM,2,30.603,32.691,24.791,88.085
11,Hungarian Grand Prix,Racing Bulls,LIN,3,9,MEDIUM,3,30.143,32.013,24.845,87.001
11,Hungarian Grand Prix,Racing Bulls,LIN,4,9,MEDIUM,4,30.482,31.935,24.823,87.24
11,Hungarian Grand Prix,Racing Bulls,LIN,5,9,MEDIUM,5,30.206,31.767,24.849,86.822
11,Hungarian Grand Prix,Racing Bulls,LIN,6,9,MEDIUM,6,30.242,31.799,24.789,86.83
11,Hungarian Grand Prix,Racing Bulls,LIN,7,9,MEDIUM,7,30.198,31.876,24.828,86.902
11,Hungarian Grand Prix,Racing Bulls,LIN,8,9,MEDIUM,8,30.079,31.839,24.83,86.748
11,Hungarian Grand Prix,Racing Bulls,LIN,9,9,MEDIUM,9,30.263,31.866,24.915,87.044
11,Hungarian Grand Prix,Racing Bulls,LIN,10,9,MEDIUM,10,30.415,31.809,24.867,87.091
11,Hungarian Grand Prix,Racing Bulls,LIN,11,9,MEDIUM,11,30.314,31.864,24.878,87.056
11,Hungarian Grand Prix,Racing Bulls,LIN,12,9,MEDIUM,12,30.403,32.048,24.974,87.425
11,Hungarian Grand Prix,Racing Bulls,LIN,13,9,MEDIUM,13,30.306,32.07,24.892,87.268
11,Hungarian Grand Prix,Racing Bulls,LIN,14,9,MEDIUM,14,30.291,32.753,25.08,88.124
11,Hungarian Grand Prix,Racing Bulls,LIN,15,9,MEDIUM,15,30.448,32.016,25.03,87.494
11,Hungarian Grand Prix,Racing Bulls,LIN,16,9,MEDIUM,16,30.281,32.156,25.069,87.506
11,Hungarian Grand Prix,Racing Bulls,LIN,17,9,MEDIUM,17,30.557,32.056,25.147,87.76
11,Hungarian Grand Prix,Racing Bulls,LIN,18,10,MEDIUM,18,30.987,32.4,25.101,88.488
11,Hungarian Grand Prix,Racing Bulls,LIN,19,10,MEDIUM,19,30.309,32.111,24.945,87.365
11,Hungarian Grand Prix,Racing Bulls,LIN,20,9,MEDIUM,20,30.334,31.796,27.304,89.434
11,Hungarian Grand Prix,Racing Bulls,LIN,21,12,HARD,1,48.419,31.366,24.458,104.243
11,Hungarian Grand Prix,Racing Bulls,LIN,22,12,HARD,2,30.055,32.05,24.736,86.841
11,Hungarian Grand Prix,Racing Bulls,LIN,23,12,HARD,3,29.958,31.763,24.681,86.402
11,Hungarian Grand Prix,Racing Bulls,LIN,24,12,HARD,4,29.875,32.596,24.992,87.463
11,Hungarian Grand Prix,Racing Bulls,LIN,25,11,HARD,5,30.252,31.878,24.566,86.696
11,Hungarian Grand Prix,Racing Bulls,LIN,26,11,HARD,6,30.035,31.672,24.663,86.37
11,Hungarian Grand Prix,Racing Bulls,LIN,27,11,HARD,7,30.105,31.543,24.58,86.228
11,Hungarian Grand Prix,Racing Bulls,LIN,28,11,HARD,8,29.951,31.606,24.849,86.406
11,Hungarian Grand Prix,Racing Bulls,LIN,29,11,HARD,9,30.2,31.795,24.72,86.715
11,Hungarian Grand Prix,Racing Bulls,LIN,30,10,HARD,10,30.193,31.763,24.659,86.615
11,Hungarian Grand Prix,Racing Bulls,LIN,31,10,HARD,11,30.263,31.459,24.703,86.425
11,Hungarian Grand Prix,Racing Bulls,LIN,32,10,HARD,12,30.068,31.536,24.642,86.246
11,Hungarian Grand Prix,Racing Bulls,LIN,33,10,HARD,13,30.197,31.533,24.603,86.333
11,Hungarian Grand Prix,Racing Bulls,LIN,34,10,HARD,14,30.156,31.49,24.616,86.262
11,Hungarian Grand Prix,Racing Bulls,LIN,35,10,HARD,15,30.102,31.526,24.616,86.244
11,Hungarian Grand Prix,Racing Bulls,LIN,36,10,HARD,16,30.056,31.582,24.615,86.253
11,Hungarian Grand Prix,Racing Bulls,LIN,37,10,HARD,17,30.125,31.536,24.611,86.272
11,Hungarian Grand Prix,Racing Bulls,LIN,38,10,HARD,18,30.08,31.693,24.632,86.405
11,Hungarian Grand Prix,Racing Bulls,LIN,39,10,HARD,19,30.03,31.668,24.688,86.386
11,Hungarian Grand Prix,Racing Bulls,LIN,40,10,HARD,20,30.208,31.823,24.611,86.642
11,Hungarian Grand Prix,Racing Bulls,LIN,41,10,HARD,21,30.16,31.692,24.652,86.504
11,Hungarian Grand Prix,Racing Bulls,LIN,42,10,HARD,22,30.21,31.723,24.763,86.696
11,Hungarian Grand Prix,Racing Bulls,LIN,43,9,HARD,23,30.149,31.504,24.483,86.136
11,Hungarian Grand Prix,Racing Bulls,LIN,44,9,HARD,24,30.152,31.605,24.425,86.182
11,Hungarian Grand Prix,Racing Bulls,LIN,45,9,HARD,25,29.998,31.558,24.531,86.087
11,Hungarian Grand Prix,Racing Bulls,LIN,46,9,HARD,26,30.199,31.574,24.523,86.296
11,Hungarian Grand Prix,Racing Bulls,LIN,47,9,HARD,27,29.95,31.453,24.528,85.931
11,Hungarian Grand Prix,Racing Bulls,LIN,48,9,HARD,28,29.991,31.381,24.629,86.001
11,Hungarian Grand Prix,Racing Bulls,LIN,49,9,HARD,29,29.97,31.483,24.609,86.062
11,Hungarian Grand Prix,Racing Bulls,LIN,50,9,HARD,30,30.16,31.493,24.684,86.337
11,Hungarian Grand Prix,Racing Bulls,LIN,51,9,HARD,31,29.976,31.452,24.557,85.985
11,Hungarian Grand Prix,Racing Bulls,LIN,52,9,HARD,32,30.091,31.584,24.561,86.236
11,Hungarian Grand Prix,Racing Bulls,LIN,53,9,HARD,33,29.987,31.512,24.653,86.152
11,Hungarian Grand Prix,Racing Bulls,LIN,54,9,HARD,34,30.051,31.617,24.65,86.318
11,Hungarian Grand Prix,Racing Bulls,LIN,55,9,HARD,35,30.271,33.078,31.22,94.569
11,Hungarian Grand Prix,Racing Bulls,LIN,56,8,HARD,36,42.265,33.908,24.676,100.849
11,Hungarian Grand Prix,Racing Bulls,LIN,57,8,HARD,37,30.073,31.77,24.625,86.468
11,Hungarian Grand Prix,Racing Bulls,LIN,58,8,HARD,38,30.067,31.625,24.613,86.305
11,Hungarian Grand Prix,Racing Bulls,LIN,59,8,HARD,39,30.0,31.52,24.71,86.23
11,Hungarian Grand Prix,Racing Bulls,LIN,60,8,HARD,40,30.517,32.285,24.61,87.412
11,Hungarian Grand Prix,Racing Bulls,LIN,61,8,HARD,41,30.489,31.997,24.901,87.387
11,Hungarian Grand Prix,Racing Bulls,LIN,62,9,HARD,42,30.867,32.718,25.114,88.699
11,Hungarian Grand Prix,Racing Bulls,LIN,63,10,HARD,43,30.994,34.28,25.086,90.36
11,Hungarian Grand Prix,Racing Bulls,LIN,64,10,HARD,44,30.319,32.876,24.895,88.09
11,Hungarian Grand Prix,Racing Bulls,LIN,65,10,HARD,45,30.255,32.08,24.969,87.304
11,Hungarian Grand Prix,Racing Bulls,LIN,66,10,HARD,46,30.365,32.111,25.004,87.48
11,Hungarian Grand Prix,Racing Bulls,LIN,67,10,HARD,47,30.497,32.062,25.157,87.716
11,Hungarian Grand Prix,Racing Bulls,LIN,68,10,HARD,48,30.446,32.385,25.258,88.089
11,Hungarian Grand Prix,Racing Bulls,LIN,69,10,HARD,49,30.48,33.078,25.278,88.836
11,Hungarian Grand Prix,Alpine,COL,1,14,MEDIUM,1,,35.293,25.112,97.708
11,Hungarian Grand Prix,Alpine,COL,2,14,MEDIUM,2,30.568,32.969,25.226,88.763
11,Hungarian Grand Prix,Alpine,COL,3,14,MEDIUM,3,30.345,32.695,25.029,88.069
11,Hungarian Grand Prix,Alpine,COL,4,14,MEDIUM,4,30.268,32.552,24.981,87.801
11,Hungarian Grand Prix,Alpine,COL,5,14,MEDIUM,5,30.458,32.42,25.29,88.168
11,Hungarian Grand Prix,Alpine,COL,6,15,MEDIUM,6,30.874,32.491,24.925,88.29
11,Hungarian Grand Prix,Alpine,COL,7,15,MEDIUM,7,30.259,32.239,25.007,87.505
11,Hungarian Grand Prix,Alpine,COL,8,15,MEDIUM,8,30.446,32.256,25.186,87.888
11,Hungarian Grand Prix,Alpine,COL,9,15,MEDIUM,9,30.29,32.589,25.153,88.032
11,Hungarian Grand Prix,Alpine,COL,10,15,MEDIUM,10,30.586,32.329,25.192,88.107
11,Hungarian Grand Prix,Alpine,COL,11,15,MEDIUM,11,30.355,32.336,25.287,87.978
11,Hungarian Grand Prix,Alpine,COL,12,15,MEDIUM,12,30.431,32.517,25.322,88.27
11,Hungarian Grand Prix,Alpine,COL,13,15,MEDIUM,13,30.424,32.544,25.383,88.351
11,Hungarian Grand Prix,Alpine,COL,14,15,MEDIUM,14,30.403,33.145,25.591,89.139
11,Hungarian Grand Prix,Alpine,COL,15,16,MEDIUM,15,30.591,32.576,27.826,90.993
11,Hungarian Grand Prix,Alpine,COL,16,20,HARD,1,50.214,32.452,24.546,107.212
11,Hungarian Grand Prix,Alpine,COL,17,20,HARD,2,29.752,31.794,24.465,86.011
11,Hungarian Grand Prix,Alpine,COL,18,19,HARD,3,29.897,32.003,24.659,86.559
11,Hungarian Grand Prix,Alpine,COL,19,18,HARD,4,30.094,32.306,24.855,87.255
11,Hungarian Grand Prix,Alpine,COL,20,18,HARD,5,30.082,32.277,24.886,87.245
11,Hungarian Grand Prix,Alpine,COL,21,18,HARD,6,30.127,32.503,24.977,87.607
11,Hungarian Grand Prix,Alpine,COL,22,18,HARD,7,30.025,32.286,24.792,87.103
11,Hungarian Grand Prix,Alpine,COL,23,17,HARD,8,30.448,32.401,25.29,88.139
11,Hungarian Grand Prix,Alpine,COL,24,17,HARD,9,30.071,32.765,25.259,88.095
11,Hungarian Grand Prix,Alpine,COL,25,17,HARD,10,30.225,33.276,25.462,88.963
11,Hungarian Grand Prix,Alpine,COL,26,16,HARD,11,29.855,32.316,24.925,87.096
11,Hungarian Grand Prix,Alpine,COL,27,16,HARD,12,29.915,32.2,25.023,87.138
11,Hungarian Grand Prix,Alpine,COL,28,16,HARD,13,30.812,32.313,25.099,88.224
11,Hungarian Grand Prix,Alpine,COL,29,16,HARD,14,30.022,31.996,25.082,87.1
11,Hungarian Grand Prix,Alpine,COL,30,16,HARD,15,29.994,32.127,25.226,87.347
11,Hungarian Grand Prix,Alpine,COL,31,16,HARD,16,30.08,32.255,25.076,87.411
11,Hungarian Grand Prix,Alpine,COL,32,16,HARD,17,30.023,32.013,25.056,87.092
11,Hungarian Grand Prix,Alpine,COL,33,16,HARD,18,29.968,31.901,25.057,86.926
11,Hungarian Grand Prix,Alpine,COL,34,16,HARD,19,31.455,32.465,25.016,88.936
11,Hungarian Grand Prix,Alpine,COL,35,15,HARD,20,29.984,31.904,26.228,88.116
11,Hungarian Grand Prix,Alpine,COL,36,15,HARD,21,29.968,32.312,25.136,87.416
11,Hungarian Grand Prix,Alpine,COL,37,15,HARD,22,30.035,32.021,27.333,89.389
11,Hungarian Grand Prix,Alpine,COL,38,17,HARD,1,50.111,32.587,24.72,107.418
11,Hungarian Grand Prix,Alpine,COL,39,17,HARD,2,29.382,31.178,24.372,84.932
11,Hungarian Grand Prix,Alpine,COL,40,17,HARD,3,29.256,30.91,24.458,84.624
11,Hungarian Grand Prix,Alpine,COL,41,16,HARD,4,29.714,31.437,24.513,85.664
11,Hungarian Grand Prix,Alpine,COL,42,16,HARD,5,29.692,31.416,24.523,85.631
11,Hungarian Grand Prix,Alpine,COL,43,16,HARD,6,29.714,31.724,24.762,86.2
11,Hungarian Grand Prix,Alpine,COL,44,16,HARD,7,29.504,31.389,24.684,85.577
11,Hungarian Grand Prix,Alpine,COL,45,16,HARD,8,29.768,31.581,24.611,85.96
11,Hungarian Grand Prix,Alpine,COL,46,16,HARD,9,29.727,31.383,24.635,85.745
11,Hungarian Grand Prix,Alpine,COL,47,16,HARD,10,29.532,31.349,25.115,85.996
11,Hungarian Grand Prix,Alpine,COL,48,16,HARD,11,29.675,31.473,24.907,86.055
11,Hungarian Grand Prix,Alpine,COL,49,16,HARD,12,29.799,31.656,24.828,86.283
11,Hungarian Grand Prix,Alpine,COL,50,16,HARD,13,29.551,31.229,24.927,85.707
11,Hungarian Grand Prix,Alpine,COL,51,16,HARD,14,29.585,31.394,24.765,85.744
11,Hungarian Grand Prix,Alpine,COL,52,16,HARD,15,31.597,31.926,24.952,88.475
11,Hungarian Grand Prix,Alpine,COL,53,16,HARD,16,29.761,31.465,24.886,86.112
11,Hungarian Grand Prix,Alpine,COL,54,16,HARD,17,29.684,31.466,24.899,86.049
11,Hungarian Grand Prix,Alpine,COL,55,16,HARD,18,37.336,38.292,30.39,106.018
11,Hungarian Grand Prix,Alpine,COL,56,14,HARD,19,30.257,31.933,25.529,87.719
11,Hungarian Grand Prix,Alpine,COL,57,14,HARD,20,29.765,31.909,24.642,86.316
11,Hungarian Grand Prix,Alpine,COL,58,14,HARD,21,29.629,31.401,24.754,85.784
11,Hungarian Grand Prix,Alpine,COL,59,14,HARD,22,29.631,31.482,24.559,85.672
11,Hungarian Grand Prix,Alpine,COL,60,15,HARD,23,30.443,31.948,26.113,88.504
11,Hungarian Grand Prix,Alpine,COL,61,15,HARD,24,29.819,31.666,25.097,86.582
11,Hungarian Grand Prix,Alpine,COL,62,15,HARD,25,29.84,31.58,24.83,86.25
11,Hungarian Grand Prix,Alpine,COL,63,15,HARD,26,29.613,31.43,24.892,85.935
11,Hungarian Grand Prix,Alpine,COL,64,15,HARD,27,29.58,31.724,25.007,86.311
11,Hungarian Grand Prix,Alpine,COL,65,15,HARD,28,29.711,31.858,24.983,86.552
11,Hungarian Grand Prix,Alpine,COL,66,15,HARD,29,30.059,32.124,25.258,87.441
11,Hungarian Grand Prix,Alpine,COL,67,15,HARD,30,30.773,32.422,25.367,88.562
11,Hungarian Grand Prix,Alpine,COL,68,15,HARD,31,31.65,32.235,24.911,88.796
11,Hungarian Grand Prix,Ferrari,HAM,1,4,SOFT,1,,32.879,24.176,92.42
11,Hungarian Grand Prix,Ferrari,HAM,2,4,SOFT,2,29.979,31.586,24.346,85.911
11,Hungarian Grand Prix,Ferrari,HAM,3,4,SOFT,3,29.665,31.611,24.322,85.598
11,Hungarian Grand Prix,Ferrari,HAM,4,4,SOFT,4,29.63,31.671,24.315,85.616
11,Hungarian Grand Prix,Ferrari,HAM,5,4,SOFT,5,30.201,31.21,24.395,85.806
11,Hungarian Grand Prix,Ferrari,HAM,6,4,SOFT,6,29.77,31.167,24.291,85.228
11,Hungarian Grand Prix,Ferrari,HAM,7,4,SOFT,7,29.689,31.36,24.425,85.474
11,Hungarian Grand Prix,Ferrari,HAM,8,4,SOFT,8,29.706,31.322,24.341,85.369
11,Hungarian Grand Prix,Ferrari,HAM,9,4,SOFT,9,29.603,31.748,24.559,85.91
11,Hungarian Grand Prix,Ferrari,HAM,10,4,SOFT,10,29.764,31.288,24.349,85.401
11,Hungarian Grand Prix,Ferrari,HAM,11,4,SOFT,11,29.798,31.467,24.467,85.732
11,Hungarian Grand Prix,Ferrari,HAM,12,4,SOFT,12,29.762,31.519,24.522,85.803
11,Hungarian Grand Prix,Ferrari,HAM,13,5,SOFT,13,29.943,31.405,27.292,88.64
11,Hungarian Grand Prix,Ferrari,HAM,14,8,HARD,1,48.497,30.919,23.669,103.085
11,Hungarian Grand Prix,Ferrari,HAM,15,6,HARD,2,29.404,30.879,24.654,84.937
11,Hungarian Grand Prix,Ferrari,HAM,16,7,HARD,3,30.459,31.59,24.043,86.092
11,Hungarian Grand Prix,Ferrari,HAM,17,6,HARD,4,29.41,31.337,24.317,85.064
11,Hungarian Grand Prix,Ferrari,HAM,18,6,HARD,5,29.498,31.744,24.412,85.654
11,Hungarian Grand Prix,Ferrari,HAM,19,5,HARD,6,29.935,31.906,24.543,86.384
11,Hungarian Grand Prix,Ferrari,HAM,20,5,HARD,7,29.916,31.127,24.212,85.255
11,Hungarian Grand Prix,Ferrari,HAM,21,5,HARD,8,29.669,31.191,24.347,85.207
11,Hungarian Grand Prix,Ferrari,HAM,22,5,HARD,9,29.779,31.183,24.269,85.231
11,Hungarian Grand Prix,Ferrari,HAM,23,4,HARD,10,29.844,31.22,24.511,85.575
11,Hungarian Grand Prix,Ferrari,HAM,24,4,HARD,11,29.8,30.988,24.462,85.25
11,Hungarian Grand Prix,Ferrari,HAM,25,4,HARD,12,29.768,31.034,24.351,85.153
11,Hungarian Grand Prix,Ferrari,HAM,26,4,HARD,13,29.788,31.237,24.515,85.54
11,Hungarian Grand Prix,Ferrari,HAM,27,4,HARD,14,30.057,31.311,24.558,85.926
11,Hungarian Grand Prix,Ferrari,HAM,28,4,HARD,15,29.882,30.972,24.657,85.511
11,Hungarian Grand Prix,Ferrari,HAM,29,4,HARD,16,29.884,31.149,24.586,85.619
11,Hungarian Grand Prix,Ferrari,HAM,30,6,HARD,17,29.948,31.292,27.0,88.24
11,Hungarian Grand Prix,Ferrari,HAM,31,7,HARD,1,48.435,31.307,24.208,103.95
11,Hungarian Grand Prix,Ferrari,HAM,32,6,HARD,2,29.197,30.498,23.976,83.671
11,Hungarian Grand Prix,Ferrari,HAM,33,6,HARD,3,29.299,30.93,23.955,84.184
11,Hungarian Grand Prix,Ferrari,HAM,34,6,HARD,4,29.359,30.807,24.058,84.224
11,Hungarian Grand Prix,Ferrari,HAM,35,6,HARD,5,29.483,30.861,23.926,84.27
11,Hungarian Grand Prix,Ferrari,HAM,36,6,HARD,6,29.392,30.744,24.103,84.239
11,Hungarian Grand Prix,Ferrari,HAM,37,5,HARD,7,29.413,31.0,24.376,84.789
11,Hungarian Grand Prix,Ferrari,HAM,38,5,HARD,8,29.58,31.966,24.139,85.685
11,Hungarian Grand Prix,Ferrari,HAM,39,5,HARD,9,29.385,30.886,24.149,84.42
11,Hungarian Grand Prix,Ferrari,HAM,40,5,HARD,10,29.527,31.022,24.068,84.617
11,Hungarian Grand Prix,Ferrari,HAM,41,5,HARD,11,29.499,31.157,24.092,84.748
11,Hungarian Grand Prix,Ferrari,HAM,42,4,HARD,12,29.568,31.075,24.1,84.743
11,Hungarian Grand Prix,Ferrari,HAM,43,4,HARD,13,29.503,31.036,24.158,84.697
11,Hungarian Grand Prix,Ferrari,HAM,44,4,HARD,14,29.475,30.854,24.116,84.445
11,Hungarian Grand Prix,Ferrari,HAM,45,4,HARD,15,29.401,30.965,24.299,84.665
11,Hungarian Grand Prix,Ferrari,HAM,46,4,HARD,16,29.418,30.896,24.222,84.536
11,Hungarian Grand Prix,Ferrari,HAM,47,4,HARD,17,29.348,30.659,24.042,84.049
11,Hungarian Grand Prix,Ferrari,HAM,48,4,HARD,18,29.442,30.718,24.244,84.404
11,Hungarian Grand Prix,Ferrari,HAM,49,4,HARD,19,29.53,30.798,24.458,84.786
11,Hungarian Grand Prix,Ferrari,HAM,50,4,HARD,20,29.276,30.611,24.424,84.311
11,Hungarian Grand Prix,Ferrari,HAM,51,4,HARD,21,29.325,30.627,24.262,84.214
11,Hungarian Grand Prix,Ferrari,HAM,52,4,HARD,22,29.455,30.673,24.279,84.407
11,Hungarian Grand Prix,Ferrari,HAM,53,4,HARD,23,29.369,30.599,24.327,84.295
11,Hungarian Grand Prix,Ferrari,HAM,54,3,HARD,24,29.372,30.814,24.404,84.59
11,Hungarian Grand Prix,Ferrari,HAM,55,3,HARD,25,29.365,30.78,24.258,84.403
11,Hungarian Grand Prix,Ferrari,HAM,56,2,HARD,26,29.638,36.659,30.011,96.308
11,Hungarian Grand Prix,Ferrari,HAM,57,3,SOFT,4,53.035,30.393,23.094,106.522
11,Hungarian Grand Prix,Ferrari,HAM,58,4,SOFT,5,30.528,30.444,23.489,84.461
11,Hungarian Grand Prix,Ferrari,HAM,59,4,SOFT,6,28.569,30.215,23.516,82.3
11,Hungarian Grand Prix,Ferrari,HAM,60,4,SOFT,7,29.523,30.575,23.734,83.832
11,Hungarian Grand Prix,Ferrari,HAM,61,4,SOFT,8,28.991,30.287,23.81,83.088
11,Hungarian Grand Prix,Ferrari,HAM,62,4,SOFT,9,28.93,30.292,24.069,83.291
11,Hungarian Grand Prix,Ferrari,HAM,63,4,SOFT,10,29.145,31.539,24.394,85.078
11,Hungarian Grand Prix,Ferrari,HAM,64,4,SOFT,11,29.012,30.965,23.865,83.842
11,Hungarian Grand Prix,Ferrari,HAM,65,4,SOFT,12,28.94,30.406,23.685,83.031
11,Hungarian Grand Prix,Ferrari,HAM,66,4,SOFT,13,28.867,30.416,24.118,83.401
11,Hungarian Grand Prix,Ferrari,HAM,67,4,SOFT,14,29.0,30.362,23.895,83.257
11,Hungarian Grand Prix,Ferrari,HAM,68,4,SOFT,15,29.022,30.242,23.864,83.128
11,Hungarian Grand Prix,Ferrari,HAM,69,4,SOFT,16,28.911,30.334,23.933,83.178
11,Hungarian Grand Prix,Ferrari,HAM,70,4,SOFT,17,28.917,30.223,23.89,83.03
11,Hungarian Grand Prix,Audi,BOR,1,13,SOFT,1,,34.008,25.144,97.037
11,Hungarian Grand Prix,Audi,BOR,2,13,SOFT,2,30.576,32.905,25.262,88.743
11,Hungarian Grand Prix,Audi,BOR,3,13,SOFT,3,30.046,32.475,25.113,87.634
11,Hungarian Grand Prix,Audi,BOR,4,13,SOFT,4,30.149,32.344,25.073,87.566
11,Hungarian Grand Prix,Audi,BOR,5,13,SOFT,5,30.239,32.327,25.109,87.675
11,Hungarian Grand Prix,Audi,BOR,6,13,SOFT,6,30.168,32.368,25.132,87.668
11,Hungarian Grand Prix,Audi,BOR,7,13,SOFT,7,30.323,32.298,25.156,87.777
11,Hungarian Grand Prix,Audi,BOR,8,14,SOFT,8,30.661,32.509,25.225,88.395
11,Hungarian Grand Prix,Audi,BOR,9,14,SOFT,9,30.363,32.764,25.074,88.201
11,Hungarian Grand Prix,Audi,BOR,10,14,SOFT,10,30.335,32.405,25.213,87.953
11,Hungarian Grand Prix,Audi,BOR,11,14,SOFT,11,30.474,32.386,25.154,88.014
11,Hungarian Grand Prix,Audi,BOR,12,14,SOFT,12,30.422,33.035,25.26,88.717
11,Hungarian Grand Prix,Audi,BOR,13,14,SOFT,13,30.535,32.613,25.233,88.381
11,Hungarian Grand Prix,Audi,BOR,14,13,SOFT,14,30.307,32.839,24.973,88.119
11,Hungarian Grand Prix,Audi,BOR,15,13,SOFT,15,30.26,32.005,24.919,87.184
11,Hungarian Grand Prix,Audi,BOR,16,12,SOFT,16,30.307,31.957,24.864,87.128
11,Hungarian Grand Prix,Audi,BOR,17,12,SOFT,17,30.53,31.964,24.836,87.33
11,Hungarian Grand Prix,Audi,BOR,18,12,SOFT,18,30.182,31.783,24.832,86.797
11,Hungarian Grand Prix,Audi,BOR,19,12,SOFT,19,30.236,31.833,24.858,86.927
11,Hungarian Grand Prix,Audi,BOR,20,11,SOFT,20,30.466,32.221,24.861,87.548
11,Hungarian Grand Prix,Audi,BOR,21,10,SOFT,21,30.033,31.877,24.913,86.823
11,Hungarian Grand Prix,Audi,BOR,22,9,SOFT,22,30.219,31.745,24.826,86.79
11,Hungarian Grand Prix,Audi,BOR,23,9,SOFT,23,30.25,32.01,24.885,87.145
11,Hungarian Grand Prix,Audi,BOR,24,9,SOFT,24,30.19,32.129,24.951,87.27
11,Hungarian Grand Prix,Audi,BOR,25,9,SOFT,25,30.109,31.857,24.927,86.893
11,Hungarian Grand Prix,Audi,BOR,26,9,SOFT,26,30.146,31.931,25.166,87.243
11,Hungarian Grand Prix,Audi,BOR,27,9,SOFT,27,30.314,31.909,24.913,87.136
11,Hungarian Grand Prix,Audi,BOR,28,8,SOFT,28,30.16,32.351,25.169,87.68
11,Hungarian Grand Prix,Audi,BOR,29,10,SOFT,29,30.521,32.775,27.803,91.099
11,Hungarian Grand Prix,Audi,BOR,30,14,HARD,1,49.211,31.473,24.265,104.949
11,Hungarian Grand Prix,Audi,BOR,31,14,HARD,2,29.448,31.132,24.335,84.915
11,Hungarian Grand Prix,Audi,BOR,32,14,HARD,3,29.637,32.386,24.996,87.019
11,Hungarian Grand Prix,Audi,BOR,33,13,HARD,4,29.56,30.947,24.276,84.783
11,Hungarian Grand Prix,Audi,BOR,34,13,HARD,5,29.585,31.283,24.314,85.182
11,Hungarian Grand Prix,Audi,BOR,35,13,HARD,6,29.618,31.278,24.342,85.238
11,Hungarian Grand Prix,Audi,BOR,36,13,HARD,7,29.632,31.276,24.48,85.388
11,Hungarian Grand Prix,Audi,BOR,37,13,HARD,8,29.74,32.924,25.264,87.928
11,Hungarian Grand Prix,Audi,BOR,38,12,HARD,9,29.857,31.44,24.593,85.89
11,Hungarian Grand Prix,Audi,BOR,39,12,HARD,10,29.633,31.175,24.43,85.238
11,Hungarian Grand Prix,Audi,BOR,40,11,HARD,11,29.76,31.057,24.174,84.991
11,Hungarian Grand Prix,Audi,BOR,41,11,HARD,12,29.689,31.088,24.36,85.137
11,Hungarian Grand Prix,Audi,BOR,42,11,HARD,13,29.653,31.057,24.492,85.202
11,Hungarian Grand Prix,Audi,BOR,43,10,HARD,14,29.617,31.236,24.459,85.312
11,Hungarian Grand Prix,Audi,BOR,44,10,HARD,15,29.673,31.464,24.786,85.923
11,Hungarian Grand Prix,Audi,BOR,45,10,HARD,16,29.74,31.315,24.506,85.561
11,Hungarian Grand Prix,Audi,BOR,46,10,HARD,17,29.714,31.393,24.597,85.704
11,Hungarian Grand Prix,Audi,BOR,47,10,HARD,18,29.763,31.4,24.517,85.68
11,Hungarian Grand Prix,Audi,BOR,48,10,HARD,19,29.685,31.375,24.718,85.778
11,Hungarian Grand Prix,Audi,BOR,49,10,HARD,20,29.743,31.475,24.624,85.842
11,Hungarian Grand Prix,Audi,BOR,50,10,HARD,21,29.865,31.319,24.662,85.846
11,Hungarian Grand Prix,Audi,BOR,51,10,HARD,22,29.683,31.526,24.615,85.824
11,Hungarian Grand Prix,Audi,BOR,52,10,HARD,23,29.783,31.651,24.712,86.146
11,Hungarian Grand Prix,Audi,BOR,53,10,HARD,24,29.781,31.76,24.8,86.341
11,Hungarian Grand Prix,Audi,BOR,54,10,HARD,25,30.706,31.95,24.746,87.402
11,Hungarian Grand Prix,Audi,BOR,55,10,HARD,26,29.896,31.835,32.632,94.363
11,Hungarian Grand Prix,Audi,BOR,56,9,HARD,27,40.466,34.31,24.726,99.502
11,Hungarian Grand Prix,Audi,BOR,57,9,HARD,28,29.945,31.44,24.49,85.875
11,Hungarian Grand Prix,Audi,BOR,58,9,HARD,29,29.641,31.933,24.629,86.203
11,Hungarian Grand Prix,Audi,BOR,59,11,HARD,30,30.616,33.315,25.157,89.088
11,Hungarian Grand Prix,Audi,BOR,60,11,HARD,31,29.979,31.917,25.787,87.683
11,Hungarian Grand Prix,Audi,BOR,61,11,HARD,32,30.033,31.962,24.893,86.888
11,Hungarian Grand Prix,Audi,BOR,62,11,HARD,33,29.92,32.33,26.088,88.338
11,Hungarian Grand Prix,Audi,BOR,63,11,HARD,34,29.879,31.99,24.906,86.775
11,Hungarian Grand Prix,Audi,BOR,64,11,HARD,35,30.645,32.363,25.145,88.153
11,Hungarian Grand Prix,Audi,BOR,65,11,HARD,36,29.918,32.172,24.921,87.011
11,Hungarian Grand Prix,Audi,BOR,66,11,HARD,37,29.985,32.355,25.003,87.343
11,Hungarian Grand Prix,Audi,BOR,67,11,HARD,38,30.195,32.387,25.103,87.685
11,Hungarian Grand Prix,Audi,BOR,68,11,HARD,39,30.237,32.564,25.222,88.023
11,Hungarian Grand Prix,Audi,BOR,69,11,HARD,40,30.113,33.4,25.673,89.186
11,Hungarian Grand Prix,Williams,SAI,1,17,SOFT,1,,35.191,25.394,99.271
11,Hungarian Grand Prix,Williams,SAI,2,17,SOFT,2,30.674,32.87,25.473,89.017
11,Hungarian Grand Prix,Williams,SAI,3,18,SOFT,3,31.002,32.886,25.25,89.138
11,Hungarian Grand Prix,Williams,SAI,4,18,SOFT,4,30.681,32.459,25.203,88.343
11,Hungarian Grand Prix,Williams,SAI,5,18,SOFT,5,30.588,32.502,25.398,88.488
11,Hungarian Grand Prix,Williams,SAI,6,18,SOFT,6,30.753,32.629,25.09,88.472
11,Hungarian Grand Prix,Williams,SAI,7,18,SOFT,7,30.83,32.481,25.017,88.328
11,Hungarian Grand Prix,Williams,SAI,8,18,SOFT,8,30.649,32.557,25.148,88.354
11,Hungarian Grand Prix,Williams,SAI,9,18,SOFT,9,30.58,32.57,25.043,88.193
11,Hungarian Grand Prix,Williams,SAI,10,18,SOFT,10,30.621,32.501,24.998,88.12
11,Hungarian Grand Prix,Williams,SAI,11,18,SOFT,11,30.488,32.459,24.999,87.946
11,Hungarian Grand Prix,Williams,SAI,12,18,SOFT,12,30.543,32.488,25.09,88.121
11,Hungarian Grand Prix,Williams,SAI,13,18,SOFT,13,30.531,32.637,25.206,88.374
11,Hungarian Grand Prix,Williams,SAI,14,18,SOFT,14,30.442,32.883,25.226,88.551
11,Hungarian Grand Prix,Williams,SAI,15,18,SOFT,15,30.838,32.678,25.142,88.658
11,Hungarian Grand Prix,Williams,SAI,16,17,SOFT,16,30.497,32.542,25.115,88.154
11,Hungarian Grand Prix,Williams,SAI,17,16,SOFT,17,30.432,32.576,25.074,88.082
11,Hungarian Grand Prix,Williams,SAI,18,15,SOFT,18,30.394,32.648,27.172,90.214
11,Hungarian Grand Prix,Williams,SAI,19,20,MEDIUM,1,48.861,31.607,24.25,104.718
11,Hungarian Grand Prix,Williams,SAI,20,20,MEDIUM,2,30.128,32.074,24.728,86.93
11,Hungarian Grand Prix,Williams,SAI,21,20,MEDIUM,3,30.117,32.111,24.72,86.948
11,Hungarian Grand Prix,Williams,SAI,22,20,MEDIUM,4,30.363,31.966,24.919,87.248
11,Hungarian Grand Prix,Williams,SAI,23,19,MEDIUM,5,30.295,32.303,24.965,87.563
11,Hungarian Grand Prix,Williams,SAI,24,19,MEDIUM,6,30.173,32.166,24.703,87.042
11,Hungarian Grand Prix,Williams,SAI,25,19,MEDIUM,7,30.207,32.284,24.993,87.484
11,Hungarian Grand Prix,Williams,SAI,26,18,MEDIUM,8,30.358,32.488,25.161,88.007
11,Hungarian Grand Prix,Williams,SAI,27,18,MEDIUM,9,30.352,32.378,24.954,87.684
11,Hungarian Grand Prix,Williams,SAI,28,18,MEDIUM,10,30.451,32.395,25.028,87.874
11,Hungarian Grand Prix,Williams,SAI,29,18,MEDIUM,11,30.297,32.086,24.888,87.271
11,Hungarian Grand Prix,Williams,SAI,30,18,MEDIUM,12,30.313,32.306,25.004,87.623
11,Hungarian Grand Prix,Williams,SAI,31,18,MEDIUM,13,30.284,32.629,26.853,89.766
11,Hungarian Grand Prix,Williams,SAI,32,18,MEDIUM,14,30.362,33.626,24.992,88.98
11,Hungarian Grand Prix,Williams,SAI,33,18,MEDIUM,15,30.469,32.167,24.893,87.529
11,Hungarian Grand Prix,Williams,SAI,34,18,MEDIUM,16,30.228,32.621,26.914,89.763
11,Hungarian Grand Prix,Williams,SAI,35,17,MEDIUM,17,30.993,32.372,25.047,88.412
11,Hungarian Grand Prix,Williams,SAI,36,16,MEDIUM,18,30.705,32.189,24.782,87.676
11,Hungarian Grand Prix,Williams,SAI,37,17,MEDIUM,19,31.697,34.169,25.835,91.701
11,Hungarian Grand Prix,Williams,SAI,38,15,MEDIUM,20,30.304,32.151,24.815,87.27
11,Hungarian Grand Prix,Williams,SAI,39,16,MEDIUM,21,30.328,33.003,25.142,88.473
11,Hungarian Grand Prix,Williams,SAI,40,16,MEDIUM,22,31.023,32.214,25.049,88.286
11,Hungarian Grand Prix,Williams,SAI,41,17,MEDIUM,23,31.004,32.442,25.176,88.622
11,Hungarian Grand Prix,Williams,SAI,42,17,MEDIUM,24,30.323,32.307,24.9,87.53
11,Hungarian Grand Prix,Williams,SAI,43,17,MEDIUM,25,30.278,32.842,27.321,90.441
11,Hungarian Grand Prix,Williams,SAI,44,19,SOFT,4,56.358,31.798,24.231,112.387
11,Hungarian Grand Prix,Williams,SAI,45,19,SOFT,5,30.01,31.935,24.439,86.384
11,Hungarian Grand Prix,Williams,SAI,46,19,SOFT,6,29.881,31.67,24.381,85.932
11,Hungarian Grand Prix,Williams,SAI,47,19,SOFT,7,30.053,31.62,24.612,86.285
11,Hungarian Grand Prix,Williams,SAI,48,19,SOFT,8,30.063,31.562,24.69,86.315
11,Hungarian Grand Prix,Williams,SAI,49,19,SOFT,9,29.915,31.594,24.776,86.285
11,Hungarian Grand Prix,Williams,SAI,50,19,SOFT,10,29.904,31.615,24.675,86.194
11,Hungarian Grand Prix,Williams,SAI,51,19,SOFT,11,29.9,31.644,24.699,86.243
11,Hungarian Grand Prix,Williams,SAI,52,19,SOFT,12,29.928,31.608,24.722,86.258
11,Hungarian Grand Prix,Williams,SAI,53,19,SOFT,13,29.869,31.663,25.8,87.332
11,Hungarian Grand Prix,Williams,SAI,54,19,SOFT,14,29.97,31.863,32.296,94.129
11,Hungarian Grand Prix,Williams,SAI,55,20,SOFT,4,56.008,31.925,23.817,111.75
11,Hungarian Grand Prix,Williams,SAI,56,19,SOFT,5,29.488,31.073,24.303,84.864
11,Hungarian Grand Prix,Williams,SAI,57,19,SOFT,6,30.859,31.308,24.144,86.311
11,Hungarian Grand Prix,Williams,SAI,58,19,SOFT,7,29.559,31.164,24.203,84.926
11,Hungarian Grand Prix,Williams,SAI,59,19,SOFT,8,29.577,31.144,24.473,85.194
11,Hungarian Grand Prix,Williams,SAI,60,19,SOFT,9,31.142,32.592,24.656,88.39
11,Hungarian Grand Prix,Williams,SAI,61,19,SOFT,10,29.949,31.609,25.981,87.539
11,Hungarian Grand Prix,Williams,SAI,62,19,SOFT,11,29.947,31.817,24.687,86.451
11,Hungarian Grand Prix,Williams,SAI,63,19,SOFT,12,29.852,31.731,24.921,86.504
11,Hungarian Grand Prix,Williams,SAI,64,19,SOFT,13,30.198,32.212,24.951,87.361
11,Hungarian Grand Prix,Williams,SAI,65,19,SOFT,14,30.078,32.211,24.896,87.185
11,Hungarian Grand Prix,Williams,SAI,66,19,SOFT,15,30.055,32.449,24.89,87.394
11,Hungarian Grand Prix,Williams,SAI,67,19,SOFT,16,30.766,32.393,25.026,88.185
11,Hungarian Grand Prix,Williams,SAI,68,19,SOFT,17,30.216,32.896,25.578,88.69
11,Hungarian Grand Prix,Red Bull Racing,HAD,1,7,MEDIUM,1,,33.631,24.79,94.347
11,Hungarian Grand Prix,Red Bull Racing,HAD,2,7,MEDIUM,2,29.914,31.737,24.618,86.269
11,Hungarian Grand Prix,Red Bull Racing,HAD,3,7,MEDIUM,3,29.784,31.324,24.785,85.893
11,Hungarian Grand Prix,Red Bull Racing,HAD,4,7,MEDIUM,4,29.955,31.161,24.692,85.808
11,Hungarian Grand Prix,Red Bull Racing,HAD,5,7,MEDIUM,5,29.772,31.37,24.935,86.077
11,Hungarian Grand Prix,Red Bull Racing,HAD,6,7,MEDIUM,6,30.172,31.626,24.769,86.567
11,Hungarian Grand Prix,Red Bull Racing,HAD,7,7,MEDIUM,7,30.193,31.507,24.778,86.478
11,Hungarian Grand Prix,Red Bull Racing,HAD,8,7,MEDIUM,8,30.153,31.764,24.813,86.73
11,Hungarian Grand Prix,Red Bull Racing,HAD,9,7,MEDIUM,9,30.158,31.389,24.709,86.256
11,Hungarian Grand Prix,Red Bull Racing,HAD,10,7,MEDIUM,10,30.08,31.517,24.793,86.39
11,Hungarian Grand Prix,Red Bull Racing,HAD,11,7,MEDIUM,11,30.163,31.71,24.908,86.781
11,Hungarian Grand Prix,Red Bull Racing,HAD,12,7,MEDIUM,12,30.211,31.858,24.719,86.788
11,Hungarian Grand Prix,Red Bull Racing,HAD,13,7,MEDIUM,13,30.182,31.873,24.789,86.844
11,Hungarian Grand Prix,Red Bull Racing,HAD,14,6,MEDIUM,14,30.011,31.984,25.0,86.995
11,Hungarian Grand Prix,Red Bull Racing,HAD,15,5,MEDIUM,15,30.197,31.69,24.871,86.758
11,Hungarian Grand Prix,Red Bull Racing,HAD,16,5,MEDIUM,16,30.143,31.806,24.93,86.879
11,Hungarian Grand Prix,Red Bull Racing,HAD,17,3,MEDIUM,17,30.25,32.061,25.006,87.317
11,Hungarian Grand Prix,Red Bull Racing,HAD,18,2,MEDIUM,18,30.266,31.803,24.87,86.939
11,Hungarian Grand Prix,Red Bull Racing,HAD,19,7,MEDIUM,19,31.271,33.286,27.025,91.582
11,Hungarian Grand Prix,Red Bull Racing,HAD,20,10,HARD,1,49.238,31.313,24.121,104.672
11,Hungarian Grand Prix,Red Bull Racing,HAD,21,9,HARD,2,29.423,30.909,24.311,84.643
11,Hungarian Grand Prix,Red Bull Racing,HAD,22,8,HARD,3,29.66,30.912,24.211,84.783
11,Hungarian Grand Prix,Red Bull Racing,HAD,23,8,HARD,4,29.552,31.049,24.307,84.908
11,Hungarian Grand Prix,Red Bull Racing,HAD,24,8,HARD,5,29.676,30.849,24.417,84.942
11,Hungarian Grand Prix,Red Bull Racing,HAD,25,8,HARD,6,29.73,30.973,24.43,85.133
11,Hungarian Grand Prix,Red Bull Racing,HAD,26,8,HARD,7,29.806,31.136,24.604,85.546
11,Hungarian Grand Prix,Red Bull Racing,HAD,27,8,HARD,8,29.858,31.285,24.605,85.748
11,Hungarian Grand Prix,Red Bull Racing,HAD,28,7,HARD,9,29.8,31.074,24.695,85.569
11,Hungarian Grand Prix,Red Bull Racing,HAD,29,7,HARD,10,29.72,31.128,24.595,85.443
11,Hungarian Grand Prix,Red Bull Racing,HAD,30,7,HARD,11,29.81,31.202,24.554,85.566
11,Hungarian Grand Prix,Red Bull Racing,HAD,31,6,HARD,12,30.038,31.139,24.661,85.838
11,Hungarian Grand Prix,Red Bull Racing,HAD,32,7,HARD,13,30.276,31.42,24.692,86.388
11,Hungarian Grand Prix,Red Bull Racing,HAD,33,7,HARD,14,29.802,31.103,24.582,85.487
11,Hungarian Grand Prix,Red Bull Racing,HAD,34,7,HARD,15,29.898,31.077,24.518,85.493
11,Hungarian Grand Prix,Red Bull Racing,HAD,35,7,HARD,16,29.761,31.192,24.542,85.495
11,Hungarian Grand Prix,Red Bull Racing,HAD,36,7,HARD,17,29.826,31.221,24.601,85.648
11,Hungarian Grand Prix,Red Bull Racing,HAD,37,6,HARD,18,30.604,32.469,24.724,87.797
11,Hungarian Grand Prix,Red Bull Racing,HAD,38,7,HARD,19,30.377,31.799,24.758,86.934
11,Hungarian Grand Prix,Red Bull Racing,HAD,39,7,HARD,20,30.248,32.297,24.987,87.532
11,Hungarian Grand Prix,Red Bull Racing,HAD,40,7,HARD,21,30.443,32.175,24.969,87.587
11,Hungarian Grand Prix,Red Bull Racing,HAD,41,7,HARD,22,30.195,31.354,24.521,86.07
11,Hungarian Grand Prix,Red Bull Racing,HAD,42,7,HARD,23,29.684,31.392,26.852,87.928
11,Hungarian Grand Prix,Red Bull Racing,HAD,43,8,HARD,1,48.938,30.776,23.707,103.421
11,Hungarian Grand Prix,Red Bull Racing,HAD,44,8,HARD,2,29.33,30.587,23.713,83.63
11,Hungarian Grand Prix,Red Bull Racing,HAD,45,8,HARD,3,29.036,30.278,23.904,83.218
11,Hungarian Grand Prix,Red Bull Racing,HAD,46,8,HARD,4,29.387,30.524,24.634,84.545
11,Hungarian Grand Prix,Red Bull Racing,HAD,47,8,HARD,5,29.235,30.492,23.907,83.634
11,Hungarian Grand Prix,Red Bull Racing,HAD,48,8,HARD,6,29.357,30.533,24.058,83.948
11,Hungarian Grand Prix,Red Bull Racing,HAD,49,8,HARD,7,29.519,30.65,24.3,84.469
11,Hungarian Grand Prix,Red Bull Racing,HAD,50,8,HARD,8,29.584,30.923,24.097,84.604
11,Hungarian Grand Prix,Red Bull Racing,HAD,51,8,HARD,9,29.304,30.402,24.037,83.743
11,Hungarian Grand Prix,Red Bull Racing,HAD,52,8,HARD,10,29.376,30.387,24.359,84.122
11,Hungarian Grand Prix,Red Bull Racing,HAD,53,8,HARD,11,29.472,30.443,24.128,84.043
11,Hungarian Grand Prix,Red Bull Racing,HAD,54,8,HARD,12,29.561,30.518,24.235,84.314
11,Hungarian Grand Prix,Red Bull Racing,HAD,55,7,HARD,13,29.505,30.502,24.253,84.26
11,Hungarian Grand Prix,Red Bull Racing,HAD,56,6,HARD,14,39.333,36.721,30.032,106.086
11,Hungarian Grand Prix,Red Bull Racing,HAD,57,6,HARD,15,29.79,31.466,24.094,85.35
11,Hungarian Grand Prix,Red Bull Racing,HAD,58,6,HARD,16,29.362,30.566,23.959,83.887
11,Hungarian Grand Prix,Red Bull Racing,HAD,59,6,HARD,17,29.312,30.553,24.021,83.886
11,Hungarian Grand Prix,Red Bull Racing,HAD,60,6,HARD,18,29.23,30.56,24.096,83.886
11,Hungarian Grand Prix,Red Bull Racing,HAD,61,6,HARD,19,29.218,30.607,24.389,84.214
11,Hungarian Grand Prix,Red Bull Racing,HAD,62,6,HARD,20,29.28,30.64,24.43,84.35
11,Hungarian Grand Prix,Red Bull Racing,HAD,63,6,HARD,21,29.406,30.675,24.623,84.704
11,Hungarian Grand Prix,Red Bull Racing,HAD,64,6,HARD,22,29.58,30.99,24.416,84.986
11,Hungarian Grand Prix,Red Bull Racing,HAD,65,6,HARD,23,29.342,30.796,24.371,84.509
11,Hungarian Grand Prix,Red Bull Racing,HAD,66,6,HARD,24,29.469,30.793,24.262,84.524
11,Hungarian Grand Prix,Red Bull Racing,HAD,67,6,HARD,25,29.351,30.551,24.308,84.21
11,Hungarian Grand Prix,Red Bull Racing,HAD,68,6,HARD,26,29.324,30.532,24.267,84.123
11,Hungarian Grand Prix,Red Bull Racing,HAD,69,6,HARD,27,29.312,30.627,24.093,84.032
11,Hungarian Grand Prix,Red Bull Racing,HAD,70,6,HARD,28,29.27,30.574,24.278,84.122
11,Hungarian Grand Prix,Mercedes,RUS,1,19,MEDIUM,1,,35.466,25.324,100.218
11,Hungarian Grand Prix,Mercedes,RUS,2,18,MEDIUM,2,30.348,32.619,25.419,88.386
11,Hungarian Grand Prix,Mercedes,RUS,3,17,MEDIUM,3,30.126,32.082,25.199,87.407
11,Hungarian Grand Prix,Mercedes,RUS,4,16,MEDIUM,4,30.248,32.151,24.865,87.264
11,Hungarian Grand Prix,Mercedes,RUS,5,15,MEDIUM,5,30.409,31.947,24.983,87.339
11,Hungarian Grand Prix,Mercedes,RUS,6,14,MEDIUM,6,30.213,31.457,24.886,86.556
11,Hungarian Grand Prix,Mercedes,RUS,7,14,MEDIUM,7,30.297,31.835,25.033,87.165
11,Hungarian Grand Prix,Mercedes,RUS,8,13,MEDIUM,8,29.927,32.534,24.887,87.348
11,Hungarian Grand Prix,Mercedes,RUS,9,12,MEDIUM,9,30.03,31.452,24.593,86.075
11,Hungarian Grand Prix,Mercedes,RUS,10,12,MEDIUM,10,30.301,31.612,24.77,86.683
11,Hungarian Grand Prix,Mercedes,RUS,11,12,MEDIUM,11,30.248,32.188,25.186,87.622
11,Hungarian Grand Prix,Mercedes,RUS,12,11,MEDIUM,12,30.218,31.77,24.697,86.685
11,Hungarian Grand Prix,Mercedes,RUS,13,11,MEDIUM,13,30.073,31.576,24.608,86.257
11,Hungarian Grand Prix,Mercedes,RUS,14,11,MEDIUM,14,30.111,31.801,24.685,86.597
11,Hungarian Grand Prix,Mercedes,RUS,15,11,MEDIUM,15,30.118,31.735,24.861,86.714
11,Hungarian Grand Prix,Mercedes,RUS,16,11,MEDIUM,16,30.327,32.137,24.768,87.232
11,Hungarian Grand Prix,Mercedes,RUS,17,10,MEDIUM,17,30.175,31.706,24.633,86.514
11,Hungarian Grand Prix,Mercedes,RUS,18,9,MEDIUM,18,29.896,31.614,24.572,86.082
11,Hungarian Grand Prix,Mercedes,RUS,19,9,MEDIUM,19,30.099,31.518,24.629,86.246
11,Hungarian Grand Prix,Mercedes,RUS,20,8,MEDIUM,20,30.08,31.852,24.771,86.703
11,Hungarian Grand Prix,Mercedes,RUS,21,7,MEDIUM,21,29.987,31.484,24.483,85.954
11,Hungarian Grand Prix,Mercedes,RUS,22,7,MEDIUM,22,29.928,31.314,24.367,85.609
11,Hungarian Grand Prix,Mercedes,RUS,23,7,MEDIUM,23,30.103,31.527,24.446,86.076
11,Hungarian Grand Prix,Mercedes,RUS,24,7,MEDIUM,24,30.002,31.642,24.562,86.206
11,Hungarian Grand Prix,Mercedes,RUS,25,7,MEDIUM,25,30.109,31.59,24.625,86.324
11,Hungarian Grand Prix,Mercedes,RUS,26,7,MEDIUM,26,30.094,31.753,24.89,86.737
11,Hungarian Grand Prix,Mercedes,RUS,27,7,MEDIUM,27,30.276,31.788,27.46,89.524
11,Hungarian Grand Prix,Mercedes,RUS,28,9,HARD,1,49.793,31.324,23.944,105.061
11,Hungarian Grand Prix,Mercedes,RUS,29,8,HARD,2,29.581,30.878,23.82,84.279
11,Hungarian Grand Prix,Mercedes,RUS,30,8,HARD,3,29.519,30.584,23.91,84.013
11,Hungarian Grand Prix,Mercedes,RUS,31,8,HARD,4,29.578,30.598,23.956,84.132
11,Hungarian Grand Prix,Mercedes,RUS,32,8,HARD,5,29.475,30.581,24.047,84.103
11,Hungarian Grand Prix,Mercedes,RUS,33,8,HARD,6,29.574,30.763,24.045,84.382
11,Hungarian Grand Prix,Mercedes,RUS,34,8,HARD,7,29.604,31.123,24.346,85.073
11,Hungarian Grand Prix,Mercedes,RUS,35,8,HARD,8,29.703,30.917,24.039,84.659
11,Hungarian Grand Prix,Mercedes,RUS,36,8,HARD,9,29.619,30.799,24.166,84.584
11,Hungarian Grand Prix,Mercedes,RUS,37,8,HARD,10,29.606,30.878,24.186,84.67
11,Hungarian Grand Prix,Mercedes,RUS,38,8,HARD,11,29.743,31.149,24.325,85.217
11,Hungarian Grand Prix,Mercedes,RUS,39,8,HARD,12,29.815,31.368,24.624,85.807
11,Hungarian Grand Prix,Mercedes,RUS,40,8,HARD,13,30.19,32.5,24.71,87.4
11,Hungarian Grand Prix,Mercedes,RUS,41,8,HARD,14,29.95,32.07,24.778,86.798
11,Hungarian Grand Prix,Mercedes,RUS,42,8,HARD,15,29.799,31.259,24.282,85.34
11,Hungarian Grand Prix,Mercedes,RUS,43,7,HARD,16,29.723,31.006,24.279,85.008
11,Hungarian Grand Prix,Mercedes,RUS,44,7,HARD,17,29.714,31.342,24.243,85.299
11,Hungarian Grand Prix,Mercedes,RUS,45,7,HARD,18,29.47,30.898,24.177,84.545
11,Hungarian Grand Prix,Mercedes,RUS,46,7,HARD,19,29.698,30.9,24.164,84.762
11,Hungarian Grand Prix,Mercedes,RUS,47,7,HARD,20,29.715,30.96,24.109,84.784
11,Hungarian Grand Prix,Mercedes,RUS,48,7,HARD,21,29.736,30.842,24.572,85.15
11,Hungarian Grand Prix,Mercedes,RUS,49,7,HARD,22,29.647,31.161,24.456,85.264
11,Hungarian Grand Prix,Mercedes,RUS,50,7,HARD,23,29.745,31.608,24.31,85.663
11,Hungarian Grand Prix,Mercedes,RUS,51,7,HARD,24,29.607,31.182,24.261,85.05
11,Hungarian Grand Prix,Mercedes,RUS,52,7,HARD,25,29.742,31.159,24.445,85.346
11,Hungarian Grand Prix,Mercedes,RUS,53,7,HARD,26,29.764,31.016,24.306,85.086
11,Hungarian Grand Prix,Mercedes,RUS,54,7,HARD,27,29.747,31.162,27.123,88.032
11,Hungarian Grand Prix,Mercedes,RUS,55,8,HARD,1,48.995,30.532,24.145,103.672
11,Hungarian Grand Prix,Mercedes,RUS,56,7,HARD,2,45.619,35.448,25.161,106.228
11,Hungarian Grand Prix,Mercedes,RUS,57,7,HARD,3,29.096,30.087,23.419,82.602
11,Hungarian Grand Prix,Mercedes,RUS,58,7,HARD,4,28.963,30.209,23.417,82.589
11,Hungarian Grand Prix,Mercedes,RUS,59,7,HARD,5,29.061,30.099,23.55,82.71
11,Hungarian Grand Prix,Mercedes,RUS,60,7,HARD,6,28.966,30.036,23.741,82.743
11,Hungarian Grand Prix,Mercedes,RUS,61,7,HARD,7,29.284,30.988,24.087,84.359
11,Hungarian Grand Prix,Mercedes,RUS,62,7,HARD,8,29.179,30.359,23.999,83.537
11,Hungarian Grand Prix,Mercedes,RUS,63,7,HARD,9,29.266,30.703,24.188,84.157
11,Hungarian Grand Prix,Mercedes,RUS,64,7,HARD,10,29.286,30.453,23.928,83.667
11,Hungarian Grand Prix,Mercedes,RUS,65,7,HARD,11,29.229,30.185,23.804,83.218
11,Hungarian Grand Prix,Mercedes,RUS,66,7,HARD,12,29.064,30.212,23.667,82.943
11,Hungarian Grand Prix,Mercedes,RUS,67,7,HARD,13,29.162,30.191,23.902,83.255
11,Hungarian Grand Prix,Mercedes,RUS,68,7,HARD,14,29.515,30.247,23.886,83.648
11,Hungarian Grand Prix,Mercedes,RUS,69,7,HARD,15,29.147,30.441,23.978,83.566
11,Hungarian Grand Prix,Mercedes,RUS,70,7,HARD,16,29.12,30.525,24.114,83.759
11,Hungarian Grand Prix,Cadillac,BOT,1,21,MEDIUM,1,,35.927,25.514,100.812
11,Hungarian Grand Prix,Cadillac,BOT,2,20,MEDIUM,2,30.756,33.966,25.268,89.99
11,Hungarian Grand Prix,Cadillac,BOT,3,21,MEDIUM,3,30.802,33.267,25.086,89.155
11,Hungarian Grand Prix,Cadillac,BOT,4,21,MEDIUM,4,30.228,32.521,25.21,87.959
11,Hungarian Grand Prix,Cadillac,BOT,5,21,MEDIUM,5,30.631,32.867,25.656,89.154
11,Hungarian Grand Prix,Cadillac,BOT,6,21,MEDIUM,6,30.811,32.728,25.308,88.847
11,Hungarian Grand Prix,Cadillac,BOT,7,21,MEDIUM,7,30.775,32.581,25.408,88.764
11,Hungarian Grand Prix,Cadillac,BOT,8,21,MEDIUM,8,30.781,32.829,25.393,89.003
11,Hungarian Grand Prix,Cadillac,BOT,9,20,MEDIUM,9,30.741,32.668,25.393,88.802
11,Hungarian Grand Prix,Cadillac,BOT,10,20,MEDIUM,10,30.863,32.583,25.428,88.874
11,Hungarian Grand Prix,Cadillac,BOT,11,20,MEDIUM,11,30.865,32.737,25.333,88.935
11,Hungarian Grand Prix,Cadillac,BOT,12,20,MEDIUM,12,30.838,33.109,25.397,89.344
11,Hungarian Grand Prix,Cadillac,BOT,13,20,MEDIUM,13,30.918,33.119,25.584,89.621
11,Hungarian Grand Prix,Cadillac,BOT,14,22,MEDIUM,14,31.423,47.298,,
11,Hungarian Grand Prix,McLaren,PIA,1,1,MEDIUM,1,,31.562,24.279,90.286
11,Hungarian Grand Prix,McLaren,PIA,2,1,MEDIUM,2,30.06,31.643,24.357,86.06
11,Hungarian Grand Prix,McLaren,PIA,3,1,MEDIUM,3,29.724,31.241,24.307,85.272
11,Hungarian Grand Prix,McLaren,PIA,4,1,MEDIUM,4,29.886,30.996,24.272,85.154
11,Hungarian Grand Prix,McLaren,PIA,5,1,MEDIUM,5,29.943,30.799,24.353,85.095
11,Hungarian Grand Prix,McLaren,PIA,6,1,MEDIUM,6,29.906,30.915,24.209,85.03
11,Hungarian Grand Prix,McLaren,PIA,7,1,MEDIUM,7,29.709,30.842,24.289,84.84
11,Hungarian Grand Prix,McLaren,PIA,8,1,MEDIUM,8,29.871,31.214,24.254,85.339
11,Hungarian Grand Prix,McLaren,PIA,9,1,MEDIUM,9,29.95,31.135,24.304,85.389
11,Hungarian Grand Prix,McLaren,PIA,10,1,MEDIUM,10,30.07,31.273,24.323,85.666
11,Hungarian Grand Prix,McLaren,PIA,11,1,MEDIUM,11,29.889,31.287,24.242,85.418
11,Hungarian Grand Prix,McLaren,PIA,12,1,MEDIUM,12,30.109,31.361,24.328,85.798
11,Hungarian Grand Prix,McLaren,PIA,13,1,MEDIUM,13,30.154,31.437,24.334,85.925
11,Hungarian Grand Prix,McLaren,PIA,14,1,MEDIUM,14,29.975,31.288,24.418,85.681
11,Hungarian Grand Prix,McLaren,PIA,15,1,MEDIUM,15,29.977,31.206,24.46,85.643
11,Hungarian Grand Prix,McLaren,PIA,16,2,MEDIUM,16,29.969,31.544,27.005,88.518
11,Hungarian Grand Prix,McLaren,PIA,17,4,HARD,1,49.324,31.538,23.863,104.725
11,Hungarian Grand Prix,McLaren,PIA,18,3,HARD,2,29.784,32.12,24.572,86.476
11,Hungarian Grand Prix,McLaren,PIA,19,2,HARD,3,29.894,31.004,23.945,84.843
11,Hungarian Grand Prix,McLaren,PIA,20,2,HARD,4,29.671,30.871,23.965,84.507
11,Hungarian Grand Prix,McLaren,PIA,21,2,HARD,5,29.588,30.799,24.059,84.446
11,Hungarian Grand Prix,McLaren,PIA,22,2,HARD,6,29.594,30.746,23.942,84.282
11,Hungarian Grand Prix,McLaren,PIA,23,1,HARD,7,29.726,30.744,24.008,84.478
11,Hungarian Grand Prix,McLaren,PIA,24,1,HARD,8,29.682,30.855,24.255,84.792
11,Hungarian Grand Prix,McLaren,PIA,25,1,HARD,9,29.781,31.03,24.146,84.957
11,Hungarian Grand Prix,McLaren,PIA,26,1,HARD,10,29.921,31.188,24.296,85.405
11,Hungarian Grand Prix,McLaren,PIA,27,1,HARD,11,30.015,31.119,24.331,85.465
11,Hungarian Grand Prix,McLaren,PIA,28,1,HARD,12,29.764,31.075,24.283,85.122
11,Hungarian Grand Prix,McLaren,PIA,29,1,HARD,13,29.798,31.453,24.581,85.832
11,Hungarian Grand Prix,McLaren,PIA,30,1,HARD,14,29.89,31.298,24.547,85.735
11,Hungarian Grand Prix,McLaren,PIA,31,1,HARD,15,29.899,31.419,24.525,85.843
11,Hungarian Grand Prix,McLaren,PIA,32,1,HARD,16,29.876,31.514,24.441,85.831
11,Hungarian Grand Prix,McLaren,PIA,33,2,HARD,17,29.767,31.242,27.004,88.013
11,Hungarian Grand Prix,McLaren,PIA,34,5,HARD,1,48.957,31.219,23.923,104.099
11,Hungarian Grand Prix,McLaren,PIA,35,5,HARD,2,29.357,30.737,23.802,83.896
11,Hungarian Grand Prix,McLaren,PIA,36,5,HARD,3,29.353,30.827,23.955,84.135
11,Hungarian Grand Prix,McLaren,PIA,37,4,HARD,4,29.467,31.593,24.446,85.506
11,Hungarian Grand Prix,McLaren,PIA,38,4,HARD,5,31.026,31.507,23.831,86.364
11,Hungarian Grand Prix,McLaren,PIA,39,4,HARD,6,29.404,31.077,23.921,84.402
11,Hungarian Grand Prix,McLaren,PIA,40,4,HARD,7,29.659,31.134,24.08,84.873
11,Hungarian Grand Prix,McLaren,PIA,41,4,HARD,8,29.639,30.857,23.889,84.385
11,Hungarian Grand Prix,McLaren,PIA,42,3,HARD,9,29.527,30.759,23.986,84.272
11,Hungarian Grand Prix,McLaren,PIA,43,3,HARD,10,29.514,30.687,23.881,84.082
11,Hungarian Grand Prix,McLaren,PIA,44,3,HARD,11,29.658,30.694,24.056,84.408
11,Hungarian Grand Prix,McLaren,PIA,45,3,HARD,12,29.608,30.704,23.994,84.306
11,Hungarian Grand Prix,McLaren,PIA,46,3,HARD,13,29.464,30.753,24.08,84.297
11,Hungarian Grand Prix,McLaren,PIA,47,3,HARD,14,29.382,30.719,24.148,84.249
11,Hungarian Grand Prix,McLaren,PIA,48,3,HARD,15,29.585,31.019,24.083,84.687
11,Hungarian Grand Prix,McLaren,PIA,49,3,HARD,16,29.638,30.907,24.531,85.076
11,Hungarian Grand Prix,McLaren,PIA,50,3,HARD,17,29.439,30.809,24.147,84.395
11,Hungarian Grand Prix,McLaren,PIA,51,3,HARD,18,29.62,30.825,24.269,84.714
11,Hungarian Grand Prix,McLaren,PIA,52,3,HARD,19,29.53,30.739,24.104,84.373
11,Hungarian Grand Prix,McLaren,PIA,53,3,HARD,20,29.447,30.842,24.263,84.552
11,Hungarian Grand Prix,McLaren,PIA,54,2,HARD,21,29.479,30.972,24.149,84.6
11,Hungarian Grand Prix,McLaren,PIA,55,2,HARD,22,29.497,30.874,24.225,84.596
11,Hungarian Grand Prix,McLaren,PIA,56,,HARD,23,,,,
11,Hungarian Grand Prix,Haas F1 Team,BEA,1,16,MEDIUM,1,,34.798,25.516,98.777
11,Hungarian Grand Prix,Haas F1 Team,BEA,2,16,MEDIUM,2,30.409,33.014,25.496,88.919
11,Hungarian Grand Prix,Haas F1 Team,BEA,3,16,MEDIUM,3,30.314,32.534,25.16,88.008
11,Hungarian Grand Prix,Haas F1 Team,BEA,4,17,MEDIUM,4,31.042,32.569,25.112,88.723
11,Hungarian Grand Prix,Haas F1 Team,BEA,5,17,MEDIUM,5,30.47,32.566,25.426,88.462
11,Hungarian Grand Prix,Haas F1 Team,BEA,6,17,MEDIUM,6,30.702,32.327,25.083,88.112
11,Hungarian Grand Prix,Haas F1 Team,BEA,7,17,MEDIUM,7,30.754,32.15,25.278,88.182
11,Hungarian Grand Prix,Haas F1 Team,BEA,8,17,MEDIUM,8,30.562,32.228,25.243,88.033
11,Hungarian Grand Prix,Haas F1 Team,BEA,9,17,MEDIUM,9,30.516,32.302,25.267,88.085
11,Hungarian Grand Prix,Haas F1 Team,BEA,10,17,MEDIUM,10,30.609,32.357,25.266,88.232
11,Hungarian Grand Prix,Haas F1 Team,BEA,11,17,MEDIUM,11,30.515,32.376,25.238,88.129
11,Hungarian Grand Prix,Haas F1 Team,BEA,12,17,MEDIUM,12,30.614,32.4,25.345,88.359
11,Hungarian Grand Prix,Haas F1 Team,BEA,13,17,MEDIUM,13,30.553,32.548,25.511,88.612
11,Hungarian Grand Prix,Haas F1 Team,BEA,14,17,MEDIUM,14,30.473,32.516,25.523,88.512
11,Hungarian Grand Prix,Haas F1 Team,BEA,15,17,MEDIUM,15,30.707,32.447,25.335,88.489
11,Hungarian Grand Prix,Haas F1 Team,BEA,16,16,MEDIUM,16,30.505,32.446,25.432,88.383
11,Hungarian Grand Prix,Haas F1 Team,BEA,17,15,MEDIUM,17,30.558,32.515,25.29,88.363
11,Hungarian Grand Prix,Haas F1 Team,BEA,18,14,MEDIUM,18,30.265,32.349,25.284,87.898
11,Hungarian Grand Prix,Haas F1 Team,BEA,19,14,MEDIUM,19,30.512,32.371,25.2,88.083
11,Hungarian Grand Prix,Haas F1 Team,BEA,20,14,MEDIUM,20,30.325,32.526,25.505,88.356
11,Hungarian Grand Prix,Haas F1 Team,BEA,21,14,MEDIUM,21,30.661,32.902,25.632,89.195
11,Hungarian Grand Prix,Haas F1 Team,BEA,22,15,MEDIUM,22,31.139,32.643,27.222,91.004
11,Hungarian Grand Prix,Haas F1 Team,BEA,23,20,HARD,1,49.703,31.662,24.475,105.84
11,Hungarian Grand Prix,Haas F1 Team,BEA,24,20,HARD,2,29.78,31.576,24.528,85.884
11,Hungarian Grand Prix,Haas F1 Team,BEA,25,20,HARD,3,30.035,31.785,24.807,86.627
11,Hungarian Grand Prix,Haas F1 Team,BEA,26,20,HARD,4,30.284,31.879,24.815,86.978
11,Hungarian Grand Prix,Haas F1 Team,BEA,27,19,HARD,5,30.154,31.857,24.961,86.972
11,Hungarian Grand Prix,Haas F1 Team,BEA,28,19,HARD,6,30.106,32.018,24.991,87.115
11,Hungarian Grand Prix,Haas F1 Team,BEA,29,19,HARD,7,30.165,31.898,25.059,87.122
11,Hungarian Grand Prix,Haas F1 Team,BEA,30,19,HARD,8,30.262,31.95,25.17,87.382
11,Hungarian Grand Prix,Haas F1 Team,BEA,31,19,HARD,9,31.717,32.852,25.261,89.83
11,Hungarian Grand Prix,Haas F1 Team,BEA,32,19,HARD,10,31.352,32.333,25.453,89.138
11,Hungarian Grand Prix,Haas F1 Team,BEA,33,19,HARD,11,30.525,32.032,27.074,89.631
11,Hungarian Grand Prix,Haas F1 Team,BEA,34,19,HARD,12,30.243,32.075,25.29,87.608
11,Hungarian Grand Prix,Haas F1 Team,BEA,35,18,HARD,13,30.585,32.417,25.267,88.269
11,Hungarian Grand Prix,Haas F1 Team,BEA,36,18,HARD,14,30.656,32.694,25.889,89.239
11,Hungarian Grand Prix,Haas F1 Team,BEA,37,18,HARD,15,30.188,33.682,26.045,89.915
11,Hungarian Grand Prix,Haas F1 Team,BEA,38,18,HARD,16,37.71,33.076,25.514,96.3
11,Hungarian Grand Prix,Haas F1 Team,BEA,39,18,HARD,17,30.338,31.987,24.967,87.292
11,Hungarian Grand Prix,Haas F1 Team,BEA,40,18,HARD,18,31.395,32.288,24.951,88.634
11,Hungarian Grand Prix,Haas F1 Team,BEA,41,19,HARD,19,32.005,32.494,25.195,89.694
11,Hungarian Grand Prix,Haas F1 Team,BEA,42,20,HARD,20,30.186,32.071,27.115,89.372
11,Hungarian Grand Prix,Haas F1 Team,BEA,43,20,HARD,1,49.684,31.738,24.494,105.916
11,Hungarian Grand Prix,Haas F1 Team,BEA,44,20,HARD,2,29.83,31.724,24.619,86.173
11,Hungarian Grand Prix,Haas F1 Team,BEA,45,20,HARD,3,29.875,31.69,24.669,86.234
11,Hungarian Grand Prix,Haas F1 Team,BEA,46,20,HARD,4,29.907,31.724,24.683,86.314
11,Hungarian Grand Prix,Haas F1 Team,BEA,47,20,HARD,5,30.057,31.664,24.746,86.467
11,Hungarian Grand Prix,Haas F1 Team,BEA,48,20,HARD,6,29.978,31.521,24.668,86.167
11,Hungarian Grand Prix,Haas F1 Team,BEA,49,20,HARD,7,29.79,31.496,24.898,86.184
11,Hungarian Grand Prix,Haas F1 Team,BEA,50,20,HARD,8,31.176,32.4,24.713,88.289
11,Hungarian Grand Prix,Haas F1 Team,BEA,51,20,HARD,9,29.982,31.683,24.749,86.414
11,Hungarian Grand Prix,Haas F1 Team,BEA,52,20,HARD,10,30.89,31.678,24.717,87.285
11,Hungarian Grand Prix,Haas F1 Team,BEA,53,20,HARD,11,30.026,31.687,24.822,86.535
11,Hungarian Grand Prix,Haas F1 Team,BEA,54,20,HARD,12,29.971,32.315,32.35,94.636
11,Hungarian Grand Prix,Haas F1 Team,BEA,55,18,HARD,13,40.594,34.044,25.507,100.145
11,Hungarian Grand Prix,Haas F1 Team,BEA,56,17,HARD,14,30.703,31.699,24.627,87.029
11,Hungarian Grand Prix,Haas F1 Team,BEA,57,17,HARD,15,30.26,31.544,24.612,86.416
11,Hungarian Grand Prix,Haas F1 Team,BEA,58,17,HARD,16,30.003,31.649,24.711,86.363
11,Hungarian Grand Prix,Haas F1 Team,BEA,59,17,HARD,17,30.601,31.969,24.575,87.145
11,Hungarian Grand Prix,Haas F1 Team,BEA,60,17,HARD,18,29.926,31.96,25.025,86.911
11,Hungarian Grand Prix,Haas F1 Team,BEA,61,17,HARD,19,31.502,32.049,25.134,88.685
11,Hungarian Grand Prix,Haas F1 Team,BEA,62,17,HARD,20,30.059,31.681,25.363,87.103
11,Hungarian Grand Prix,Haas F1 Team,BEA,63,17,HARD,21,30.001,32.12,25.263,87.384
11,Hungarian Grand Prix,Haas F1 Team,BEA,64,17,HARD,22,29.816,32.174,25.045,87.035
11,Hungarian Grand Prix,Haas F1 Team,BEA,65,17,HARD,23,29.862,32.295,25.131,87.288
11,Hungarian Grand Prix,Haas F1 Team,BEA,66,17,HARD,24,29.974,32.511,25.157,87.642
11,Hungarian Grand Prix,Haas F1 Team,BEA,67,17,HARD,25,30.176,32.536,25.188,87.9
11,Hungarian Grand Prix,Haas F1 Team,BEA,68,17,HARD,26,30.338,33.073,25.549,88.96
